Workbook
Name flag_pin_historical: Thresholds!$D$13
Name flag_pin_perc: Thresholds!$D$12
Name perc_1st_2nd: Thresholds!$D$9
Name perc_1st_3rd: Thresholds!$D$10
Name pin_perc: 'PiN Visuals'!$B$5:$F$16
Name sectors_sev_4: Thresholds!$D$29
Name sectors_sev_5: Thresholds!$D$28
Name Slicer_Population_Group: #N/A
Name Slicer_Population_Group1: #N/A
Name zero_pin_thresh: Thresholds!$D$8

Sheet Read Me
A1: JIAF 2 Tool 3: PiN & Severity estimation template
A3: Warnings for all sheets! | B3: Pre-set data checks have been coded into the template and they will be implemented as soon as sector data is inserted into the template. OCHA analysis teams are free to modify the template, including additional checks or removing any checks that are deemed not useful by the analysis team. At a minimum, the following columns will need to be updated by the teams: ID: A unique identifier, automatically generated and required to link certain formulas. Do not change or delete. Geographic and Population related columns: Do not delete columns for admin units and population group; please just hide any column if not needed. Sectoral Data: sectoral header names can be changed; sector columns can be removed or added in between the first and last collumn (but do not remove the first and the last sector columns); make sure the order of the sector names match the order of their percentage column and if new sector columns are added make sure to write the formula for the percentage calculation. More importantly, Do not delete the first and last column of the sectoral data section.
A5: Sheet | B5: Description
A6: Thresholds | B6: Thresholds - Flagging criteria & thresholds: OCHA analysis team to adjust if necessary the thresholds for pre-set data checks as per agreements with partners. - Sub-population group sectors: OCHA analysis team to list all sectors targeting sub-population groups (e.g. kids, women, IDPs) in their context.
A7: Overall PiN | B7: Preliminary PiN: Highest PiN among the Sector PINs is automatically taken as the preliminary PiN.
B8: Flags and Outlier Checks: Please note that the analysis team could decide to adjust the thresholds of these indicators, in the Threshold spreadshee or eliminate flags that they consider not relevant to their contexts
B9: Number of missing or zero PiN: OCHA analysis team to decide the threshold for accepted number of sectors at unit level not to provide a PiN value or have zero PiN.
B10: Highest PiN close to the total affected population: OCHA analysis team to decide the threshold of acceptable proportion of people in need to the affected population at unit level.
B11: Highest Sector targets only a subset of the affected population: OCHA analysis team to decide the sectors that target only a subset of the affected population.
B12: Difference b/w highest and 2nd highest: OCHA analysis team to decide whether certain outliers between highest sector with 2nd or 3rd highest require flagging for review and to enter 'Flagged' in the column.
B13: Difference b/w highest and 3rd highest: OCHA analysis team to decide whether certain outliers between highest sector with 2nd or 3rd highest require flagging for review and to enter 'Flagged' in the column.
B14: % Difference between this HNO's highest or 2nd highest sector PiN to same sector in the last HNO: OCHA analysis team to decide the threshold of change for this HNO's highest or 2nd higehst sector PiN and last HNO's PiN for the same sector.
A15: PiN Historical Trend | B15: This table can be used to compare current sector PiNs to the previous year's PiNs to identify increases or decreases. The current PIN will be automatically loaded from the Overal PIN spreadsheet, provided that the unique ID of the rows match. The Previous year's HNO data needs to be loaded in the Historical Trend spreadsheet. Formulas will automatically calculate the %change from previous to current year and highlights area where PiN is 50% higher or lower than the last HNO's PiN for further investigation. Countries can decide to change this 50% threshold according to their context.
A16: PiN Visulas | B16: Two visuals that can help better understand sectoral PiN affecting percentage of affected population and the percentage of change from one HNO to the last distribution.
A17: Intersectoral Severity | B17: # of sectors falling under severity phases: The number of sectors fallen under each severity phase can help better understand and see the relationship of the sectoral severities to the preliminary intersectoral severity. Preliminary Intersectoral Severity: preliminary intersectoral severity is automatically calculated according to the logical formula. Flags and Outlier Checks: Some sectors having severity phase 5 or 4: OCHA analysis team to decide number of sectors in phase 5 or 4 to be flagged and reviewed to confirm the concentration of high sectoral severities . Variation between preliminary severity and outcome indicators: preliminary intersectoral severity is higher or lower then outcome indicators (by 1 or more).
A18: Reference Table indicators | B18: Fill in reference table indicators data at unit level to automatically calculate the severity of the indicator which will be used to compare the intersectoral severity results with. If any indicators are added, removed or modified, please make sure that the formulas correctly reflect these changes.

Sheet Thresholds
C1: Please do not delete this sheet or tables in this sheet!
C3: Tables in this sheet are being used in formulas in other sheets!
B6: PiN Flagging criteria & thresholds | D6: Please assign the thresholds relevant for your country
A7: Flag Name | B7: Flag Description | C7: Recommended Threshold | D7: Country Threshold | E7: Explanation for proposing another threshold | F7: Purpose
B8: # Sectors with 0 PiN | C8: 2 | D8: 5 | F8: To flag potential data quality issue
A9: % Difference between 1st and 2nd highest PIN | B9: % difference threshold between 1st and 2nd highest PiN greater than 30% | C9: 0.3 | D9: 0.3 | F9: To identify areas to manual review
A10: % Difference between 1st and 3rd highest PIN | B10: % difference threshold between 1st and 3rd highest PiN greater than 50% | C10: 0.5 | D10: 0.5 | F10: To identify areas to manual review
A11: Highest sector PIN targets sub-population group(s) | B11: Whenever a sector dealing with a sub-population group is higher than any other sector - e.g., Education and Nutrition
A12: PiN greater than 90% of total affected population | B12: Flag where the 1st or the 2nd highest PiN is 90% of the affected population | C12: 0.9 | D12: 0.9
A13: Change from last year | B13: Flag where the change from last year of the 1st or 2nd highest PiN is significantly higher than the the average change from last year of all sectors | C13: 1 | D13: 1
A14: Manual Flag | B14: Any area can be flagged manually whenever there is a concern by any JIAF analysts about the PIN
B15: Outliers from the porpotion of highest PiN in the population nationwide
B16: % difference threshold between sectoral PiN change between this year and last year | C16: 2std | D16: 2std | F16: To identify areas to manual review
B18: PiN - Sub-population group sectors
B19: Sector | C19: Proportion of sector target population in overall population
A20: Decision Rule for determining PIN | B20: Education
A21: 1. accept highest PIN with no flags. 2. Accept highest PiN after reconciling any flags. 3. If no concensus on highest PIN, use 2nd highest PIN. 4. If no consensus on 2nd highest PIN elevate decision to HC level
B26: Severity Flagging criteria & thresholds | D26: Please assign the thresholds relevant for your country
B27: Flagging criterion for PIN | C27: Recommended Threshold | D27: Country Threshold | E27: Explanation for proposing another threshold
B28: # of sectors in phase 5 | C28: 1 | D28: 1
B29: # of sectors in phase 4 with preliminary in phase 4 | C29: 5 | D29: 5
B33: Targeting thresholds
B34: Targeting criteria | C34: Recommended Threshold | D34: Country Threshold
B35: Areas in severity 3 | C35: 0.5 | D35: 0.5 | E35: 50% is the maximun threshold for Severity 3
B36: Areas in severity 4 & 5 | C36: 1 | D36: 1

Sheet WS - 3.1 Overall PiN
AL1: =_xlfn.CONCAT(COUNTIF(tblPiNAnalysis[Number of missing / zero PiNs greater than threshold - Data quality],"Flagged"), "/", COUNTA(tblPiNAnalysis[Number of missing / zero PiNs greater than threshold - Data quality]), " (", ROUND((COUNTIF(tblPiNAnalysis[Number of missing / zero PiNs greater than threshold - Data quality],"Flagged")/(COUNTA(tblPiNAnalysis[Number of missing / zero PiNs greater than threshold - Data quality]) + COUNTBLANK(tblPiNAnalysis[Number of missing / zero PiNs greater than threshold - Data quality])))*100, 0), "%) flagged") -> 0/60 (0%) flagged | AM1: =_xlfn.CONCAT(COUNTIF(tblPiNAnalysis[Highest PiN greater than 90% of total affected population],"Flagged"), "/", COUNTA(tblPiNAnalysis[Admin 1]), " (", ROUND((COUNTIF(tblPiNAnalysis[Highest PiN greater than 90% of total affected population],"Flagged")/(COUNTA(tblPiNAnalysis[Highest PiN greater than 90% of total affected population]) + COUNTBLANK(tblPiNAnalysis[Highest PiN greater than 90% of total affected population])))*100, 0), "%) flagged") -> 25/60 (26%) flagged | AN1: =_xlfn.CONCAT(COUNTIF(tblPiNAnalysis[Highest sector targets sub-population group(s)],"Flagged"), "/", COUNTA(tblPiNAnalysis[Admin 1]), " (", ROUND((COUNTIF(tblPiNAnalysis[Highest sector targets sub-population group(s)],"Flagged")/(COUNTA(tblPiNAnalysis[Highest sector targets sub-population group(s)]) + COUNTBLANK(tblPiNAnalysis[Highest sector targets sub-population group(s)])))*100, 0), "%) flagged") -> 1/60 (1%) flagged | AT1: =_xlfn.CONCAT(COUNTIF(tblPiNAnalysis[% difference is over a specified threshold between Highest and 2nd Highest],"Flagged"), "/", COUNTA(tblPiNAnalysis[Admin 1]), " (", ROUND((COUNTIF(tblPiNAnalysis[% difference is over a specified threshold between Highest and 2nd Highest],"Flagged")/(COUNTA(tblPiNAnalysis[% difference is over a specified threshold between Highest and 2nd Highest]) + COUNTBLANK(tblPiNAnalysis[% difference is over a specified threshold between Highest and 2nd Highest])))*100, 0), "%) flagged") -> 20/60 (20%) flagged | AZ1: =_xlfn.CONCAT(COUNTIF(tblPiNAnalysis[% difference is over a specified threshold between Highest and 3rd Highest],"Flagged"), "/", COUNTA(tblPiNAnalysis[Admin 1]), " (", ROUND((COUNTIF(tblPiNAnalysis[% difference is over a specified threshold between Highest and 3rd Highest],"Flagged")/(COUNTA(tblPiNAnalysis[% difference is over a specified threshold between Highest and 3rd Highest]) + COUNTBLANK(tblPiNAnalysis[% difference is over a specified threshold between Highest and 3rd Highest])))*100, 0), "%) flagged") -> 29/60 (32%) flagged | BB1: =_xlfn.CONCAT(COUNTIF(tblPiNAnalysis[Change from last year for the highest sector(s) has significantly increased or decreased],"Flagged"), "/", COUNTA(tblPiNAnalysis[Admin 1]), " (", ROUND((COUNTIF(tblPiNAnalysis[Change from last year for the highest sector(s) has significantly increased or decreased],"Flagged")/(COUNTA(tblPiNAnalysis[Change from last year for the highest sector(s) has significantly increased or decreased]) + COUNTBLANK(tblPiNAnalysis[Change from last year for the highest sector(s) has significantly increased or decreased])))*100, 0), "%) flagged") -> 13/60 (12%) flagged | BD1: =_xlfn.CONCAT(COUNTIF(tblPiNAnalysis[Change from last year for the 2nd highest sector(s) has significantly increased or decreased],"Flagged"), "/", COUNTA(tblPiNAnalysis[Admin 1]), " (", ROUND((COUNTIF(tblPiNAnalysis[Change from last year for the 2nd highest sector(s) has significantly increased or decreased],"Flagged")/(COUNTA(tblPiNAnalysis[Change from last year for the 2nd highest sector(s) has significantly increased or decreased]) + COUNTBLANK(tblPiNAnalysis[Change from last year for the 2nd highest sector(s) has significantly increased or decreased])))*100, 0), "%) flagged") -> 4/60 (3%) flagged | BF1: =SUBTOTAL(9,BF4:BF63) -> 1663441.8 | BG1: =_xlfn.CONCAT(COUNTIF(tblPiNAnalysis[Manual Flag],"Flagged"), "/", COUNTA(tblPiNAnalysis[Admin 1]), " (", ROUND((COUNTIF(tblPiNAnalysis[Manual Flag],"Flagged")/(COUNTA(tblPiNAnalysis[Manual Flag]) + COUNTBLANK(tblPiNAnalysis[Manual Flag])))*100, 0), "%) flagged") -> 0/60 (0%) flagged | BI1: =_xlfn.CONCAT(COUNTIF(tblPiNAnalysis[Flagged],"Flagged"), "/", COUNTA(tblPiNAnalysis[Admin 1]), " (", ROUND((COUNTIF(tblPiNAnalysis[Flagged],"Flagged")/(COUNTA(tblPiNAnalysis[Flagged]) + COUNTBLANK(tblPiNAnalysis[Flagged])))*100, 0), "%) flagged") -> 47/60 (64%) flagged | BK1: =SUBTOTAL(9,BK4:BK63) -> 1648421.8 | BM1: =SUBTOTAL(9,BM4:BM63) -> 1145883.4 | BN1: =SUBTOTAL(9,BN4:BN63) -> 643345
B2: Location | I2: Populaton | K2: Sectoral PiN (Number) | S2: Protection AoRs | W2: Sectoral % PiN (over total population) | AE2: Protection AoRs % | AI2: Highest Sector(s) | AO2: 2nd Highest Sector(s) | AR2: Difference between Highest and 2nd Highest PiN | AU2: 3rd Highest Sector(s) | AX2: Difference between Highest and 3rd Highest PiN | BA2: Historical PiN | BG2: Manual Flag | BI2: All Flags | BM2: Targets
A3: ID | B3: Admin 1 | C3: Admin 1 P-Code | D3: Admin 2 | E3: Admin 2 P-Code | F3: Admin 3 | G3: Admin 3 P-Code | H3: Pocket of need | I3: Population | J3: Population Group | K3: CCCM | L3: Education | M3: Nutrition | N3: Food Security | O3: Health | P3: Overarching Protection | Q3: Shelter | R3: WASH | S3: CP | T3: GBV | U3: GP | V3: HLP | W3: CCCM% | X3: Education% | Y3: Nutrition% | Z3: Food Security% | AA3: Health% | AB3: Overarching Protection% | AC3: Shelter% | AD3: WASH% | AE3: Child Protection (CP)% | AF3: Gender-based Violence (GBV)% | AG3: GP% | AH3: HLP% | AI3: Highest PiN | AJ3: Highest sector(s) | AK3: Highest sector(s') PiN % | AL3: Number of missing / zero PiNs greater than threshold - Data quality | AM3: Highest PiN greater than 90% of total affected population | AN3: Highest sector targets sub-population group(s) | AO3: 2nd Highest PiN | AP3: 2nd Highest sector(s) | AQ3: 2nd Highest sector PiN % | AR3: Difference of PiN between Highest and 2nd Highest | AS3: % Difference between Highest and 2nd Highest | AT3: % difference is over a specified threshold between Highest and 2nd Highest | AU3: 3rd Highest PiN | AV3: 3rd Highest sector(s) | AW3: 3rd Highest sector PiN % | AX3: Difference of PiN between Highest and 3rd Highest | AY3: % Difference between Highest and 3rd Highest | AZ3: % difference is over a specified threshold between Highest and 3rd Highest | BA3: Change from last year for the highest sector(s) | BB3: Change from last year for the highest sector(s) has significantly increased or decreased | BC3: Change from last year for the 2nd highest sector(s) | BD3: Change from last year for the 2nd highest sector(s) has significantly increased or decreased | BE3: Severity | BF3: Preliminary PiN | BG3: Manual Flag | BH3: Explanation for Manual Flag | BI3: # Flags | BJ3: Flagged | BK3: Final PiN | BL3: Evidence & Comments | BM3: People targeted | BN3: People prioritized
A4: MZ0101 | B4: Cabo Delgado | C4: MZ01 | D4: Ancuabe | E4: MZ0101 | I4: 40848 | J4: IDPs | K4: 40848 | L4: 2711 | M4: 3790 | N4: 22467 | O4: 236.54359 | P4: 7750 | Q4: 32707 | R4: 33278 | S4: 7750 | T4: 4572 | U4: 7141 | V4: 7750 | W4: =IFERROR(IF(tblPiNAnalysis[[#This Row],[CCCM]]="", "", MROUND(tblPiNAnalysis[[#This Row],[CCCM]]/tblPiNAnalysis[[#This Row],[Population]], 0.05)), "") -> 1 | X4: =IFERROR(IF(tblPiNAnalysis[[#This Row],[Education]]="", "", MROUND(tblPiNAnalysis[[#This Row],[Education]]/tblPiNAnalysis[[#This Row],[Population]], 0.05)), "") -> 0.05 | Y4: =IFERROR(IF(tblPiNAnalysis[[#This Row],[Nutrition]]="", "", MROUND(tblPiNAnalysis[[#This Row],[Nutrition]]/tblPiNAnalysis[[#This Row],[Population]], 0.05)), "") -> 0.1 | Z4: =IFERROR(IF(tblPiNAnalysis[[#This Row],[Food Security]]="", "", MROUND(tblPiNAnalysis[[#This Row],[Food Security]]/tblPiNAnalysis[[#This Row],[Population]], 0.05)), "") -> 0.55 | AA4: =IFERROR(IF(tblPiNAnalysis[[#This Row],[Health]]="", "", MROUND(tblPiNAnalysis[[#This Row],[Health]]/tblPiNAnalysis[[#This Row],[Population]], 0.05)), "") -> 0 | AB4: =IFERROR(IF(tblPiNAnalysis[[#This Row],[Overarching Protection]]="", "", MROUND(tblPiNAnalysis[[#This Row],[Overarching Protection]]/tblPiNAnalysis[[#This Row],[Population]], 0.05)), "") -> 0.2 | AC4: =IFERROR(IF(tblPiNAnalysis[[#This Row],[Shelter]]="", "", MROUND(tblPiNAnalysis[[#This Row],[Shelter]]/tblPiNAnalysis[[#This Row],[Population]], 0.05)), "") -> 0.8 | AD4: =IFERROR(IF(tblPiNAnalysis[[#This Row],[WASH]]="", "", MROUND(tblPiNAnalysis[[#This Row],[WASH]]/tblPiNAnalysis[[#This Row],[Population]], 0.05)), "") -> 0.8 | AE4: =IFERROR(MROUND(tblPiNAnalysis[[#This Row],[CP]]/tblPiNAnalysis[[#This Row],[Population]], 0.05), "") -> 0.2 | AF4: =IFERROR(MROUND(tblPiNAnalysis[[#This Row],[GBV]]/tblPiNAnalysis[[#This Row],[Population]], 0.05), "") -> 0.1 | AG4: =IFERROR(MROUND(tblPiNAnalysis[[#This Row],[GP]]/tblPiNAnalysis[[#This Row],[Population]], 0.05), "") -> 0.15 | AH4: =IFERROR(MROUND(tblPiNAnalysis[[#This Row],[HLP]]/tblPiNAnalysis[[#This Row],[Population]], 0.05), "") -> 0.2 | AI4: =IFERROR(LARGE(tblPiNAnalysis[[#This Row],[CCCM]:[WASH]], 1), "") -> 40848 | AJ4: {=IF(tblPiNAnalysis[[#This Row],[Highest PiN]]="", "", _xlfn.TEXTJOIN(CHAR(10), TRUE, IF(tblPiNAnalysis[[#This Row],[Highest PiN]]=tblPiNAnalysis[[#This Row],[CCCM]:[WASH]], tblPiNAnalysis[[#Headers],[CCCM]:[WASH]], "")))} -> CCCM | AK4: =IF(tblPiNAnalysis[[#This Row],[Highest PiN]]="", "", tblPiNAnalysis[[#This Row],[Highest PiN]]/tblPiNAnalysis[[#This Row],[Population]]) -> 1 | AL4: =IF(SUM(tblPiNAnalysis[[#This Row],[CCCM]:[WASH]])=0, "",IF(COUNTIF(tblPiNAnalysis[[#This Row],[CCCM]:[WASH]],"=0")+COUNTIF(tblPiNAnalysis[[#This Row],[CCCM]:[WASH]],"")>=zero_pin_thresh, "Flagged", "")) | AM4: =IFERROR(IF(tblPiNAnalysis[[#This Row],[Highest PiN]]="", "", IF(tblPiNAnalysis[[#This Row],[Highest sector(s'') PiN %]]>=flag_pin_perc, "Flagged", "")), "") -> Flagged | AN4: {=IF(tblPiNAnalysis[[#This Row],[Highest PiN]]=0, "", IF(OR(COUNTIF(tblPiNAnalysis[[#This Row],[Highest sector(s)]],tblSubSectorPopulation[Sector])), "Flagged", ""))} | AO4: {=IFERROR(_xlfn.IFS(tblPiNAnalysis[[#This Row],[Highest PiN]]="", "", LARGE(tblPiNAnalysis[[#This Row],[CCCM]:[WASH]], 2) < tblPiNAnalysis[[#This Row],[Highest PiN]], LARGE(tblPiNAnalysis[[#This Row],[CCCM]:[WASH]], 2), LARGE(tblPiNAnalysis[[#This Row],[CCCM]:[WASH]], 3) < tblPiNAnalysis[[#This Row],[Highest PiN]], LARGE(tblPiNAnalysis[[#This Row],[CCCM]:[WASH]], 3), LARGE(tblPiNAnalysis[[#This Row],[CCCM]:[WASH]], 4) < tblPiNAnalysis[[#This Row],[Highest PiN]], LARGE(tblPiNAnalysis[[#This Row],[CCCM]:[WASH]], 4), LARGE(tblPiNAnalysis[[#This Row],[CCCM]:[WASH]], 5) < tblPiNAnalysis[[#This Row],[Highest PiN]], LARGE(tblPiNAnalysis[[#This Row],[CCCM]:[WASH]], 5), LARGE(tblPiNAnalysis[[#This Row],[CCCM]:[WASH]], 6) < tblPiNAnalysis[[#This Row],[Highest PiN]], LARGE(tblPiNAnalysis[[#This Row],[CCCM]:[WASH]], 6), LARGE(tblPiNAnalysis[[#This Row],[CCCM]:[WASH]], 7) <tblPiNAnalysis[[#This Row],[Highest PiN]], LARGE(tblPiNAnalysis[[#This Row],[CCCM]:[WASH]], 7), LARGE(tblPiNAnalysis[[#This Row],[CCCM]:[WASH]], 8) <= tblPiNAnalysis[[#This Row],[Highest PiN]], LARGE(tblPiNAnalysis[[#This Row],[CCCM]:[WASH]], 8)), "NA")} -> 33278 | AP4: {=IF(tblPiNAnalysis[[#This Row],[2nd Highest PiN]]="", "", _xlfn.TEXTJOIN(CHAR(10), TRUE, IF(tblPiNAnalysis[[#This Row],[2nd Highest PiN]]=tblPiNAnalysis[[#This Row],[CCCM]:[WASH]], tblPiNAnalysis[[#Headers],[CCCM]:[WASH]], "")))} -> WASH | AQ4: =IFERROR(tblPiNAnalysis[[#This Row],[2nd Highest PiN]]/tblPiNAnalysis[[#This Row],[Population]], "") -> 0.81467881 | AR4: =IFERROR(tblPiNAnalysis[[#This Row],[Highest PiN]]-tblPiNAnalysis[[#This Row],[2nd Highest PiN]], "") -> 7570 | AS4: =IFERROR(((tblPiNAnalysis[[#This Row],[Highest PiN]]-tblPiNAnalysis[[#This Row],[2nd Highest PiN]])/tblPiNAnalysis[[#This Row],[2nd Highest PiN]]),"") -> 0.22747761 | AT4: {=_xlfn.IFS(tblPiNAnalysis[[#This Row],[% Difference between Highest and 2nd Highest]]="", "", SUM(IF(IF(tblPiNAnalysis[[#This Row],[Highest PiN]]=tblPiNAnalysis[[#This Row],[CCCM]:[WASH]], tblPiNAnalysis[[#Headers],[CCCM]:[WASH]], "")<>"", 1, 0))>1, "",tblPiNAnalysis[[#This Row],[% Difference between Highest and 2nd Highest]]>=perc_1st_2nd, "Flagged", TRUE(), "")} | AU4: {=IFERROR(_xlfn.IFS(tblPiNAnalysis[[#This Row],[2nd Highest PiN]]="", "", LARGE(tblPiNAnalysis[[#This Row],[CCCM]:[WASH]], 3) < tblPiNAnalysis[[#This Row],[2nd Highest PiN]], LARGE(tblPiNAnalysis[[#This Row],[CCCM]:[WASH]], 3), LARGE(tblPiNAnalysis[[#This Row],[CCCM]:[WASH]], 4) < tblPiNAnalysis[[#This Row],[2nd Highest PiN]], LARGE(tblPiNAnalysis[[#This Row],[CCCM]:[WASH]], 4), LARGE(tblPiNAnalysis[[#This Row],[CCCM]:[WASH]], 5) < tblPiNAnalysis[[#This Row],[2nd Highest PiN]], LARGE(tblPiNAnalysis[[#This Row],[CCCM]:[WASH]], 5), LARGE(tblPiNAnalysis[[#This Row],[CCCM]:[WASH]], 6) < tblPiNAnalysis[[#This Row],[2nd Highest PiN]], LARGE(tblPiNAnalysis[[#This Row],[CCCM]:[WASH]], 6), LARGE(tblPiNAnalysis[[#This Row],[CCCM]:[WASH]], 7) <tblPiNAnalysis[[#This Row],[2nd Highest PiN]], LARGE(tblPiNAnalysis[[#This Row],[CCCM]:[WASH]], 7), LARGE(tblPiNAnalysis[[#This Row],[CCCM]:[WASH]], 8) <= tblPiNAnalysis[[#This Row],[2nd Highest PiN]], LARGE(tblPiNAnalysis[[#This Row],[CCCM]:[WASH]], 8)), "NA")} -> 32707 | AV4: {=IF(tblPiNAnalysis[[#This Row],[3rd Highest PiN]]="", "", _xlfn.TEXTJOIN(CHAR(10), TRUE, IF(tblPiNAnalysis[[#This Row],[3rd Highest PiN]]=tblPiNAnalysis[[#This Row],[CCCM]:[WASH]], tblPiNAnalysis[[#Headers],[CCCM]:[WASH]], "")))} -> Shelter | AW4: =IFERROR(tblPiNAnalysis[[#This Row],[3rd Highest PiN]]/tblPiNAnalysis[[#This Row],[Population]], "") -> 0.80070016 | AX4: =IFERROR(tblPiNAnalysis[[#This Row],[Highest PiN]]-tblPiNAnalysis[[#This Row],[3rd Highest PiN]],"") -> 8141 | AY4: =IFERROR(tblPiNAnalysis[[#This Row],[Difference of PiN between Highest and 3rd Highest]]/tblPiNAnalysis[[#This Row],[3rd Highest PiN]], "") -> 0.24890696 | AZ4: {=_xlfn.IFS(tblPiNAnalysis[[#This Row],[Difference of PiN between Highest and 3rd Highest]]="", "", SUM(IF(IF(tblPiNAnalysis[[#This Row],[Highest PiN]]=tblPiNAnalysis[[#This Row],[CCCM]:[WASH]], tblPiNAnalysis[[#Headers],[CCCM]:[WASH]], "")<>"", 1, 0))>1, "",tblPiNAnalysis[[#This Row],[% Difference between Highest and 3rd Highest]]>=perc_1st_3rd, "Flagged", 1=1, "")} | BA4: {=IFERROR(IF(tblPiNAnalysis[[#This Row],[ID]]="", "", INDEX(tblPiNHistorical[[CCCM]:[WASH]], MATCH(tblPiNAnalysis[[#This Row],[ID]],tblPiNHistorical[ID], 0),MATCH(_xlfn._xlws.FILTER(tblPiNAnalysis[[#Headers],[CCCM]:[WASH]], tblPiNAnalysis[[#This Row],[Highest PiN]]=tblPiNAnalysis[[#This Row],[CCCM]:[WASH]]), tblPiNHistorical[[#Headers],[CCCM]:[WASH]], 0))), "")} -> 0.3 | BB4: {=IFERROR(IF(SUM(IF(ABS(INDEX(tblPiNHistorical[[CCCM]:[WASH]], MATCH(tblPiNAnalysis[[#This Row],[ID]],tblPiNHistorical[ID], 0),MATCH(_xlfn._xlws.FILTER(tblPiNAnalysis[[#Headers],[CCCM]:[WASH]], tblPiNAnalysis[[#This Row],[Highest PiN]]=tblPiNAnalysis[[#This Row],[CCCM]:[WASH]]), tblPiNHistorical[[#Headers],[CCCM]:[WASH]], 0)))>=flag_pin_historical, 1, 0))>0, "Flagged", ""), "")} | BC4: {=IFERROR(IF(tblPiNAnalysis[[#This Row],[ID]]="", "", INDEX(tblPiNHistorical[[CCCM]:[WASH]], MATCH(tblPiNAnalysis[[#This Row],[ID]],tblPiNHistorical[ID], 0),MATCH(_xlfn._xlws.FILTER(tblPiNAnalysis[[#Headers],[CCCM]:[WASH]], tblPiNAnalysis[[#This Row],[2nd Highest PiN]]=tblPiNAnalysis[[#This Row],[CCCM]:[WASH]]), tblPiNHistorical[[#Headers],[CCCM]:[WASH]], 0))), "")} -> 0 | BD4: {=IFERROR(IF(SUM(IF(ABS(INDEX(tblPiNHistorical[[CCCM]:[WASH]], MATCH(tblPiNAnalysis[[#This Row],[ID]],tblPiNHistorical[ID], 0),MATCH(_xlfn._xlws.FILTER(tblPiNAnalysis[[#Headers],[CCCM]:[WASH]], tblPiNAnalysis[[#This Row],[2nd Highest PiN]]=tblPiNAnalysis[[#This Row],[CCCM]:[WASH]]), tblPiNHistorical[[#Headers],[CCCM]:[WASH]], 0)))>=flag_pin_historical, 1, 0))>0, "Flagged", ""), "")} | BE4: =INDEX(tblSeverityAnalysis[Final Severity], MATCH(tblPiNAnalysis[[#This Row],[ID]],tblSeverityAnalysis[ID], 0)) -> 3 | BF4: =IF(tblPiNAnalysis[[#This Row],[Severity]]>2,tblPiNAnalysis[[#This Row],[Highest PiN]],) -> 40848 | BI4: =COUNTIFS(tblPiNAnalysis[[#This Row],[Number of missing / zero PiNs greater than threshold - Data quality]:[Manual Flag]],"Flagged") -> 1 | BJ4: =IF(tblPiNAnalysis[[#This Row],['# Flags]]>0, "Flagged", "") -> Flagged | BK4: =tblPiNAnalysis[[#This Row],[Preliminary PiN]] -> 40848 | BM4: =IFERROR(IF(tblPiNAnalysis[[#This Row],[Severity]]=3,tblPiNAnalysis[[#This Row],[Final PiN]]*Thresholds!$D$35,tblPiNAnalysis[[#This Row],[Final PiN]]*Thresholds!$D$36),) -> 20424 | BN4: =IFERROR(IF(tblPiNAnalysis[[#This Row],[Severity]]>3,tblPiNAnalysis[[#This Row],[Final PiN]]*Thresholds!$D$36,),) -> 0
A5: MZ0102 | B5: Cabo Delgado | C5: MZ01 | D5: Balama | E5: MZ0102 | I5: 9822 | J5: IDPs | K5: 9822 | L5: 583 | M5: 1033 | N5: 9822 | P5: 2000 | Q5: 5467 | R5: 4844 | S5: 1862 | T5: 1098 | U5: 2000 | V5: 1862 | W5: =IFERROR(IF(tblPiNAnalysis[[#This Row],[CCCM]]="", "", MROUND(tblPiNAnalysis[[#This Row],[CCCM]]/tblPiNAnalysis[[#This Row],[Population]], 0.05)), "") -> 1 | X5: =IFERROR(IF(tblPiNAnalysis[[#This Row],[Education]]="", "", MROUND(tblPiNAnalysis[[#This Row],[Education]]/tblPiNAnalysis[[#This Row],[Population]], 0.05)), "") -> 0.05 | Y5: =IFERROR(IF(tblPiNAnalysis[[#This Row],[Nutrition]]="", "", MROUND(tblPiNAnalysis[[#This Row],[Nutrition]]/tblPiNAnalysis[[#This Row],[Population]], 0.05)), "") -> 0.1 | Z5: =IFERROR(IF(tblPiNAnalysis[[#This Row],[Food Security]]="", "", MROUND(tblPiNAnalysis[[#This Row],[Food Security]]/tblPiNAnalysis[[#This Row],[Population]], 0.05)), "") -> 1 | AA5: =IFERROR(IF(tblPiNAnalysis[[#This Row],[Health]]="", "", MROUND(tblPiNAnalysis[[#This Row],[Health]]/tblPiNAnalysis[[#This Row],[Population]], 0.05)), "") | AB5: =IFERROR(IF(tblPiNAnalysis[[#This Row],[Overarching Protection]]="", "", MROUND(tblPiNAnalysis[[#This Row],[Overarching Protection]]/tblPiNAnalysis[[#This Row],[Population]], 0.05)), "") -> 0.2 | AC5: =IFERROR(IF(tblPiNAnalysis[[#This Row],[Shelter]]="", "", MROUND(tblPiNAnalysis[[#This Row],[Shelter]]/tblPiNAnalysis[[#This Row],[Population]], 0.05)), "") -> 0.55 | AD5: =IFERROR(IF(tblPiNAnalysis[[#This Row],[WASH]]="", "", MROUND(tblPiNAnalysis[[#This Row],[WASH]]/tblPiNAnalysis[[#This Row],[Population]], 0.05)), "") -> 0.5 | AE5: =IFERROR(MROUND(tblPiNAnalysis[[#This Row],[CP]]/tblPiNAnalysis[[#This Row],[Population]], 0.05), "") -> 0.2 | AF5: =IFERROR(MROUND(tblPiNAnalysis[[#This Row],[GBV]]/tblPiNAnalysis[[#This Row],[Population]], 0.05), "") -> 0.1 | AG5: =IFERROR(MROUND(tblPiNAnalysis[[#This Row],[GP]]/tblPiNAnalysis[[#This Row],[Population]], 0.05), "") -> 0.2 | AH5: =IFERROR(MROUND(tblPiNAnalysis[[#This Row],[HLP]]/tblPiNAnalysis[[#This Row],[Population]], 0.05), "") -> 0.2 | AI5: =IFERROR(LARGE(tblPiNAnalysis[[#This Row],[CCCM]:[WASH]], 1), "") -> 9822 | AJ5: {=IF(tblPiNAnalysis[[#This Row],[Highest PiN]]="", "", _xlfn.TEXTJOIN(CHAR(10), TRUE, IF(tblPiNAnalysis[[#This Row],[Highest PiN]]=tblPiNAnalysis[[#This Row],[CCCM]:[WASH]], tblPiNAnalysis[[#Headers],[CCCM]:[WASH]], "")))} -> CCCM Food Security | AK5: =IF(tblPiNAnalysis[[#This Row],[Highest PiN]]="", "", tblPiNAnalysis[[#This Row],[Highest PiN]]/tblPiNAnalysis[[#This Row],[Population]]) -> 1 | AL5: =IF(SUM(tblPiNAnalysis[[#This Row],[CCCM]:[WASH]])=0, "",IF(COUNTIF(tblPiNAnalysis[[#This Row],[CCCM]:[WASH]],"=0")+COUNTIF(tblPiNAnalysis[[#This Row],[CCCM]:[WASH]],"")>=zero_pin_thresh, "Flagged", "")) | AM5: =IFERROR(IF(tblPiNAnalysis[[#This Row],[Highest PiN]]="", "", IF(tblPiNAnalysis[[#This Row],[Highest sector(s'') PiN %]]>=flag_pin_perc, "Flagged", "")), "") -> Flagged | AN5: {=IF(tblPiNAnalysis[[#This Row],[Highest PiN]]=0, "", IF(OR(COUNTIF(tblPiNAnalysis[[#This Row],[Highest sector(s)]],tblSubSectorPopulation[Sector])), "Flagged", ""))} | AO5: {=IFERROR(_xlfn.IFS(tblPiNAnalysis[[#This Row],[Highest PiN]]="", "", LARGE(tblPiNAnalysis[[#This Row],[CCCM]:[WASH]], 2) < tblPiNAnalysis[[#This Row],[Highest PiN]], LARGE(tblPiNAnalysis[[#This Row],[CCCM]:[WASH]], 2), LARGE(tblPiNAnalysis[[#This Row],[CCCM]:[WASH]], 3) < tblPiNAnalysis[[#This Row],[Highest PiN]], LARGE(tblPiNAnalysis[[#This Row],[CCCM]:[WASH]], 3), LARGE(tblPiNAnalysis[[#This Row],[CCCM]:[WASH]], 4) < tblPiNAnalysis[[#This Row],[Highest PiN]], LARGE(tblPiNAnalysis[[#This Row],[CCCM]:[WASH]], 4), LARGE(tblPiNAnalysis[[#This Row],[CCCM]:[WASH]], 5) < tblPiNAnalysis[[#This Row],[Highest PiN]], LARGE(tblPiNAnalysis[[#This Row],[CCCM]:[WASH]], 5), LARGE(tblPiNAnalysis[[#This Row],[CCCM]:[WASH]], 6) < tblPiNAnalysis[[#This Row],[Highest PiN]], LARGE(tblPiNAnalysis[[#This Row],[CCCM]:[WASH]], 6), LARGE(tblPiNAnalysis[[#This Row],[CCCM]:[WASH]], 7) <tblPiNAnalysis[[#This Row],[Highest PiN]], LARGE(tblPiNAnalysis[[#This Row],[CCCM]:[WASH]], 7), LARGE(tblPiNAnalysis[[#This Row],[CCCM]:[WASH]], 8) <= tblPiNAnalysis[[#This Row],[Highest PiN]], LARGE(tblPiNAnalysis[[#This Row],[CCCM]:[WASH]], 8)), "NA")} -> 5467 | AP5: {=IF(tblPiNAnalysis[[#This Row],[2nd Highest PiN]]="", "", _xlfn.TEXTJOIN(CHAR(10), TRUE, IF(tblPiNAnalysis[[#This Row],[2nd Highest PiN]]=tblPiNAnalysis[[#This Row],[CCCM]:[WASH]], tblPiNAnalysis[[#Headers],[CCCM]:[WASH]], "")))} -> Shelter | AQ5: =IFERROR(tblPiNAnalysis[[#This Row],[2nd Highest PiN]]/tblPiNAnalysis[[#This Row],[Population]], "") -> 0.55660762 | AR5: =IFERROR(tblPiNAnalysis[[#This Row],[Highest PiN]]-tblPiNAnalysis[[#This Row],[2nd Highest PiN]], "") -> 4355 | AS5: =IFERROR(((tblPiNAnalysis[[#This Row],[Highest PiN]]-tblPiNAnalysis[[#This Row],[2nd Highest PiN]])/tblPiNAnalysis[[#This Row],[2nd Highest PiN]]),"") -> 0.79659777 | AT5: {=_xlfn.IFS(tblPiNAnalysis[[#This Row],[% Difference between Highest and 2nd Highest]]="", "", SUM(IF(IF(tblPiNAnalysis[[#This Row],[Highest PiN]]=tblPiNAnalysis[[#This Row],[CCCM]:[WASH]], tblPiNAnalysis[[#Headers],[CCCM]:[WASH]], "")<>"", 1, 0))>1, "",tblPiNAnalysis[[#This Row],[% Difference between Highest and 2nd Highest]]>=perc_1st_2nd, "Flagged", TRUE(), "")} | AU5: {=IFERROR(_xlfn.IFS(tblPiNAnalysis[[#This Row],[2nd Highest PiN]]="", "", LARGE(tblPiNAnalysis[[#This Row],[CCCM]:[WASH]], 3) < tblPiNAnalysis[[#This Row],[2nd Highest PiN]], LARGE(tblPiNAnalysis[[#This Row],[CCCM]:[WASH]], 3), LARGE(tblPiNAnalysis[[#This Row],[CCCM]:[WASH]], 4) < tblPiNAnalysis[[#This Row],[2nd Highest PiN]], LARGE(tblPiNAnalysis[[#This Row],[CCCM]:[WASH]], 4), LARGE(tblPiNAnalysis[[#This Row],[CCCM]:[WASH]], 5) < tblPiNAnalysis[[#This Row],[2nd Highest PiN]], LARGE(tblPiNAnalysis[[#This Row],[CCCM]:[WASH]], 5), LARGE(tblPiNAnalysis[[#This Row],[CCCM]:[WASH]], 6) < tblPiNAnalysis[[#This Row],[2nd Highest PiN]], LARGE(tblPiNAnalysis[[#This Row],[CCCM]:[WASH]], 6), LARGE(tblPiNAnalysis[[#This Row],[CCCM]:[WASH]], 7) <tblPiNAnalysis[[#This Row],[2nd Highest PiN]], LARGE(tblPiNAnalysis[[#This Row],[CCCM]:[WASH]], 7), LARGE(tblPiNAnalysis[[#This Row],[CCCM]:[WASH]], 8) <= tblPiNAnalysis[[#This Row],[2nd Highest PiN]], LARGE(tblPiNAnalysis[[#This Row],[CCCM]:[WASH]], 8)), "NA")} -> 4844 | AV5: {=IF(tblPiNAnalysis[[#This Row],[3rd Highest PiN]]="", "", _xlfn.TEXTJOIN(CHAR(10), TRUE, IF(tblPiNAnalysis[[#This Row],[3rd Highest PiN]]=tblPiNAnalysis[[#This Row],[CCCM]:[WASH]], tblPiNAnalysis[[#Headers],[CCCM]:[WASH]], "")))} -> WASH | AW5: =IFERROR(tblPiNAnalysis[[#This Row],[3rd Highest PiN]]/tblPiNAnalysis[[#This Row],[Population]], "") -> 0.49317858 | AX5: =IFERROR(tblPiNAnalysis[[#This Row],[Highest PiN]]-tblPiNAnalysis[[#This Row],[3rd Highest PiN]],"") -> 4978 | AY5: =IFERROR(tblPiNAnalysis[[#This Row],[Difference of PiN between Highest and 3rd Highest]]/tblPiNAnalysis[[#This Row],[3rd Highest PiN]], "") -> 1.0276631 | AZ5: {=_xlfn.IFS(tblPiNAnalysis[[#This Row],[Difference of PiN between Highest and 3rd Highest]]="", "", SUM(IF(IF(tblPiNAnalysis[[#This Row],[Highest PiN]]=tblPiNAnalysis[[#This Row],[CCCM]:[WASH]], tblPiNAnalysis[[#Headers],[CCCM]:[WASH]], "")<>"", 1, 0))>1, "",tblPiNAnalysis[[#This Row],[% Difference between Highest and 3rd Highest]]>=perc_1st_3rd, "Flagged", 1=1, "")} | BA5: {=IFERROR(IF(tblPiNAnalysis[[#This Row],[ID]]="", "", INDEX(tblPiNHistorical[[CCCM]:[WASH]], MATCH(tblPiNAnalysis[[#This Row],[ID]],tblPiNHistorical[ID], 0),MATCH(_xlfn._xlws.FILTER(tblPiNAnalysis[[#Headers],[CCCM]:[WASH]], tblPiNAnalysis[[#This Row],[Highest PiN]]=tblPiNAnalysis[[#This Row],[CCCM]:[WASH]]), tblPiNHistorical[[#Headers],[CCCM]:[WASH]], 0))), "")} -> #VALUE! | BB5: {=IFERROR(IF(SUM(IF(ABS(INDEX(tblPiNHistorical[[CCCM]:[WASH]], MATCH(tblPiNAnalysis[[#This Row],[ID]],tblPiNHistorical[ID], 0),MATCH(_xlfn._xlws.FILTER(tblPiNAnalysis[[#Headers],[CCCM]:[WASH]], tblPiNAnalysis[[#This Row],[Highest PiN]]=tblPiNAnalysis[[#This Row],[CCCM]:[WASH]]), tblPiNHistorical[[#Headers],[CCCM]:[WASH]], 0)))>=flag_pin_historical, 1, 0))>0, "Flagged", ""), "")} | BC5: {=IFERROR(IF(tblPiNAnalysis[[#This Row],[ID]]="", "", INDEX(tblPiNHistorical[[CCCM]:[WASH]], MATCH(tblPiNAnalysis[[#This Row],[ID]],tblPiNHistorical[ID], 0),MATCH(_xlfn._xlws.FILTER(tblPiNAnalysis[[#Headers],[CCCM]:[WASH]], tblPiNAnalysis[[#This Row],[2nd Highest PiN]]=tblPiNAnalysis[[#This Row],[CCCM]:[WASH]]), tblPiNHistorical[[#Headers],[CCCM]:[WASH]], 0))), "")} | BD5: {=IFERROR(IF(SUM(IF(ABS(INDEX(tblPiNHistorical[[CCCM]:[WASH]], MATCH(tblPiNAnalysis[[#This Row],[ID]],tblPiNHistorical[ID], 0),MATCH(_xlfn._xlws.FILTER(tblPiNAnalysis[[#Headers],[CCCM]:[WASH]], tblPiNAnalysis[[#This Row],[2nd Highest PiN]]=tblPiNAnalysis[[#This Row],[CCCM]:[WASH]]), tblPiNHistorical[[#Headers],[CCCM]:[WASH]], 0)))>=flag_pin_historical, 1, 0))>0, "Flagged", ""), "")} | BE5: =INDEX(tblSeverityAnalysis[Final Severity], MATCH(tblPiNAnalysis[[#This Row],[ID]],tblSeverityAnalysis[ID], 0)) -> 3 | BF5: =IF(tblPiNAnalysis[[#This Row],[Severity]]>2,tblPiNAnalysis[[#This Row],[Highest PiN]],) -> 9822 | BI5: =COUNTIFS(tblPiNAnalysis[[#This Row],[Number of missing / zero PiNs greater than threshold - Data quality]:[Manual Flag]],"Flagged") -> 1 | BJ5: =IF(tblPiNAnalysis[[#This Row],['# Flags]]>0, "Flagged", "") -> Flagged | BK5: =tblPiNAnalysis[[#This Row],[Preliminary PiN]] -> 9822 | BM5: =IFERROR(IF(tblPiNAnalysis[[#This Row],[Severity]]=3,tblPiNAnalysis[[#This Row],[Final PiN]]*Thresholds!$D$35,tblPiNAnalysis[[#This Row],[Final PiN]]*Thresholds!$D$36),) -> 4911 | BN5: =IFERROR(IF(tblPiNAnalysis[[#This Row],[Severity]]>3,tblPiNAnalysis[[#This Row],[Final PiN]]*Thresholds!$D$36,),) -> 0
A6: MZ0103 | B6: Cabo Delgado | C6: MZ01 | D6: Chiure | E6: MZ0103 | I6: 22052 | J6: IDPs | K6: 22052 | L6: 2555 | M6: 2276 | N6: 22052 | O6: 71.451174 | P6: 4410 | Q6: 15319 | R6: 20032 | S6: 4410 | T6: 2601 | U6: 84 | V6: 4410 | W6: =IFERROR(IF(tblPiNAnalysis[[#This Row],[CCCM]]="", "", MROUND(tblPiNAnalysis[[#This Row],[CCCM]]/tblPiNAnalysis[[#This Row],[Population]], 0.05)), "") -> 1 | X6: =IFERROR(IF(tblPiNAnalysis[[#This Row],[Education]]="", "", MROUND(tblPiNAnalysis[[#This Row],[Education]]/tblPiNAnalysis[[#This Row],[Population]], 0.05)), "") -> 0.1 | Y6: =IFERROR(IF(tblPiNAnalysis[[#This Row],[Nutrition]]="", "", MROUND(tblPiNAnalysis[[#This Row],[Nutrition]]/tblPiNAnalysis[[#This Row],[Population]], 0.05)), "") -> 0.1 | Z6: =IFERROR(IF(tblPiNAnalysis[[#This Row],[Food Security]]="", "", MROUND(tblPiNAnalysis[[#This Row],[Food Security]]/tblPiNAnalysis[[#This Row],[Population]], 0.05)), "") -> 1 | AA6: =IFERROR(IF(tblPiNAnalysis[[#This Row],[Health]]="", "", MROUND(tblPiNAnalysis[[#This Row],[Health]]/tblPiNAnalysis[[#This Row],[Population]], 0.05)), "") -> 0 | AB6: =IFERROR(IF(tblPiNAnalysis[[#This Row],[Overarching Protection]]="", "", MROUND(tblPiNAnalysis[[#This Row],[Overarching Protection]]/tblPiNAnalysis[[#This Row],[Population]], 0.05)), "") -> 0.2 | AC6: =IFERROR(IF(tblPiNAnalysis[[#This Row],[Shelter]]="", "", MROUND(tblPiNAnalysis[[#This Row],[Shelter]]/tblPiNAnalysis[[#This Row],[Population]], 0.05)), "") -> 0.7 | AD6: =IFERROR(IF(tblPiNAnalysis[[#This Row],[WASH]]="", "", MROUND(tblPiNAnalysis[[#This Row],[WASH]]/tblPiNAnalysis[[#This Row],[Population]], 0.05)), "") -> 0.9 | AE6: =IFERROR(MROUND(tblPiNAnalysis[[#This Row],[CP]]/tblPiNAnalysis[[#This Row],[Population]], 0.05), "") -> 0.2 | AF6: =IFERROR(MROUND(tblPiNAnalysis[[#This Row],[GBV]]/tblPiNAnalysis[[#This Row],[Population]], 0.05), "") -> 0.1 | AG6: =IFERROR(MROUND(tblPiNAnalysis[[#This Row],[GP]]/tblPiNAnalysis[[#This Row],[Population]], 0.05), "") -> 0 | AH6: =IFERROR(MROUND(tblPiNAnalysis[[#This Row],[HLP]]/tblPiNAnalysis[[#This Row],[Population]], 0.05), "") -> 0.2 | AI6: =IFERROR(LARGE(tblPiNAnalysis[[#This Row],[CCCM]:[WASH]], 1), "") -> 22052 | AJ6: {=IF(tblPiNAnalysis[[#This Row],[Highest PiN]]="", "", _xlfn.TEXTJOIN(CHAR(10), TRUE, IF(tblPiNAnalysis[[#This Row],[Highest PiN]]=tblPiNAnalysis[[#This Row],[CCCM]:[WASH]], tblPiNAnalysis[[#Headers],[CCCM]:[WASH]], "")))} -> CCCM Food Security | AK6: =IF(tblPiNAnalysis[[#This Row],[Highest PiN]]="", "", tblPiNAnalysis[[#This Row],[Highest PiN]]/tblPiNAnalysis[[#This Row],[Population]]) -> 1 | AL6: =IF(SUM(tblPiNAnalysis[[#This Row],[CCCM]:[WASH]])=0, "",IF(COUNTIF(tblPiNAnalysis[[#This Row],[CCCM]:[WASH]],"=0")+COUNTIF(tblPiNAnalysis[[#This Row],[CCCM]:[WASH]],"")>=zero_pin_thresh, "Flagged", "")) | AM6: =IFERROR(IF(tblPiNAnalysis[[#This Row],[Highest PiN]]="", "", IF(tblPiNAnalysis[[#This Row],[Highest sector(s'') PiN %]]>=flag_pin_perc, "Flagged", "")), "") -> Flagged | AN6: {=IF(tblPiNAnalysis[[#This Row],[Highest PiN]]=0, "", IF(OR(COUNTIF(tblPiNAnalysis[[#This Row],[Highest sector(s)]],tblSubSectorPopulation[Sector])), "Flagged", ""))} | AO6: {=IFERROR(_xlfn.IFS(tblPiNAnalysis[[#This Row],[Highest PiN]]="", "", LARGE(tblPiNAnalysis[[#This Row],[CCCM]:[WASH]], 2) < tblPiNAnalysis[[#This Row],[Highest PiN]], LARGE(tblPiNAnalysis[[#This Row],[CCCM]:[WASH]], 2), LARGE(tblPiNAnalysis[[#This Row],[CCCM]:[WASH]], 3) < tblPiNAnalysis[[#This Row],[Highest PiN]], LARGE(tblPiNAnalysis[[#This Row],[CCCM]:[WASH]], 3), LARGE(tblPiNAnalysis[[#This Row],[CCCM]:[WASH]], 4) < tblPiNAnalysis[[#This Row],[Highest PiN]], LARGE(tblPiNAnalysis[[#This Row],[CCCM]:[WASH]], 4), LARGE(tblPiNAnalysis[[#This Row],[CCCM]:[WASH]], 5) < tblPiNAnalysis[[#This Row],[Highest PiN]], LARGE(tblPiNAnalysis[[#This Row],[CCCM]:[WASH]], 5), LARGE(tblPiNAnalysis[[#This Row],[CCCM]:[WASH]], 6) < tblPiNAnalysis[[#This Row],[Highest PiN]], LARGE(tblPiNAnalysis[[#This Row],[CCCM]:[WASH]], 6), LARGE(tblPiNAnalysis[[#This Row],[CCCM]:[WASH]], 7) <tblPiNAnalysis[[#This Row],[Highest PiN]], LARGE(tblPiNAnalysis[[#This Row],[CCCM]:[WASH]], 7), LARGE(tblPiNAnalysis[[#This Row],[CCCM]:[WASH]], 8) <= tblPiNAnalysis[[#This Row],[Highest PiN]], LARGE(tblPiNAnalysis[[#This Row],[CCCM]:[WASH]], 8)), "NA")} -> 20032 | AP6: {=IF(tblPiNAnalysis[[#This Row],[2nd Highest PiN]]="", "", _xlfn.TEXTJOIN(CHAR(10), TRUE, IF(tblPiNAnalysis[[#This Row],[2nd Highest PiN]]=tblPiNAnalysis[[#This Row],[CCCM]:[WASH]], tblPiNAnalysis[[#Headers],[CCCM]:[WASH]], "")))} -> WASH | AQ6: =IFERROR(tblPiNAnalysis[[#This Row],[2nd Highest PiN]]/tblPiNAnalysis[[#This Row],[Population]], "") -> 0.90839833 | AR6: =IFERROR(tblPiNAnalysis[[#This Row],[Highest PiN]]-tblPiNAnalysis[[#This Row],[2nd Highest PiN]], "") -> 2020 | AS6: =IFERROR(((tblPiNAnalysis[[#This Row],[Highest PiN]]-tblPiNAnalysis[[#This Row],[2nd Highest PiN]])/tblPiNAnalysis[[#This Row],[2nd Highest PiN]]),"") -> 0.10083866 | AT6: {=_xlfn.IFS(tblPiNAnalysis[[#This Row],[% Difference between Highest and 2nd Highest]]="", "", SUM(IF(IF(tblPiNAnalysis[[#This Row],[Highest PiN]]=tblPiNAnalysis[[#This Row],[CCCM]:[WASH]], tblPiNAnalysis[[#Headers],[CCCM]:[WASH]], "")<>"", 1, 0))>1, "",tblPiNAnalysis[[#This Row],[% Difference between Highest and 2nd Highest]]>=perc_1st_2nd, "Flagged", TRUE(), "")} | AU6: {=IFERROR(_xlfn.IFS(tblPiNAnalysis[[#This Row],[2nd Highest PiN]]="", "", LARGE(tblPiNAnalysis[[#This Row],[CCCM]:[WASH]], 3) < tblPiNAnalysis[[#This Row],[2nd Highest PiN]], LARGE(tblPiNAnalysis[[#This Row],[CCCM]:[WASH]], 3), LARGE(tblPiNAnalysis[[#This Row],[CCCM]:[WASH]], 4) < tblPiNAnalysis[[#This Row],[2nd Highest PiN]], LARGE(tblPiNAnalysis[[#This Row],[CCCM]:[WASH]], 4), LARGE(tblPiNAnalysis[[#This Row],[CCCM]:[WASH]], 5) < tblPiNAnalysis[[#This Row],[2nd Highest PiN]], LARGE(tblPiNAnalysis[[#This Row],[CCCM]:[WASH]], 5), LARGE(tblPiNAnalysis[[#This Row],[CCCM]:[WASH]], 6) < tblPiNAnalysis[[#This Row],[2nd Highest PiN]], LARGE(tblPiNAnalysis[[#This Row],[CCCM]:[WASH]], 6), LARGE(tblPiNAnalysis[[#This Row],[CCCM]:[WASH]], 7) <tblPiNAnalysis[[#This Row],[2nd Highest PiN]], LARGE(tblPiNAnalysis[[#This Row],[CCCM]:[WASH]], 7), LARGE(tblPiNAnalysis[[#This Row],[CCCM]:[WASH]], 8) <= tblPiNAnalysis[[#This Row],[2nd Highest PiN]], LARGE(tblPiNAnalysis[[#This Row],[CCCM]:[WASH]], 8)), "NA")} -> 15319 | AV6: {=IF(tblPiNAnalysis[[#This Row],[3rd Highest PiN]]="", "", _xlfn.TEXTJOIN(CHAR(10), TRUE, IF(tblPiNAnalysis[[#This Row],[3rd Highest PiN]]=tblPiNAnalysis[[#This Row],[CCCM]:[WASH]], tblPiNAnalysis[[#Headers],[CCCM]:[WASH]], "")))} -> Shelter | AW6: =IFERROR(tblPiNAnalysis[[#This Row],[3rd Highest PiN]]/tblPiNAnalysis[[#This Row],[Population]], "") -> 0.69467622 | AX6: =IFERROR(tblPiNAnalysis[[#This Row],[Highest PiN]]-tblPiNAnalysis[[#This Row],[3rd Highest PiN]],"") -> 6733 | AY6: =IFERROR(tblPiNAnalysis[[#This Row],[Difference of PiN between Highest and 3rd Highest]]/tblPiNAnalysis[[#This Row],[3rd Highest PiN]], "") -> 0.43951955 | AZ6: {=_xlfn.IFS(tblPiNAnalysis[[#This Row],[Difference of PiN between Highest and 3rd Highest]]="", "", SUM(IF(IF(tblPiNAnalysis[[#This Row],[Highest PiN]]=tblPiNAnalysis[[#This Row],[CCCM]:[WASH]], tblPiNAnalysis[[#Headers],[CCCM]:[WASH]], "")<>"", 1, 0))>1, "",tblPiNAnalysis[[#This Row],[% Difference between Highest and 3rd Highest]]>=perc_1st_3rd, "Flagged", 1=1, "")} | BA6: {=IFERROR(IF(tblPiNAnalysis[[#This Row],[ID]]="", "", INDEX(tblPiNHistorical[[CCCM]:[WASH]], MATCH(tblPiNAnalysis[[#This Row],[ID]],tblPiNHistorical[ID], 0),MATCH(_xlfn._xlws.FILTER(tblPiNAnalysis[[#Headers],[CCCM]:[WASH]], tblPiNAnalysis[[#This Row],[Highest PiN]]=tblPiNAnalysis[[#This Row],[CCCM]:[WASH]]), tblPiNHistorical[[#Headers],[CCCM]:[WASH]], 0))), "")} -> #VALUE! | BB6: {=IFERROR(IF(SUM(IF(ABS(INDEX(tblPiNHistorical[[CCCM]:[WASH]], MATCH(tblPiNAnalysis[[#This Row],[ID]],tblPiNHistorical[ID], 0),MATCH(_xlfn._xlws.FILTER(tblPiNAnalysis[[#Headers],[CCCM]:[WASH]], tblPiNAnalysis[[#This Row],[Highest PiN]]=tblPiNAnalysis[[#This Row],[CCCM]:[WASH]]), tblPiNHistorical[[#Headers],[CCCM]:[WASH]], 0)))>=flag_pin_historical, 1, 0))>0, "Flagged", ""), "")} -> Flagged | BC6: {=IFERROR(IF(tblPiNAnalysis[[#This Row],[ID]]="", "", INDEX(tblPiNHistorical[[CCCM]:[WASH]], MATCH(tblPiNAnalysis[[#This Row],[ID]],tblPiNHistorical[ID], 0),MATCH(_xlfn._xlws.FILTER(tblPiNAnalysis[[#Headers],[CCCM]:[WASH]], tblPiNAnalysis[[#This Row],[2nd Highest PiN]]=tblPiNAnalysis[[#This Row],[CCCM]:[WASH]]), tblPiNHistorical[[#Headers],[CCCM]:[WASH]], 0))), "")} -> 0.2 | BD6: {=IFERROR(IF(SUM(IF(ABS(INDEX(tblPiNHistorical[[CCCM]:[WASH]], MATCH(tblPiNAnalysis[[#This Row],[ID]],tblPiNHistorical[ID], 0),MATCH(_xlfn._xlws.FILTER(tblPiNAnalysis[[#Headers],[CCCM]:[WASH]], tblPiNAnalysis[[#This Row],[2nd Highest PiN]]=tblPiNAnalysis[[#This Row],[CCCM]:[WASH]]), tblPiNHistorical[[#Headers],[CCCM]:[WASH]], 0)))>=flag_pin_historical, 1, 0))>0, "Flagged", ""), "")} | BE6: =INDEX(tblSeverityAnalysis[Final Severity], MATCH(tblPiNAnalysis[[#This Row],[ID]],tblSeverityAnalysis[ID], 0)) -> 4 | BF6: =IF(tblPiNAnalysis[[#This Row],[Severity]]>2,tblPiNAnalysis[[#This Row],[Highest PiN]],) -> 22052 | BI6: =COUNTIFS(tblPiNAnalysis[[#This Row],[Number of missing / zero PiNs greater than threshold - Data quality]:[Manual Flag]],"Flagged") -> 2 | BJ6: =IF(tblPiNAnalysis[[#This Row],['# Flags]]>0, "Flagged", "") -> Flagged | BK6: =tblPiNAnalysis[[#This Row],[Preliminary PiN]] -> 22052 | BM6: =IFERROR(IF(tblPiNAnalysis[[#This Row],[Severity]]=3,tblPiNAnalysis[[#This Row],[Final PiN]]*Thresholds!$D$35,tblPiNAnalysis[[#This Row],[Final PiN]]*Thresholds!$D$36),) -> 22052 | BN6: =IFERROR(IF(tblPiNAnalysis[[#This Row],[Severity]]>3,tblPiNAnalysis[[#This Row],[Final PiN]]*Thresholds!$D$36,),) -> 22052
A7: MZ0104 | B7: Cabo Delgado | C7: MZ01 | D7: Cidade De Pemba | E7: MZ0104 | I7: 59691 | J7: IDPs | K7: 0 | L7: 4915 | M7: 5153 | N7: 23711 | O7: 1101.6011 | P7: 7754 | Q7: 45183 | R7: 43317 | S7: 0 | T7: 4574 | U7: 3731 | V7: 7754 | W7: =IFERROR(IF(tblPiNAnalysis[[#This Row],[CCCM]]="", "", MROUND(tblPiNAnalysis[[#This Row],[CCCM]]/tblPiNAnalysis[[#This Row],[Population]], 0.05)), "") -> 0 | X7: =IFERROR(IF(tblPiNAnalysis[[#This Row],[Education]]="", "", MROUND(tblPiNAnalysis[[#This Row],[Education]]/tblPiNAnalysis[[#This Row],[Population]], 0.05)), "") -> 0.1 | Y7: =IFERROR(IF(tblPiNAnalysis[[#This Row],[Nutrition]]="", "", MROUND(tblPiNAnalysis[[#This Row],[Nutrition]]/tblPiNAnalysis[[#This Row],[Population]], 0.05)), "") -> 0.1 | Z7: =IFERROR(IF(tblPiNAnalysis[[#This Row],[Food Security]]="", "", MROUND(tblPiNAnalysis[[#This Row],[Food Security]]/tblPiNAnalysis[[#This Row],[Population]], 0.05)), "") -> 0.4 | AA7: =IFERROR(IF(tblPiNAnalysis[[#This Row],[Health]]="", "", MROUND(tblPiNAnalysis[[#This Row],[Health]]/tblPiNAnalysis[[#This Row],[Population]], 0.05)), "") -> 0 | AB7: =IFERROR(IF(tblPiNAnalysis[[#This Row],[Overarching Protection]]="", "", MROUND(tblPiNAnalysis[[#This Row],[Overarching Protection]]/tblPiNAnalysis[[#This Row],[Population]], 0.05)), "") -> 0.15 | AC7: =IFERROR(IF(tblPiNAnalysis[[#This Row],[Shelter]]="", "", MROUND(tblPiNAnalysis[[#This Row],[Shelter]]/tblPiNAnalysis[[#This Row],[Population]], 0.05)), "") -> 0.75 | AD7: =IFERROR(IF(tblPiNAnalysis[[#This Row],[WASH]]="", "", MROUND(tblPiNAnalysis[[#This Row],[WASH]]/tblPiNAnalysis[[#This Row],[Population]], 0.05)), "") -> 0.75 | AE7: =IFERROR(MROUND(tblPiNAnalysis[[#This Row],[CP]]/tblPiNAnalysis[[#This Row],[Population]], 0.05), "") -> 0 | AF7: =IFERROR(MROUND(tblPiNAnalysis[[#This Row],[GBV]]/tblPiNAnalysis[[#This Row],[Population]], 0.05), "") -> 0.1 | AG7: =IFERROR(MROUND(tblPiNAnalysis[[#This Row],[GP]]/tblPiNAnalysis[[#This Row],[Population]], 0.05), "") -> 0.05 | AH7: =IFERROR(MROUND(tblPiNAnalysis[[#This Row],[HLP]]/tblPiNAnalysis[[#This Row],[Population]], 0.05), "") -> 0.15 | AI7: =IFERROR(LARGE(tblPiNAnalysis[[#This Row],[CCCM]:[WASH]], 1), "") -> 45183 | AJ7: {=IF(tblPiNAnalysis[[#This Row],[Highest PiN]]="", "", _xlfn.TEXTJOIN(CHAR(10), TRUE, IF(tblPiNAnalysis[[#This Row],[Highest PiN]]=tblPiNAnalysis[[#This Row],[CCCM]:[WASH]], tblPiNAnalysis[[#Headers],[CCCM]:[WASH]], "")))} -> Shelter | AK7: =IF(tblPiNAnalysis[[#This Row],[Highest PiN]]="", "", tblPiNAnalysis[[#This Row],[Highest PiN]]/tblPiNAnalysis[[#This Row],[Population]]) -> 0.75694828 | AL7: =IF(SUM(tblPiNAnalysis[[#This Row],[CCCM]:[WASH]])=0, "",IF(COUNTIF(tblPiNAnalysis[[#This Row],[CCCM]:[WASH]],"=0")+COUNTIF(tblPiNAnalysis[[#This Row],[CCCM]:[WASH]],"")>=zero_pin_thresh, "Flagged", "")) | AM7: =IFERROR(IF(tblPiNAnalysis[[#This Row],[Highest PiN]]="", "", IF(tblPiNAnalysis[[#This Row],[Highest sector(s'') PiN %]]>=flag_pin_perc, "Flagged", "")), "") | AN7: {=IF(tblPiNAnalysis[[#This Row],[Highest PiN]]=0, "", IF(OR(COUNTIF(tblPiNAnalysis[[#This Row],[Highest sector(s)]],tblSubSectorPopulation[Sector])), "Flagged", ""))} | AO7: {=IFERROR(_xlfn.IFS(tblPiNAnalysis[[#This Row],[Highest PiN]]="", "", LARGE(tblPiNAnalysis[[#This Row],[CCCM]:[WASH]], 2) < tblPiNAnalysis[[#This Row],[Highest PiN]], LARGE(tblPiNAnalysis[[#This Row],[CCCM]:[WASH]], 2), LARGE(tblPiNAnalysis[[#This Row],[CCCM]:[WASH]], 3) < tblPiNAnalysis[[#This Row],[Highest PiN]], LARGE(tblPiNAnalysis[[#This Row],[CCCM]:[WASH]], 3), LARGE(tblPiNAnalysis[[#This Row],[CCCM]:[WASH]], 4) < tblPiNAnalysis[[#This Row],[Highest PiN]], LARGE(tblPiNAnalysis[[#This Row],[CCCM]:[WASH]], 4), LARGE(tblPiNAnalysis[[#This Row],[CCCM]:[WASH]], 5) < tblPiNAnalysis[[#This Row],[Highest PiN]], LARGE(tblPiNAnalysis[[#This Row],[CCCM]:[WASH]], 5), LARGE(tblPiNAnalysis[[#This Row],[CCCM]:[WASH]], 6) < tblPiNAnalysis[[#This Row],[Highest PiN]], LARGE(tblPiNAnalysis[[#This Row],[CCCM]:[WASH]], 6), LARGE(tblPiNAnalysis[[#This Row],[CCCM]:[WASH]], 7) <tblPiNAnalysis[[#This Row],[Highest PiN]], LARGE(tblPiNAnalysis[[#This Row],[CCCM]:[WASH]], 7), LARGE(tblPiNAnalysis[[#This Row],[CCCM]:[WASH]], 8) <= tblPiNAnalysis[[#This Row],[Highest PiN]], LARGE(tblPiNAnalysis[[#This Row],[CCCM]:[WASH]], 8)), "NA")} -> 43317 | AP7: {=IF(tblPiNAnalysis[[#This Row],[2nd Highest PiN]]="", "", _xlfn.TEXTJOIN(CHAR(10), TRUE, IF(tblPiNAnalysis[[#This Row],[2nd Highest PiN]]=tblPiNAnalysis[[#This Row],[CCCM]:[WASH]], tblPiNAnalysis[[#Headers],[CCCM]:[WASH]], "")))} -> WASH | AQ7: =IFERROR(tblPiNAnalysis[[#This Row],[2nd Highest PiN]]/tblPiNAnalysis[[#This Row],[Population]], "") -> 0.72568729 | AR7: =IFERROR(tblPiNAnalysis[[#This Row],[Highest PiN]]-tblPiNAnalysis[[#This Row],[2nd Highest PiN]], "") -> 1866 | AS7: =IFERROR(((tblPiNAnalysis[[#This Row],[Highest PiN]]-tblPiNAnalysis[[#This Row],[2nd Highest PiN]])/tblPiNAnalysis[[#This Row],[2nd Highest PiN]]),"") -> 0.043077775 | AT7: {=_xlfn.IFS(tblPiNAnalysis[[#This Row],[% Difference between Highest and 2nd Highest]]="", "", SUM(IF(IF(tblPiNAnalysis[[#This Row],[Highest PiN]]=tblPiNAnalysis[[#This Row],[CCCM]:[WASH]], tblPiNAnalysis[[#Headers],[CCCM]:[WASH]], "")<>"", 1, 0))>1, "",tblPiNAnalysis[[#This Row],[% Difference between Highest and 2nd Highest]]>=perc_1st_2nd, "Flagged", TRUE(), "")} | AU7: {=IFERROR(_xlfn.IFS(tblPiNAnalysis[[#This Row],[2nd Highest PiN]]="", "", LARGE(tblPiNAnalysis[[#This Row],[CCCM]:[WASH]], 3) < tblPiNAnalysis[[#This Row],[2nd Highest PiN]], LARGE(tblPiNAnalysis[[#This Row],[CCCM]:[WASH]], 3), LARGE(tblPiNAnalysis[[#This Row],[CCCM]:[WASH]], 4) < tblPiNAnalysis[[#This Row],[2nd Highest PiN]], LARGE(tblPiNAnalysis[[#This Row],[CCCM]:[WASH]], 4), LARGE(tblPiNAnalysis[[#This Row],[CCCM]:[WASH]], 5) < tblPiNAnalysis[[#This Row],[2nd Highest PiN]], LARGE(tblPiNAnalysis[[#This Row],[CCCM]:[WASH]], 5), LARGE(tblPiNAnalysis[[#This Row],[CCCM]:[WASH]], 6) < tblPiNAnalysis[[#This Row],[2nd Highest PiN]], LARGE(tblPiNAnalysis[[#This Row],[CCCM]:[WASH]], 6), LARGE(tblPiNAnalysis[[#This Row],[CCCM]:[WASH]], 7) <tblPiNAnalysis[[#This Row],[2nd Highest PiN]], LARGE(tblPiNAnalysis[[#This Row],[CCCM]:[WASH]], 7), LARGE(tblPiNAnalysis[[#This Row],[CCCM]:[WASH]], 8) <= tblPiNAnalysis[[#This Row],[2nd Highest PiN]], LARGE(tblPiNAnalysis[[#This Row],[CCCM]:[WASH]], 8)), "NA")} -> 23711 | AV7: {=IF(tblPiNAnalysis[[#This Row],[3rd Highest PiN]]="", "", _xlfn.TEXTJOIN(CHAR(10), TRUE, IF(tblPiNAnalysis[[#This Row],[3rd Highest PiN]]=tblPiNAnalysis[[#This Row],[CCCM]:[WASH]], tblPiNAnalysis[[#Headers],[CCCM]:[WASH]], "")))} -> Food Security | AW7: =IFERROR(tblPiNAnalysis[[#This Row],[3rd Highest PiN]]/tblPiNAnalysis[[#This Row],[Population]], "") -> 0.39722906 | AX7: =IFERROR(tblPiNAnalysis[[#This Row],[Highest PiN]]-tblPiNAnalysis[[#This Row],[3rd Highest PiN]],"") -> 21472 | AY7: =IFERROR(tblPiNAnalysis[[#This Row],[Difference of PiN between Highest and 3rd Highest]]/tblPiNAnalysis[[#This Row],[3rd Highest PiN]], "") -> 0.90557125 | AZ7: {=_xlfn.IFS(tblPiNAnalysis[[#This Row],[Difference of PiN between Highest and 3rd Highest]]="", "", SUM(IF(IF(tblPiNAnalysis[[#This Row],[Highest PiN]]=tblPiNAnalysis[[#This Row],[CCCM]:[WASH]], tblPiNAnalysis[[#Headers],[CCCM]:[WASH]], "")<>"", 1, 0))>1, "",tblPiNAnalysis[[#This Row],[% Difference between Highest and 3rd Highest]]>=perc_1st_3rd, "Flagged", 1=1, "")} -> Flagged | BA7: {=IFERROR(IF(tblPiNAnalysis[[#This Row],[ID]]="", "", INDEX(tblPiNHistorical[[CCCM]:[WASH]], MATCH(tblPiNAnalysis[[#This Row],[ID]],tblPiNHistorical[ID], 0),MATCH(_xlfn._xlws.FILTER(tblPiNAnalysis[[#Headers],[CCCM]:[WASH]], tblPiNAnalysis[[#This Row],[Highest PiN]]=tblPiNAnalysis[[#This Row],[CCCM]:[WASH]]), tblPiNHistorical[[#Headers],[CCCM]:[WASH]], 0))), "")} -> 0.5 | BB7: {=IFERROR(IF(SUM(IF(ABS(INDEX(tblPiNHistorical[[CCCM]:[WASH]], MATCH(tblPiNAnalysis[[#This Row],[ID]],tblPiNHistorical[ID], 0),MATCH(_xlfn._xlws.FILTER(tblPiNAnalysis[[#Headers],[CCCM]:[WASH]], tblPiNAnalysis[[#This Row],[Highest PiN]]=tblPiNAnalysis[[#This Row],[CCCM]:[WASH]]), tblPiNHistorical[[#Headers],[CCCM]:[WASH]], 0)))>=flag_pin_historical, 1, 0))>0, "Flagged", ""), "")} | BC7: {=IFERROR(IF(tblPiNAnalysis[[#This Row],[ID]]="", "", INDEX(tblPiNHistorical[[CCCM]:[WASH]], MATCH(tblPiNAnalysis[[#This Row],[ID]],tblPiNHistorical[ID], 0),MATCH(_xlfn._xlws.FILTER(tblPiNAnalysis[[#Headers],[CCCM]:[WASH]], tblPiNAnalysis[[#This Row],[2nd Highest PiN]]=tblPiNAnalysis[[#This Row],[CCCM]:[WASH]]), tblPiNHistorical[[#Headers],[CCCM]:[WASH]], 0))), "")} -> 0.2 | BD7: {=IFERROR(IF(SUM(IF(ABS(INDEX(tblPiNHistorical[[CCCM]:[WASH]], MATCH(tblPiNAnalysis[[#This Row],[ID]],tblPiNHistorical[ID], 0),MATCH(_xlfn._xlws.FILTER(tblPiNAnalysis[[#Headers],[CCCM]:[WASH]], tblPiNAnalysis[[#This Row],[2nd Highest PiN]]=tblPiNAnalysis[[#This Row],[CCCM]:[WASH]]), tblPiNHistorical[[#Headers],[CCCM]:[WASH]], 0)))>=flag_pin_historical, 1, 0))>0, "Flagged", ""), "")} | BE7: =INDEX(tblSeverityAnalysis[Final Severity], MATCH(tblPiNAnalysis[[#This Row],[ID]],tblSeverityAnalysis[ID], 0)) -> 3 | BF7: =IF(tblPiNAnalysis[[#This Row],[Severity]]>2,tblPiNAnalysis[[#This Row],[Highest PiN]],) -> 45183 | BI7: =COUNTIFS(tblPiNAnalysis[[#This Row],[Number of missing / zero PiNs greater than threshold - Data quality]:[Manual Flag]],"Flagged") -> 1 | BJ7: =IF(tblPiNAnalysis[[#This Row],['# Flags]]>0, "Flagged", "") -> Flagged | BK7: =tblPiNAnalysis[[#This Row],[Preliminary PiN]] -> 45183 | BM7: =IFERROR(IF(tblPiNAnalysis[[#This Row],[Severity]]=3,tblPiNAnalysis[[#This Row],[Final PiN]]*Thresholds!$D$35,tblPiNAnalysis[[#This Row],[Final PiN]]*Thresholds!$D$36),) -> 22591.5 | BN7: =IFERROR(IF(tblPiNAnalysis[[#This Row],[Severity]]>3,tblPiNAnalysis[[#This Row],[Final PiN]]*Thresholds!$D$36,),) -> 0
A8: MZ0105 | B8: Cabo Delgado | C8: MZ01 | D8: Ibo | E8: MZ0105 | I8: 19901 | J8: IDPs | K8: 19901 | L8: 1769 | M8: 1863 | N8: 3175 | O8: 9845.3743 | P8: 9987 | Q8: 9191 | R8: 17006 | S8: 3776 | T8: 7799 | U8: 9987 | V8: 3776 | W8: =IFERROR(IF(tblPiNAnalysis[[#This Row],[CCCM]]="", "", MROUND(tblPiNAnalysis[[#This Row],[CCCM]]/tblPiNAnalysis[[#This Row],[Population]], 0.05)), "") -> 1 | X8: =IFERROR(IF(tblPiNAnalysis[[#This Row],[Education]]="", "", MROUND(tblPiNAnalysis[[#This Row],[Education]]/tblPiNAnalysis[[#This Row],[Population]], 0.05)), "") -> 0.1 | Y8: =IFERROR(IF(tblPiNAnalysis[[#This Row],[Nutrition]]="", "", MROUND(tblPiNAnalysis[[#This Row],[Nutrition]]/tblPiNAnalysis[[#This Row],[Population]], 0.05)), "") -> 0.1 | Z8: =IFERROR(IF(tblPiNAnalysis[[#This Row],[Food Security]]="", "", MROUND(tblPiNAnalysis[[#This Row],[Food Security]]/tblPiNAnalysis[[#This Row],[Population]], 0.05)), "") -> 0.15 | AA8: =IFERROR(IF(tblPiNAnalysis[[#This Row],[Health]]="", "", MROUND(tblPiNAnalysis[[#This Row],[Health]]/tblPiNAnalysis[[#This Row],[Population]], 0.05)), "") -> 0.5 | AB8: =IFERROR(IF(tblPiNAnalysis[[#This Row],[Overarching Protection]]="", "", MROUND(tblPiNAnalysis[[#This Row],[Overarching Protection]]/tblPiNAnalysis[[#This Row],[Population]], 0.05)), "") -> 0.5 | AC8: =IFERROR(IF(tblPiNAnalysis[[#This Row],[Shelter]]="", "", MROUND(tblPiNAnalysis[[#This Row],[Shelter]]/tblPiNAnalysis[[#This Row],[Population]], 0.05)), "") -> 0.45 | AD8: =IFERROR(IF(tblPiNAnalysis[[#This Row],[WASH]]="", "", MROUND(tblPiNAnalysis[[#This Row],[WASH]]/tblPiNAnalysis[[#This Row],[Population]], 0.05)), "") -> 0.85 | AE8: =IFERROR(MROUND(tblPiNAnalysis[[#This Row],[CP]]/tblPiNAnalysis[[#This Row],[Population]], 0.05), "") -> 0.2 | AF8: =IFERROR(MROUND(tblPiNAnalysis[[#This Row],[GBV]]/tblPiNAnalysis[[#This Row],[Population]], 0.05), "") -> 0.4 | AG8: =IFERROR(MROUND(tblPiNAnalysis[[#This Row],[GP]]/tblPiNAnalysis[[#This Row],[Population]], 0.05), "") -> 0.5 | AH8: =IFERROR(MROUND(tblPiNAnalysis[[#This Row],[HLP]]/tblPiNAnalysis[[#This Row],[Population]], 0.05), "") -> 0.2 | AI8: =IFERROR(LARGE(tblPiNAnalysis[[#This Row],[CCCM]:[WASH]], 1), "") -> 19901 | AJ8: {=IF(tblPiNAnalysis[[#This Row],[Highest PiN]]="", "", _xlfn.TEXTJOIN(CHAR(10), TRUE, IF(tblPiNAnalysis[[#This Row],[Highest PiN]]=tblPiNAnalysis[[#This Row],[CCCM]:[WASH]], tblPiNAnalysis[[#Headers],[CCCM]:[WASH]], "")))} -> CCCM | AK8: =IF(tblPiNAnalysis[[#This Row],[Highest PiN]]="", "", tblPiNAnalysis[[#This Row],[Highest PiN]]/tblPiNAnalysis[[#This Row],[Population]]) -> 1 | AL8: =IF(SUM(tblPiNAnalysis[[#This Row],[CCCM]:[WASH]])=0, "",IF(COUNTIF(tblPiNAnalysis[[#This Row],[CCCM]:[WASH]],"=0")+COUNTIF(tblPiNAnalysis[[#This Row],[CCCM]:[WASH]],"")>=zero_pin_thresh, "Flagged", "")) | AM8: =IFERROR(IF(tblPiNAnalysis[[#This Row],[Highest PiN]]="", "", IF(tblPiNAnalysis[[#This Row],[Highest sector(s'') PiN %]]>=flag_pin_perc, "Flagged", "")), "") -> Flagged | AN8: {=IF(tblPiNAnalysis[[#This Row],[Highest PiN]]=0, "", IF(OR(COUNTIF(tblPiNAnalysis[[#This Row],[Highest sector(s)]],tblSubSectorPopulation[Sector])), "Flagged", ""))} | AO8: {=IFERROR(_xlfn.IFS(tblPiNAnalysis[[#This Row],[Highest PiN]]="", "", LARGE(tblPiNAnalysis[[#This Row],[CCCM]:[WASH]], 2) < tblPiNAnalysis[[#This Row],[Highest PiN]], LARGE(tblPiNAnalysis[[#This Row],[CCCM]:[WASH]], 2), LARGE(tblPiNAnalysis[[#This Row],[CCCM]:[WASH]], 3) < tblPiNAnalysis[[#This Row],[Highest PiN]], LARGE(tblPiNAnalysis[[#This Row],[CCCM]:[WASH]], 3), LARGE(tblPiNAnalysis[[#This Row],[CCCM]:[WASH]], 4) < tblPiNAnalysis[[#This Row],[Highest PiN]], LARGE(tblPiNAnalysis[[#This Row],[CCCM]:[WASH]], 4), LARGE(tblPiNAnalysis[[#This Row],[CCCM]:[WASH]], 5) < tblPiNAnalysis[[#This Row],[Highest PiN]], LARGE(tblPiNAnalysis[[#This Row],[CCCM]:[WASH]], 5), LARGE(tblPiNAnalysis[[#This Row],[CCCM]:[WASH]], 6) < tblPiNAnalysis[[#This Row],[Highest PiN]], LARGE(tblPiNAnalysis[[#This Row],[CCCM]:[WASH]], 6), LARGE(tblPiNAnalysis[[#This Row],[CCCM]:[WASH]], 7) <tblPiNAnalysis[[#This Row],[Highest PiN]], LARGE(tblPiNAnalysis[[#This Row],[CCCM]:[WASH]], 7), LARGE(tblPiNAnalysis[[#This Row],[CCCM]:[WASH]], 8) <= tblPiNAnalysis[[#This Row],[Highest PiN]], LARGE(tblPiNAnalysis[[#This Row],[CCCM]:[WASH]], 8)), "NA")} -> 17006 | AP8: {=IF(tblPiNAnalysis[[#This Row],[2nd Highest PiN]]="", "", _xlfn.TEXTJOIN(CHAR(10), TRUE, IF(tblPiNAnalysis[[#This Row],[2nd Highest PiN]]=tblPiNAnalysis[[#This Row],[CCCM]:[WASH]], tblPiNAnalysis[[#Headers],[CCCM]:[WASH]], "")))} -> WASH | AQ8: =IFERROR(tblPiNAnalysis[[#This Row],[2nd Highest PiN]]/tblPiNAnalysis[[#This Row],[Population]], "") -> 0.85452992 | AR8: =IFERROR(tblPiNAnalysis[[#This Row],[Highest PiN]]-tblPiNAnalysis[[#This Row],[2nd Highest PiN]], "") -> 2895 | AS8: =IFERROR(((tblPiNAnalysis[[#This Row],[Highest PiN]]-tblPiNAnalysis[[#This Row],[2nd Highest PiN]])/tblPiNAnalysis[[#This Row],[2nd Highest PiN]]),"") -> 0.17023404 | AT8: {=_xlfn.IFS(tblPiNAnalysis[[#This Row],[% Difference between Highest and 2nd Highest]]="", "", SUM(IF(IF(tblPiNAnalysis[[#This Row],[Highest PiN]]=tblPiNAnalysis[[#This Row],[CCCM]:[WASH]], tblPiNAnalysis[[#Headers],[CCCM]:[WASH]], "")<>"", 1, 0))>1, "",tblPiNAnalysis[[#This Row],[% Difference between Highest and 2nd Highest]]>=perc_1st_2nd, "Flagged", TRUE(), "")} | AU8: {=IFERROR(_xlfn.IFS(tblPiNAnalysis[[#This Row],[2nd Highest PiN]]="", "", LARGE(tblPiNAnalysis[[#This Row],[CCCM]:[WASH]], 3) < tblPiNAnalysis[[#This Row],[2nd Highest PiN]], LARGE(tblPiNAnalysis[[#This Row],[CCCM]:[WASH]], 3), LARGE(tblPiNAnalysis[[#This Row],[CCCM]:[WASH]], 4) < tblPiNAnalysis[[#This Row],[2nd Highest PiN]], LARGE(tblPiNAnalysis[[#This Row],[CCCM]:[WASH]], 4), LARGE(tblPiNAnalysis[[#This Row],[CCCM]:[WASH]], 5) < tblPiNAnalysis[[#This Row],[2nd Highest PiN]], LARGE(tblPiNAnalysis[[#This Row],[CCCM]:[WASH]], 5), LARGE(tblPiNAnalysis[[#This Row],[CCCM]:[WASH]], 6) < tblPiNAnalysis[[#This Row],[2nd Highest PiN]], LARGE(tblPiNAnalysis[[#This Row],[CCCM]:[WASH]], 6), LARGE(tblPiNAnalysis[[#This Row],[CCCM]:[WASH]], 7) <tblPiNAnalysis[[#This Row],[2nd Highest PiN]], LARGE(tblPiNAnalysis[[#This Row],[CCCM]:[WASH]], 7), LARGE(tblPiNAnalysis[[#This Row],[CCCM]:[WASH]], 8) <= tblPiNAnalysis[[#This Row],[2nd Highest PiN]], LARGE(tblPiNAnalysis[[#This Row],[CCCM]:[WASH]], 8)), "NA")} -> 9987 | AV8: {=IF(tblPiNAnalysis[[#This Row],[3rd Highest PiN]]="", "", _xlfn.TEXTJOIN(CHAR(10), TRUE, IF(tblPiNAnalysis[[#This Row],[3rd Highest PiN]]=tblPiNAnalysis[[#This Row],[CCCM]:[WASH]], tblPiNAnalysis[[#Headers],[CCCM]:[WASH]], "")))} -> Overarching Protection | AW8: =IFERROR(tblPiNAnalysis[[#This Row],[3rd Highest PiN]]/tblPiNAnalysis[[#This Row],[Population]], "") -> 0.50183408 | AX8: =IFERROR(tblPiNAnalysis[[#This Row],[Highest PiN]]-tblPiNAnalysis[[#This Row],[3rd Highest PiN]],"") -> 9914 | AY8: =IFERROR(tblPiNAnalysis[[#This Row],[Difference of PiN between Highest and 3rd Highest]]/tblPiNAnalysis[[#This Row],[3rd Highest PiN]], "") -> 0.9926905 | AZ8: {=_xlfn.IFS(tblPiNAnalysis[[#This Row],[Difference of PiN between Highest and 3rd Highest]]="", "", SUM(IF(IF(tblPiNAnalysis[[#This Row],[Highest PiN]]=tblPiNAnalysis[[#This Row],[CCCM]:[WASH]], tblPiNAnalysis[[#Headers],[CCCM]:[WASH]], "")<>"", 1, 0))>1, "",tblPiNAnalysis[[#This Row],[% Difference between Highest and 3rd Highest]]>=perc_1st_3rd, "Flagged", 1=1, "")} -> Flagged | BA8: {=IFERROR(IF(tblPiNAnalysis[[#This Row],[ID]]="", "", INDEX(tblPiNHistorical[[CCCM]:[WASH]], MATCH(tblPiNAnalysis[[#This Row],[ID]],tblPiNHistorical[ID], 0),MATCH(_xlfn._xlws.FILTER(tblPiNAnalysis[[#Headers],[CCCM]:[WASH]], tblPiNAnalysis[[#This Row],[Highest PiN]]=tblPiNAnalysis[[#This Row],[CCCM]:[WASH]]), tblPiNHistorical[[#Headers],[CCCM]:[WASH]], 0))), "")} -> 3.9 | BB8: {=IFERROR(IF(SUM(IF(ABS(INDEX(tblPiNHistorical[[CCCM]:[WASH]], MATCH(tblPiNAnalysis[[#This Row],[ID]],tblPiNHistorical[ID], 0),MATCH(_xlfn._xlws.FILTER(tblPiNAnalysis[[#Headers],[CCCM]:[WASH]], tblPiNAnalysis[[#This Row],[Highest PiN]]=tblPiNAnalysis[[#This Row],[CCCM]:[WASH]]), tblPiNHistorical[[#Headers],[CCCM]:[WASH]], 0)))>=flag_pin_historical, 1, 0))>0, "Flagged", ""), "")} -> Flagged | BC8: {=IFERROR(IF(tblPiNAnalysis[[#This Row],[ID]]="", "", INDEX(tblPiNHistorical[[CCCM]:[WASH]], MATCH(tblPiNAnalysis[[#This Row],[ID]],tblPiNHistorical[ID], 0),MATCH(_xlfn._xlws.FILTER(tblPiNAnalysis[[#Headers],[CCCM]:[WASH]], tblPiNAnalysis[[#This Row],[2nd Highest PiN]]=tblPiNAnalysis[[#This Row],[CCCM]:[WASH]]), tblPiNHistorical[[#Headers],[CCCM]:[WASH]], 0))), "")} -> -0.1 | BD8: {=IFERROR(IF(SUM(IF(ABS(INDEX(tblPiNHistorical[[CCCM]:[WASH]], MATCH(tblPiNAnalysis[[#This Row],[ID]],tblPiNHistorical[ID], 0),MATCH(_xlfn._xlws.FILTER(tblPiNAnalysis[[#Headers],[CCCM]:[WASH]], tblPiNAnalysis[[#This Row],[2nd Highest PiN]]=tblPiNAnalysis[[#This Row],[CCCM]:[WASH]]), tblPiNHistorical[[#Headers],[CCCM]:[WASH]], 0)))>=flag_pin_historical, 1, 0))>0, "Flagged", ""), "")} | BE8: =INDEX(tblSeverityAnalysis[Final Severity], MATCH(tblPiNAnalysis[[#This Row],[ID]],tblSeverityAnalysis[ID], 0)) -> 3 | BF8: =IF(tblPiNAnalysis[[#This Row],[Severity]]>2,tblPiNAnalysis[[#This Row],[Highest PiN]],) -> 19901 | BI8: =COUNTIFS(tblPiNAnalysis[[#This Row],[Number of missing / zero PiNs greater than threshold - Data quality]:[Manual Flag]],"Flagged") -> 3 | BJ8: =IF(tblPiNAnalysis[[#This Row],['# Flags]]>0, "Flagged", "") -> Flagged | BK8: =tblPiNAnalysis[[#This Row],[Preliminary PiN]] -> 19901 | BM8: =IFERROR(IF(tblPiNAnalysis[[#This Row],[Severity]]=3,tblPiNAnalysis[[#This Row],[Final PiN]]*Thresholds!$D$35,tblPiNAnalysis[[#This Row],[Final PiN]]*Thresholds!$D$36),) -> 9950.5 | BN8: =IFERROR(IF(tblPiNAnalysis[[#This Row],[Severity]]>3,tblPiNAnalysis[[#This Row],[Final PiN]]*Thresholds!$D$36,),) -> 0
A9: MZ0106 | B9: Cabo Delgado | C9: MZ01 | D9: Macomia | E9: MZ0106 | I9: 51599 | J9: IDPs | K9: 51599 | L9: 10423 | M9: 5518 | N9: 13980 | O9: 40684.851 | P9: 37981 | Q9: 41208 | R9: 40849 | S9: 9784 | T9: 20203 | U9: 37981 | V9: 4892 | W9: =IFERROR(IF(tblPiNAnalysis[[#This Row],[CCCM]]="", "", MROUND(tblPiNAnalysis[[#This Row],[CCCM]]/tblPiNAnalysis[[#This Row],[Population]], 0.05)), "") -> 1 | X9: =IFERROR(IF(tblPiNAnalysis[[#This Row],[Education]]="", "", MROUND(tblPiNAnalysis[[#This Row],[Education]]/tblPiNAnalysis[[#This Row],[Population]], 0.05)), "") -> 0.2 | Y9: =IFERROR(IF(tblPiNAnalysis[[#This Row],[Nutrition]]="", "", MROUND(tblPiNAnalysis[[#This Row],[Nutrition]]/tblPiNAnalysis[[#This Row],[Population]], 0.05)), "") -> 0.1 | Z9: =IFERROR(IF(tblPiNAnalysis[[#This Row],[Food Security]]="", "", MROUND(tblPiNAnalysis[[#This Row],[Food Security]]/tblPiNAnalysis[[#This Row],[Population]], 0.05)), "") -> 0.25 | AA9: =IFERROR(IF(tblPiNAnalysis[[#This Row],[Health]]="", "", MROUND(tblPiNAnalysis[[#This Row],[Health]]/tblPiNAnalysis[[#This Row],[Population]], 0.05)), "") -> 0.8 | AB9: =IFERROR(IF(tblPiNAnalysis[[#This Row],[Overarching Protection]]="", "", MROUND(tblPiNAnalysis[[#This Row],[Overarching Protection]]/tblPiNAnalysis[[#This Row],[Population]], 0.05)), "") -> 0.75 | AC9: =IFERROR(IF(tblPiNAnalysis[[#This Row],[Shelter]]="", "", MROUND(tblPiNAnalysis[[#This Row],[Shelter]]/tblPiNAnalysis[[#This Row],[Population]], 0.05)), "") -> 0.8 | AD9: =IFERROR(IF(tblPiNAnalysis[[#This Row],[WASH]]="", "", MROUND(tblPiNAnalysis[[#This Row],[WASH]]/tblPiNAnalysis[[#This Row],[Population]], 0.05)), "") -> 0.8 | AE9: =IFERROR(MROUND(tblPiNAnalysis[[#This Row],[CP]]/tblPiNAnalysis[[#This Row],[Population]], 0.05), "") -> 0.2 | AF9: =IFERROR(MROUND(tblPiNAnalysis[[#This Row],[GBV]]/tblPiNAnalysis[[#This Row],[Population]], 0.05), "") -> 0.4 | AG9: =IFERROR(MROUND(tblPiNAnalysis[[#This Row],[GP]]/tblPiNAnalysis[[#This Row],[Population]], 0.05), "") -> 0.75 | AH9: =IFERROR(MROUND(tblPiNAnalysis[[#This Row],[HLP]]/tblPiNAnalysis[[#This Row],[Population]], 0.05), "") -> 0.1 | AI9: =IFERROR(LARGE(tblPiNAnalysis[[#This Row],[CCCM]:[WASH]], 1), "") -> 51599 | AJ9: {=IF(tblPiNAnalysis[[#This Row],[Highest PiN]]="", "", _xlfn.TEXTJOIN(CHAR(10), TRUE, IF(tblPiNAnalysis[[#This Row],[Highest PiN]]=tblPiNAnalysis[[#This Row],[CCCM]:[WASH]], tblPiNAnalysis[[#Headers],[CCCM]:[WASH]], "")))} -> CCCM | AK9: =IF(tblPiNAnalysis[[#This Row],[Highest PiN]]="", "", tblPiNAnalysis[[#This Row],[Highest PiN]]/tblPiNAnalysis[[#This Row],[Population]]) -> 1 | AL9: =IF(SUM(tblPiNAnalysis[[#This Row],[CCCM]:[WASH]])=0, "",IF(COUNTIF(tblPiNAnalysis[[#This Row],[CCCM]:[WASH]],"=0")+COUNTIF(tblPiNAnalysis[[#This Row],[CCCM]:[WASH]],"")>=zero_pin_thresh, "Flagged", "")) | AM9: =IFERROR(IF(tblPiNAnalysis[[#This Row],[Highest PiN]]="", "", IF(tblPiNAnalysis[[#This Row],[Highest sector(s'') PiN %]]>=flag_pin_perc, "Flagged", "")), "") -> Flagged | AN9: {=IF(tblPiNAnalysis[[#This Row],[Highest PiN]]=0, "", IF(OR(COUNTIF(tblPiNAnalysis[[#This Row],[Highest sector(s)]],tblSubSectorPopulation[Sector])), "Flagged", ""))} | AO9: {=IFERROR(_xlfn.IFS(tblPiNAnalysis[[#This Row],[Highest PiN]]="", "", LARGE(tblPiNAnalysis[[#This Row],[CCCM]:[WASH]], 2) < tblPiNAnalysis[[#This Row],[Highest PiN]], LARGE(tblPiNAnalysis[[#This Row],[CCCM]:[WASH]], 2), LARGE(tblPiNAnalysis[[#This Row],[CCCM]:[WASH]], 3) < tblPiNAnalysis[[#This Row],[Highest PiN]], LARGE(tblPiNAnalysis[[#This Row],[CCCM]:[WASH]], 3), LARGE(tblPiNAnalysis[[#This Row],[CCCM]:[WASH]], 4) < tblPiNAnalysis[[#This Row],[Highest PiN]], LARGE(tblPiNAnalysis[[#This Row],[CCCM]:[WASH]], 4), LARGE(tblPiNAnalysis[[#This Row],[CCCM]:[WASH]], 5) < tblPiNAnalysis[[#This Row],[Highest PiN]], LARGE(tblPiNAnalysis[[#This Row],[CCCM]:[WASH]], 5), LARGE(tblPiNAnalysis[[#This Row],[CCCM]:[WASH]], 6) < tblPiNAnalysis[[#This Row],[Highest PiN]], LARGE(tblPiNAnalysis[[#This Row],[CCCM]:[WASH]], 6), LARGE(tblPiNAnalysis[[#This Row],[CCCM]:[WASH]], 7) <tblPiNAnalysis[[#This Row],[Highest PiN]], LARGE(tblPiNAnalysis[[#This Row],[CCCM]:[WASH]], 7), LARGE(tblPiNAnalysis[[#This Row],[CCCM]:[WASH]], 8) <= tblPiNAnalysis[[#This Row],[Highest PiN]], LARGE(tblPiNAnalysis[[#This Row],[CCCM]:[WASH]], 8)), "NA")} -> 41208 | AP9: {=IF(tblPiNAnalysis[[#This Row],[2nd Highest PiN]]="", "", _xlfn.TEXTJOIN(CHAR(10), TRUE, IF(tblPiNAnalysis[[#This Row],[2nd Highest PiN]]=tblPiNAnalysis[[#This Row],[CCCM]:[WASH]], tblPiNAnalysis[[#Headers],[CCCM]:[WASH]], "")))} -> Shelter | AQ9: =IFERROR(tblPiNAnalysis[[#This Row],[2nd Highest PiN]]/tblPiNAnalysis[[#This Row],[Population]], "") -> 0.79862013 | AR9: =IFERROR(tblPiNAnalysis[[#This Row],[Highest PiN]]-tblPiNAnalysis[[#This Row],[2nd Highest PiN]], "") -> 10391 | AS9: =IFERROR(((tblPiNAnalysis[[#This Row],[Highest PiN]]-tblPiNAnalysis[[#This Row],[2nd Highest PiN]])/tblPiNAnalysis[[#This Row],[2nd Highest PiN]]),"") -> 0.25215977 | AT9: {=_xlfn.IFS(tblPiNAnalysis[[#This Row],[% Difference between Highest and 2nd Highest]]="", "", SUM(IF(IF(tblPiNAnalysis[[#This Row],[Highest PiN]]=tblPiNAnalysis[[#This Row],[CCCM]:[WASH]], tblPiNAnalysis[[#Headers],[CCCM]:[WASH]], "")<>"", 1, 0))>1, "",tblPiNAnalysis[[#This Row],[% Difference between Highest and 2nd Highest]]>=perc_1st_2nd, "Flagged", TRUE(), "")} | AU9: {=IFERROR(_xlfn.IFS(tblPiNAnalysis[[#This Row],[2nd Highest PiN]]="", "", LARGE(tblPiNAnalysis[[#This Row],[CCCM]:[WASH]], 3) < tblPiNAnalysis[[#This Row],[2nd Highest PiN]], LARGE(tblPiNAnalysis[[#This Row],[CCCM]:[WASH]], 3), LARGE(tblPiNAnalysis[[#This Row],[CCCM]:[WASH]], 4) < tblPiNAnalysis[[#This Row],[2nd Highest PiN]], LARGE(tblPiNAnalysis[[#This Row],[CCCM]:[WASH]], 4), LARGE(tblPiNAnalysis[[#This Row],[CCCM]:[WASH]], 5) < tblPiNAnalysis[[#This Row],[2nd Highest PiN]], LARGE(tblPiNAnalysis[[#This Row],[CCCM]:[WASH]], 5), LARGE(tblPiNAnalysis[[#This Row],[CCCM]:[WASH]], 6) < tblPiNAnalysis[[#This Row],[2nd Highest PiN]], LARGE(tblPiNAnalysis[[#This Row],[CCCM]:[WASH]], 6), LARGE(tblPiNAnalysis[[#This Row],[CCCM]:[WASH]], 7) <tblPiNAnalysis[[#This Row],[2nd Highest PiN]], LARGE(tblPiNAnalysis[[#This Row],[CCCM]:[WASH]], 7), LARGE(tblPiNAnalysis[[#This Row],[CCCM]:[WASH]], 8) <= tblPiNAnalysis[[#This Row],[2nd Highest PiN]], LARGE(tblPiNAnalysis[[#This Row],[CCCM]:[WASH]], 8)), "NA")} -> 40849 | AV9: {=IF(tblPiNAnalysis[[#This Row],[3rd Highest PiN]]="", "", _xlfn.TEXTJOIN(CHAR(10), TRUE, IF(tblPiNAnalysis[[#This Row],[3rd Highest PiN]]=tblPiNAnalysis[[#This Row],[CCCM]:[WASH]], tblPiNAnalysis[[#Headers],[CCCM]:[WASH]], "")))} -> WASH | AW9: =IFERROR(tblPiNAnalysis[[#This Row],[3rd Highest PiN]]/tblPiNAnalysis[[#This Row],[Population]], "") -> 0.79166263 | AX9: =IFERROR(tblPiNAnalysis[[#This Row],[Highest PiN]]-tblPiNAnalysis[[#This Row],[3rd Highest PiN]],"") -> 10750 | AY9: =IFERROR(tblPiNAnalysis[[#This Row],[Difference of PiN between Highest and 3rd Highest]]/tblPiNAnalysis[[#This Row],[3rd Highest PiN]], "") -> 0.26316434 | AZ9: {=_xlfn.IFS(tblPiNAnalysis[[#This Row],[Difference of PiN between Highest and 3rd Highest]]="", "", SUM(IF(IF(tblPiNAnalysis[[#This Row],[Highest PiN]]=tblPiNAnalysis[[#This Row],[CCCM]:[WASH]], tblPiNAnalysis[[#Headers],[CCCM]:[WASH]], "")<>"", 1, 0))>1, "",tblPiNAnalysis[[#This Row],[% Difference between Highest and 3rd Highest]]>=perc_1st_3rd, "Flagged", 1=1, "")} | BA9: {=IFERROR(IF(tblPiNAnalysis[[#This Row],[ID]]="", "", INDEX(tblPiNHistorical[[CCCM]:[WASH]], MATCH(tblPiNAnalysis[[#This Row],[ID]],tblPiNHistorical[ID], 0),MATCH(_xlfn._xlws.FILTER(tblPiNAnalysis[[#Headers],[CCCM]:[WASH]], tblPiNAnalysis[[#This Row],[Highest PiN]]=tblPiNAnalysis[[#This Row],[CCCM]:[WASH]]), tblPiNHistorical[[#Headers],[CCCM]:[WASH]], 0))), "")} -> 4.3 | BB9: {=IFERROR(IF(SUM(IF(ABS(INDEX(tblPiNHistorical[[CCCM]:[WASH]], MATCH(tblPiNAnalysis[[#This Row],[ID]],tblPiNHistorical[ID], 0),MATCH(_xlfn._xlws.FILTER(tblPiNAnalysis[[#Headers],[CCCM]:[WASH]], tblPiNAnalysis[[#This Row],[Highest PiN]]=tblPiNAnalysis[[#This Row],[CCCM]:[WASH]]), tblPiNHistorical[[#Headers],[CCCM]:[WASH]], 0)))>=flag_pin_historical, 1, 0))>0, "Flagged", ""), "")} -> Flagged | BC9: {=IFERROR(IF(tblPiNAnalysis[[#This Row],[ID]]="", "", INDEX(tblPiNHistorical[[CCCM]:[WASH]], MATCH(tblPiNAnalysis[[#This Row],[ID]],tblPiNHistorical[ID], 0),MATCH(_xlfn._xlws.FILTER(tblPiNAnalysis[[#Headers],[CCCM]:[WASH]], tblPiNAnalysis[[#This Row],[2nd Highest PiN]]=tblPiNAnalysis[[#This Row],[CCCM]:[WASH]]), tblPiNHistorical[[#Headers],[CCCM]:[WASH]], 0))), "")} -> -0.1 | BD9: {=IFERROR(IF(SUM(IF(ABS(INDEX(tblPiNHistorical[[CCCM]:[WASH]], MATCH(tblPiNAnalysis[[#This Row],[ID]],tblPiNHistorical[ID], 0),MATCH(_xlfn._xlws.FILTER(tblPiNAnalysis[[#Headers],[CCCM]:[WASH]], tblPiNAnalysis[[#This Row],[2nd Highest PiN]]=tblPiNAnalysis[[#This Row],[CCCM]:[WASH]]), tblPiNHistorical[[#Headers],[CCCM]:[WASH]], 0)))>=flag_pin_historical, 1, 0))>0, "Flagged", ""), "")} | BE9: =INDEX(tblSeverityAnalysis[Final Severity], MATCH(tblPiNAnalysis[[#This Row],[ID]],tblSeverityAnalysis[ID], 0)) -> 4 | BF9: =IF(tblPiNAnalysis[[#This Row],[Severity]]>2,tblPiNAnalysis[[#This Row],[Highest PiN]],) -> 51599 | BI9: =COUNTIFS(tblPiNAnalysis[[#This Row],[Number of missing / zero PiNs greater than threshold - Data quality]:[Manual Flag]],"Flagged") -> 2 | BJ9: =IF(tblPiNAnalysis[[#This Row],['# Flags]]>0, "Flagged", "") -> Flagged | BK9: =tblPiNAnalysis[[#This Row],[Preliminary PiN]] -> 51599 | BM9: =IFERROR(IF(tblPiNAnalysis[[#This Row],[Severity]]=3,tblPiNAnalysis[[#This Row],[Final PiN]]*Thresholds!$D$35,tblPiNAnalysis[[#This Row],[Final PiN]]*Thresholds!$D$36),) -> 51599 | BN9: =IFERROR(IF(tblPiNAnalysis[[#This Row],[Severity]]>3,tblPiNAnalysis[[#This Row],[Final PiN]]*Thresholds!$D$36,),) -> 51599
A10: MZ0107 | B10: Cabo Delgado | C10: MZ01 | D10: Mecufi | E10: MZ0107 | I10: 3177 | J10: IDPs | K10: 1957 | L10: 727 | M10: 367 | N10: 3177 | O10: 15.432812 | P10: 602 | Q10: 2005 | R10: 1092 | S10: 602 | T10: 355 | U10: 397 | V10: 602 | W10: =IFERROR(IF(tblPiNAnalysis[[#This Row],[CCCM]]="", "", MROUND(tblPiNAnalysis[[#This Row],[CCCM]]/tblPiNAnalysis[[#This Row],[Population]], 0.05)), "") -> 0.6 | X10: =IFERROR(IF(tblPiNAnalysis[[#This Row],[Education]]="", "", MROUND(tblPiNAnalysis[[#This Row],[Education]]/tblPiNAnalysis[[#This Row],[Population]], 0.05)), "") -> 0.25 | Y10: =IFERROR(IF(tblPiNAnalysis[[#This Row],[Nutrition]]="", "", MROUND(tblPiNAnalysis[[#This Row],[Nutrition]]/tblPiNAnalysis[[#This Row],[Population]], 0.05)), "") -> 0.1 | Z10: =IFERROR(IF(tblPiNAnalysis[[#This Row],[Food Security]]="", "", MROUND(tblPiNAnalysis[[#This Row],[Food Security]]/tblPiNAnalysis[[#This Row],[Population]], 0.05)), "") -> 1 | AA10: =IFERROR(IF(tblPiNAnalysis[[#This Row],[Health]]="", "", MROUND(tblPiNAnalysis[[#This Row],[Health]]/tblPiNAnalysis[[#This Row],[Population]], 0.05)), "") -> 0 | AB10: =IFERROR(IF(tblPiNAnalysis[[#This Row],[Overarching Protection]]="", "", MROUND(tblPiNAnalysis[[#This Row],[Overarching Protection]]/tblPiNAnalysis[[#This Row],[Population]], 0.05)), "") -> 0.2 | AC10: =IFERROR(IF(tblPiNAnalysis[[#This Row],[Shelter]]="", "", MROUND(tblPiNAnalysis[[#This Row],[Shelter]]/tblPiNAnalysis[[#This Row],[Population]], 0.05)), "") -> 0.65 | AD10: =IFERROR(IF(tblPiNAnalysis[[#This Row],[WASH]]="", "", MROUND(tblPiNAnalysis[[#This Row],[WASH]]/tblPiNAnalysis[[#This Row],[Population]], 0.05)), "") -> 0.35 | AE10: =IFERROR(MROUND(tblPiNAnalysis[[#This Row],[CP]]/tblPiNAnalysis[[#This Row],[Population]], 0.05), "") -> 0.2 | AF10: =IFERROR(MROUND(tblPiNAnalysis[[#This Row],[GBV]]/tblPiNAnalysis[[#This Row],[Population]], 0.05), "") -> 0.1 | AG10: =IFERROR(MROUND(tblPiNAnalysis[[#This Row],[GP]]/tblPiNAnalysis[[#This Row],[Population]], 0.05), "") -> 0.1 | AH10: =IFERROR(MROUND(tblPiNAnalysis[[#This Row],[HLP]]/tblPiNAnalysis[[#This Row],[Population]], 0.05), "") -> 0.2 | AI10: =IFERROR(LARGE(tblPiNAnalysis[[#This Row],[CCCM]:[WASH]], 1), "") -> 3177 | AJ10: {=IF(tblPiNAnalysis[[#This Row],[Highest PiN]]="", "", _xlfn.TEXTJOIN(CHAR(10), TRUE, IF(tblPiNAnalysis[[#This Row],[Highest PiN]]=tblPiNAnalysis[[#This Row],[CCCM]:[WASH]], tblPiNAnalysis[[#Headers],[CCCM]:[WASH]], "")))} -> Food Security | AK10: =IF(tblPiNAnalysis[[#This Row],[Highest PiN]]="", "", tblPiNAnalysis[[#This Row],[Highest PiN]]/tblPiNAnalysis[[#This Row],[Population]]) -> 1 | AL10: =IF(SUM(tblPiNAnalysis[[#This Row],[CCCM]:[WASH]])=0, "",IF(COUNTIF(tblPiNAnalysis[[#This Row],[CCCM]:[WASH]],"=0")+COUNTIF(tblPiNAnalysis[[#This Row],[CCCM]:[WASH]],"")>=zero_pin_thresh, "Flagged", "")) | AM10: =IFERROR(IF(tblPiNAnalysis[[#This Row],[Highest PiN]]="", "", IF(tblPiNAnalysis[[#This Row],[Highest sector(s'') PiN %]]>=flag_pin_perc, "Flagged", "")), "") -> Flagged | AN10: {=IF(tblPiNAnalysis[[#This Row],[Highest PiN]]=0, "", IF(OR(COUNTIF(tblPiNAnalysis[[#This Row],[Highest sector(s)]],tblSubSectorPopulation[Sector])), "Flagged", ""))} | AO10: {=IFERROR(_xlfn.IFS(tblPiNAnalysis[[#This Row],[Highest PiN]]="", "", LARGE(tblPiNAnalysis[[#This Row],[CCCM]:[WASH]], 2) < tblPiNAnalysis[[#This Row],[Highest PiN]], LARGE(tblPiNAnalysis[[#This Row],[CCCM]:[WASH]], 2), LARGE(tblPiNAnalysis[[#This Row],[CCCM]:[WASH]], 3) < tblPiNAnalysis[[#This Row],[Highest PiN]], LARGE(tblPiNAnalysis[[#This Row],[CCCM]:[WASH]], 3), LARGE(tblPiNAnalysis[[#This Row],[CCCM]:[WASH]], 4) < tblPiNAnalysis[[#This Row],[Highest PiN]], LARGE(tblPiNAnalysis[[#This Row],[CCCM]:[WASH]], 4), LARGE(tblPiNAnalysis[[#This Row],[CCCM]:[WASH]], 5) < tblPiNAnalysis[[#This Row],[Highest PiN]], LARGE(tblPiNAnalysis[[#This Row],[CCCM]:[WASH]], 5), LARGE(tblPiNAnalysis[[#This Row],[CCCM]:[WASH]], 6) < tblPiNAnalysis[[#This Row],[Highest PiN]], LARGE(tblPiNAnalysis[[#This Row],[CCCM]:[WASH]], 6), LARGE(tblPiNAnalysis[[#This Row],[CCCM]:[WASH]], 7) <tblPiNAnalysis[[#This Row],[Highest PiN]], LARGE(tblPiNAnalysis[[#This Row],[CCCM]:[WASH]], 7), LARGE(tblPiNAnalysis[[#This Row],[CCCM]:[WASH]], 8) <= tblPiNAnalysis[[#This Row],[Highest PiN]], LARGE(tblPiNAnalysis[[#This Row],[CCCM]:[WASH]], 8)), "NA")} -> 2005 | AP10: {=IF(tblPiNAnalysis[[#This Row],[2nd Highest PiN]]="", "", _xlfn.TEXTJOIN(CHAR(10), TRUE, IF(tblPiNAnalysis[[#This Row],[2nd Highest PiN]]=tblPiNAnalysis[[#This Row],[CCCM]:[WASH]], tblPiNAnalysis[[#Headers],[CCCM]:[WASH]], "")))} -> Shelter | AQ10: =IFERROR(tblPiNAnalysis[[#This Row],[2nd Highest PiN]]/tblPiNAnalysis[[#This Row],[Population]], "") -> 0.63109852 | AR10: =IFERROR(tblPiNAnalysis[[#This Row],[Highest PiN]]-tblPiNAnalysis[[#This Row],[2nd Highest PiN]], "") -> 1172 | AS10: =IFERROR(((tblPiNAnalysis[[#This Row],[Highest PiN]]-tblPiNAnalysis[[#This Row],[2nd Highest PiN]])/tblPiNAnalysis[[#This Row],[2nd Highest PiN]]),"") -> 0.58453865 | AT10: {=_xlfn.IFS(tblPiNAnalysis[[#This Row],[% Difference between Highest and 2nd Highest]]="", "", SUM(IF(IF(tblPiNAnalysis[[#This Row],[Highest PiN]]=tblPiNAnalysis[[#This Row],[CCCM]:[WASH]], tblPiNAnalysis[[#Headers],[CCCM]:[WASH]], "")<>"", 1, 0))>1, "",tblPiNAnalysis[[#This Row],[% Difference between Highest and 2nd Highest]]>=perc_1st_2nd, "Flagged", TRUE(), "")} -> Flagged | AU10: {=IFERROR(_xlfn.IFS(tblPiNAnalysis[[#This Row],[2nd Highest PiN]]="", "", LARGE(tblPiNAnalysis[[#This Row],[CCCM]:[WASH]], 3) < tblPiNAnalysis[[#This Row],[2nd Highest PiN]], LARGE(tblPiNAnalysis[[#This Row],[CCCM]:[WASH]], 3), LARGE(tblPiNAnalysis[[#This Row],[CCCM]:[WASH]], 4) < tblPiNAnalysis[[#This Row],[2nd Highest PiN]], LARGE(tblPiNAnalysis[[#This Row],[CCCM]:[WASH]], 4), LARGE(tblPiNAnalysis[[#This Row],[CCCM]:[WASH]], 5) < tblPiNAnalysis[[#This Row],[2nd Highest PiN]], LARGE(tblPiNAnalysis[[#This Row],[CCCM]:[WASH]], 5), LARGE(tblPiNAnalysis[[#This Row],[CCCM]:[WASH]], 6) < tblPiNAnalysis[[#This Row],[2nd Highest PiN]], LARGE(tblPiNAnalysis[[#This Row],[CCCM]:[WASH]], 6), LARGE(tblPiNAnalysis[[#This Row],[CCCM]:[WASH]], 7) <tblPiNAnalysis[[#This Row],[2nd Highest PiN]], LARGE(tblPiNAnalysis[[#This Row],[CCCM]:[WASH]], 7), LARGE(tblPiNAnalysis[[#This Row],[CCCM]:[WASH]], 8) <= tblPiNAnalysis[[#This Row],[2nd Highest PiN]], LARGE(tblPiNAnalysis[[#This Row],[CCCM]:[WASH]], 8)), "NA")} -> 1957 | AV10: {=IF(tblPiNAnalysis[[#This Row],[3rd Highest PiN]]="", "", _xlfn.TEXTJOIN(CHAR(10), TRUE, IF(tblPiNAnalysis[[#This Row],[3rd Highest PiN]]=tblPiNAnalysis[[#This Row],[CCCM]:[WASH]], tblPiNAnalysis[[#Headers],[CCCM]:[WASH]], "")))} -> CCCM | AW10: =IFERROR(tblPiNAnalysis[[#This Row],[3rd Highest PiN]]/tblPiNAnalysis[[#This Row],[Population]], "") -> 0.61598993 | AX10: =IFERROR(tblPiNAnalysis[[#This Row],[Highest PiN]]-tblPiNAnalysis[[#This Row],[3rd Highest PiN]],"") -> 1220 | AY10: =IFERROR(tblPiNAnalysis[[#This Row],[Difference of PiN between Highest and 3rd Highest]]/tblPiNAnalysis[[#This Row],[3rd Highest PiN]], "") -> 0.62340317 | AZ10: {=_xlfn.IFS(tblPiNAnalysis[[#This Row],[Difference of PiN between Highest and 3rd Highest]]="", "", SUM(IF(IF(tblPiNAnalysis[[#This Row],[Highest PiN]]=tblPiNAnalysis[[#This Row],[CCCM]:[WASH]], tblPiNAnalysis[[#Headers],[CCCM]:[WASH]], "")<>"", 1, 0))>1, "",tblPiNAnalysis[[#This Row],[% Difference between Highest and 3rd Highest]]>=perc_1st_3rd, "Flagged", 1=1, "")} -> Flagged | BA10: {=IFERROR(IF(tblPiNAnalysis[[#This Row],[ID]]="", "", INDEX(tblPiNHistorical[[CCCM]:[WASH]], MATCH(tblPiNAnalysis[[#This Row],[ID]],tblPiNHistorical[ID], 0),MATCH(_xlfn._xlws.FILTER(tblPiNAnalysis[[#Headers],[CCCM]:[WASH]], tblPiNAnalysis[[#This Row],[Highest PiN]]=tblPiNAnalysis[[#This Row],[CCCM]:[WASH]]), tblPiNHistorical[[#Headers],[CCCM]:[WASH]], 0))), "")} -> 0.7 | BB10: {=IFERROR(IF(SUM(IF(ABS(INDEX(tblPiNHistorical[[CCCM]:[WASH]], MATCH(tblPiNAnalysis[[#This Row],[ID]],tblPiNHistorical[ID], 0),MATCH(_xlfn._xlws.FILTER(tblPiNAnalysis[[#Headers],[CCCM]:[WASH]], tblPiNAnalysis[[#This Row],[Highest PiN]]=tblPiNAnalysis[[#This Row],[CCCM]:[WASH]]), tblPiNHistorical[[#Headers],[CCCM]:[WASH]], 0)))>=flag_pin_historical, 1, 0))>0, "Flagged", ""), "")} | BC10: {=IFERROR(IF(tblPiNAnalysis[[#This Row],[ID]]="", "", INDEX(tblPiNHistorical[[CCCM]:[WASH]], MATCH(tblPiNAnalysis[[#This Row],[ID]],tblPiNHistorical[ID], 0),MATCH(_xlfn._xlws.FILTER(tblPiNAnalysis[[#Headers],[CCCM]:[WASH]], tblPiNAnalysis[[#This Row],[2nd Highest PiN]]=tblPiNAnalysis[[#This Row],[CCCM]:[WASH]]), tblPiNHistorical[[#Headers],[CCCM]:[WASH]], 0))), "")} -> -0.6 | BD10: {=IFERROR(IF(SUM(IF(ABS(INDEX(tblPiNHistorical[[CCCM]:[WASH]], MATCH(tblPiNAnalysis[[#This Row],[ID]],tblPiNHistorical[ID], 0),MATCH(_xlfn._xlws.FILTER(tblPiNAnalysis[[#Headers],[CCCM]:[WASH]], tblPiNAnalysis[[#This Row],[2nd Highest PiN]]=tblPiNAnalysis[[#This Row],[CCCM]:[WASH]]), tblPiNHistorical[[#Headers],[CCCM]:[WASH]], 0)))>=flag_pin_historical, 1, 0))>0, "Flagged", ""), "")} | BE10: =INDEX(tblSeverityAnalysis[Final Severity], MATCH(tblPiNAnalysis[[#This Row],[ID]],tblSeverityAnalysis[ID], 0)) -> 3 | BF10: =IF(tblPiNAnalysis[[#This Row],[Severity]]>2,tblPiNAnalysis[[#This Row],[Highest PiN]],) -> 3177 | BI10: =COUNTIFS(tblPiNAnalysis[[#This Row],[Number of missing / zero PiNs greater than threshold - Data quality]:[Manual Flag]],"Flagged") -> 3 | BJ10: =IF(tblPiNAnalysis[[#This Row],['# Flags]]>0, "Flagged", "") -> Flagged | BK10: =tblPiNAnalysis[[#This Row],[Preliminary PiN]] -> 3177 | BM10: =IFERROR(IF(tblPiNAnalysis[[#This Row],[Severity]]=3,tblPiNAnalysis[[#This Row],[Final PiN]]*Thresholds!$D$35,tblPiNAnalysis[[#This Row],[Final PiN]]*Thresholds!$D$36),) -> 1588.5 | BN10: =IFERROR(IF(tblPiNAnalysis[[#This Row],[Severity]]>3,tblPiNAnalysis[[#This Row],[Final PiN]]*Thresholds!$D$36,),) -> 0
A11: MZ0108 | B11: Cabo Delgado | C11: MZ01 | D11: Meluco | E11: MZ0108 | I11: 11706 | J11: IDPs | K11: 11706 | L11: 1776 | M11: 973 | N11: 3796 | O11: 238.34417 | P11: 7033 | Q11: 1513 | R11: 6409 | S11: 2220 | T11: 1309 | U11: 7033 | V11: 2220 | W11: =IFERROR(IF(tblPiNAnalysis[[#This Row],[CCCM]]="", "", MROUND(tblPiNAnalysis[[#This Row],[CCCM]]/tblPiNAnalysis[[#This Row],[Population]], 0.05)), "") -> 1 | X11: =IFERROR(IF(tblPiNAnalysis[[#This Row],[Education]]="", "", MROUND(tblPiNAnalysis[[#This Row],[Education]]/tblPiNAnalysis[[#This Row],[Population]], 0.05)), "") -> 0.15 | Y11: =IFERROR(IF(tblPiNAnalysis[[#This Row],[Nutrition]]="", "", MROUND(tblPiNAnalysis[[#This Row],[Nutrition]]/tblPiNAnalysis[[#This Row],[Population]], 0.05)), "") -> 0.1 | Z11: =IFERROR(IF(tblPiNAnalysis[[#This Row],[Food Security]]="", "", MROUND(tblPiNAnalysis[[#This Row],[Food Security]]/tblPiNAnalysis[[#This Row],[Population]], 0.05)), "") -> 0.3 | AA11: =IFERROR(IF(tblPiNAnalysis[[#This Row],[Health]]="", "", MROUND(tblPiNAnalysis[[#This Row],[Health]]/tblPiNAnalysis[[#This Row],[Population]], 0.05)), "") -> 0 | AB11: =IFERROR(IF(tblPiNAnalysis[[#This Row],[Overarching Protection]]="", "", MROUND(tblPiNAnalysis[[#This Row],[Overarching Protection]]/tblPiNAnalysis[[#This Row],[Population]], 0.05)), "") -> 0.6 | AC11: =IFERROR(IF(tblPiNAnalysis[[#This Row],[Shelter]]="", "", MROUND(tblPiNAnalysis[[#This Row],[Shelter]]/tblPiNAnalysis[[#This Row],[Population]], 0.05)), "") -> 0.15 | AD11: =IFERROR(IF(tblPiNAnalysis[[#This Row],[WASH]]="", "", MROUND(tblPiNAnalysis[[#This Row],[WASH]]/tblPiNAnalysis[[#This Row],[Population]], 0.05)), "") -> 0.55 | AE11: =IFERROR(MROUND(tblPiNAnalysis[[#This Row],[CP]]/tblPiNAnalysis[[#This Row],[Population]], 0.05), "") -> 0.2 | AF11: =IFERROR(MROUND(tblPiNAnalysis[[#This Row],[GBV]]/tblPiNAnalysis[[#This Row],[Population]], 0.05), "") -> 0.1 | AG11: =IFERROR(MROUND(tblPiNAnalysis[[#This Row],[GP]]/tblPiNAnalysis[[#This Row],[Population]], 0.05), "") -> 0.6 | AH11: =IFERROR(MROUND(tblPiNAnalysis[[#This Row],[HLP]]/tblPiNAnalysis[[#This Row],[Population]], 0.05), "") -> 0.2 | AI11: =IFERROR(LARGE(tblPiNAnalysis[[#This Row],[CCCM]:[WASH]], 1), "") -> 11706 | AJ11: {=IF(tblPiNAnalysis[[#This Row],[Highest PiN]]="", "", _xlfn.TEXTJOIN(CHAR(10), TRUE, IF(tblPiNAnalysis[[#This Row],[Highest PiN]]=tblPiNAnalysis[[#This Row],[CCCM]:[WASH]], tblPiNAnalysis[[#Headers],[CCCM]:[WASH]], "")))} -> CCCM | AK11: =IF(tblPiNAnalysis[[#This Row],[Highest PiN]]="", "", tblPiNAnalysis[[#This Row],[Highest PiN]]/tblPiNAnalysis[[#This Row],[Population]]) -> 1 | AL11: =IF(SUM(tblPiNAnalysis[[#This Row],[CCCM]:[WASH]])=0, "",IF(COUNTIF(tblPiNAnalysis[[#This Row],[CCCM]:[WASH]],"=0")+COUNTIF(tblPiNAnalysis[[#This Row],[CCCM]:[WASH]],"")>=zero_pin_thresh, "Flagged", "")) | AM11: =IFERROR(IF(tblPiNAnalysis[[#This Row],[Highest PiN]]="", "", IF(tblPiNAnalysis[[#This Row],[Highest sector(s'') PiN %]]>=flag_pin_perc, "Flagged", "")), "") -> Flagged | AN11: {=IF(tblPiNAnalysis[[#This Row],[Highest PiN]]=0, "", IF(OR(COUNTIF(tblPiNAnalysis[[#This Row],[Highest sector(s)]],tblSubSectorPopulation[Sector])), "Flagged", ""))} | AO11: {=IFERROR(_xlfn.IFS(tblPiNAnalysis[[#This Row],[Highest PiN]]="", "", LARGE(tblPiNAnalysis[[#This Row],[CCCM]:[WASH]], 2) < tblPiNAnalysis[[#This Row],[Highest PiN]], LARGE(tblPiNAnalysis[[#This Row],[CCCM]:[WASH]], 2), LARGE(tblPiNAnalysis[[#This Row],[CCCM]:[WASH]], 3) < tblPiNAnalysis[[#This Row],[Highest PiN]], LARGE(tblPiNAnalysis[[#This Row],[CCCM]:[WASH]], 3), LARGE(tblPiNAnalysis[[#This Row],[CCCM]:[WASH]], 4) < tblPiNAnalysis[[#This Row],[Highest PiN]], LARGE(tblPiNAnalysis[[#This Row],[CCCM]:[WASH]], 4), LARGE(tblPiNAnalysis[[#This Row],[CCCM]:[WASH]], 5) < tblPiNAnalysis[[#This Row],[Highest PiN]], LARGE(tblPiNAnalysis[[#This Row],[CCCM]:[WASH]], 5), LARGE(tblPiNAnalysis[[#This Row],[CCCM]:[WASH]], 6) < tblPiNAnalysis[[#This Row],[Highest PiN]], LARGE(tblPiNAnalysis[[#This Row],[CCCM]:[WASH]], 6), LARGE(tblPiNAnalysis[[#This Row],[CCCM]:[WASH]], 7) <tblPiNAnalysis[[#This Row],[Highest PiN]], LARGE(tblPiNAnalysis[[#This Row],[CCCM]:[WASH]], 7), LARGE(tblPiNAnalysis[[#This Row],[CCCM]:[WASH]], 8) <= tblPiNAnalysis[[#This Row],[Highest PiN]], LARGE(tblPiNAnalysis[[#This Row],[CCCM]:[WASH]], 8)), "NA")} -> 7033 | AP11: {=IF(tblPiNAnalysis[[#This Row],[2nd Highest PiN]]="", "", _xlfn.TEXTJOIN(CHAR(10), TRUE, IF(tblPiNAnalysis[[#This Row],[2nd Highest PiN]]=tblPiNAnalysis[[#This Row],[CCCM]:[WASH]], tblPiNAnalysis[[#Headers],[CCCM]:[WASH]], "")))} -> Overarching Protection | AQ11: =IFERROR(tblPiNAnalysis[[#This Row],[2nd Highest PiN]]/tblPiNAnalysis[[#This Row],[Population]], "") -> 0.60080301 | AR11: =IFERROR(tblPiNAnalysis[[#This Row],[Highest PiN]]-tblPiNAnalysis[[#This Row],[2nd Highest PiN]], "") -> 4673 | AS11: =IFERROR(((tblPiNAnalysis[[#This Row],[Highest PiN]]-tblPiNAnalysis[[#This Row],[2nd Highest PiN]])/tblPiNAnalysis[[#This Row],[2nd Highest PiN]]),"") -> 0.66443907 | AT11: {=_xlfn.IFS(tblPiNAnalysis[[#This Row],[% Difference between Highest and 2nd Highest]]="", "", SUM(IF(IF(tblPiNAnalysis[[#This Row],[Highest PiN]]=tblPiNAnalysis[[#This Row],[CCCM]:[WASH]], tblPiNAnalysis[[#Headers],[CCCM]:[WASH]], "")<>"", 1, 0))>1, "",tblPiNAnalysis[[#This Row],[% Difference between Highest and 2nd Highest]]>=perc_1st_2nd, "Flagged", TRUE(), "")} -> Flagged | AU11: {=IFERROR(_xlfn.IFS(tblPiNAnalysis[[#This Row],[2nd Highest PiN]]="", "", LARGE(tblPiNAnalysis[[#This Row],[CCCM]:[WASH]], 3) < tblPiNAnalysis[[#This Row],[2nd Highest PiN]], LARGE(tblPiNAnalysis[[#This Row],[CCCM]:[WASH]], 3), LARGE(tblPiNAnalysis[[#This Row],[CCCM]:[WASH]], 4) < tblPiNAnalysis[[#This Row],[2nd Highest PiN]], LARGE(tblPiNAnalysis[[#This Row],[CCCM]:[WASH]], 4), LARGE(tblPiNAnalysis[[#This Row],[CCCM]:[WASH]], 5) < tblPiNAnalysis[[#This Row],[2nd Highest PiN]], LARGE(tblPiNAnalysis[[#This Row],[CCCM]:[WASH]], 5), LARGE(tblPiNAnalysis[[#This Row],[CCCM]:[WASH]], 6) < tblPiNAnalysis[[#This Row],[2nd Highest PiN]], LARGE(tblPiNAnalysis[[#This Row],[CCCM]:[WASH]], 6), LARGE(tblPiNAnalysis[[#This Row],[CCCM]:[WASH]], 7) <tblPiNAnalysis[[#This Row],[2nd Highest PiN]], LARGE(tblPiNAnalysis[[#This Row],[CCCM]:[WASH]], 7), LARGE(tblPiNAnalysis[[#This Row],[CCCM]:[WASH]], 8) <= tblPiNAnalysis[[#This Row],[2nd Highest PiN]], LARGE(tblPiNAnalysis[[#This Row],[CCCM]:[WASH]], 8)), "NA")} -> 6409 | AV11: {=IF(tblPiNAnalysis[[#This Row],[3rd Highest PiN]]="", "", _xlfn.TEXTJOIN(CHAR(10), TRUE, IF(tblPiNAnalysis[[#This Row],[3rd Highest PiN]]=tblPiNAnalysis[[#This Row],[CCCM]:[WASH]], tblPiNAnalysis[[#Headers],[CCCM]:[WASH]], "")))} -> WASH | AW11: =IFERROR(tblPiNAnalysis[[#This Row],[3rd Highest PiN]]/tblPiNAnalysis[[#This Row],[Population]], "") -> 0.54749701 | AX11: =IFERROR(tblPiNAnalysis[[#This Row],[Highest PiN]]-tblPiNAnalysis[[#This Row],[3rd Highest PiN]],"") -> 5297 | AY11: =IFERROR(tblPiNAnalysis[[#This Row],[Difference of PiN between Highest and 3rd Highest]]/tblPiNAnalysis[[#This Row],[3rd Highest PiN]], "") -> 0.82649399 | AZ11: {=_xlfn.IFS(tblPiNAnalysis[[#This Row],[Difference of PiN between Highest and 3rd Highest]]="", "", SUM(IF(IF(tblPiNAnalysis[[#This Row],[Highest PiN]]=tblPiNAnalysis[[#This Row],[CCCM]:[WASH]], tblPiNAnalysis[[#Headers],[CCCM]:[WASH]], "")<>"", 1, 0))>1, "",tblPiNAnalysis[[#This Row],[% Difference between Highest and 3rd Highest]]>=perc_1st_3rd, "Flagged", 1=1, "")} -> Flagged | BA11: {=IFERROR(IF(tblPiNAnalysis[[#This Row],[ID]]="", "", INDEX(tblPiNHistorical[[CCCM]:[WASH]], MATCH(tblPiNAnalysis[[#This Row],[ID]],tblPiNHistorical[ID], 0),MATCH(_xlfn._xlws.FILTER(tblPiNAnalysis[[#Headers],[CCCM]:[WASH]], tblPiNAnalysis[[#This Row],[Highest PiN]]=tblPiNAnalysis[[#This Row],[CCCM]:[WASH]]), tblPiNHistorical[[#Headers],[CCCM]:[WASH]], 0))), "")} -> 15.7 | BB11: {=IFERROR(IF(SUM(IF(ABS(INDEX(tblPiNHistorical[[CCCM]:[WASH]], MATCH(tblPiNAnalysis[[#This Row],[ID]],tblPiNHistorical[ID], 0),MATCH(_xlfn._xlws.FILTER(tblPiNAnalysis[[#Headers],[CCCM]:[WASH]], tblPiNAnalysis[[#This Row],[Highest PiN]]=tblPiNAnalysis[[#This Row],[CCCM]:[WASH]]), tblPiNHistorical[[#Headers],[CCCM]:[WASH]], 0)))>=flag_pin_historical, 1, 0))>0, "Flagged", ""), "")} -> Flagged | BC11: {=IFERROR(IF(tblPiNAnalysis[[#This Row],[ID]]="", "", INDEX(tblPiNHistorical[[CCCM]:[WASH]], MATCH(tblPiNAnalysis[[#This Row],[ID]],tblPiNHistorical[ID], 0),MATCH(_xlfn._xlws.FILTER(tblPiNAnalysis[[#Headers],[CCCM]:[WASH]], tblPiNAnalysis[[#This Row],[2nd Highest PiN]]=tblPiNAnalysis[[#This Row],[CCCM]:[WASH]]), tblPiNHistorical[[#Headers],[CCCM]:[WASH]], 0))), "")} -> 1 | BD11: {=IFERROR(IF(SUM(IF(ABS(INDEX(tblPiNHistorical[[CCCM]:[WASH]], MATCH(tblPiNAnalysis[[#This Row],[ID]],tblPiNHistorical[ID], 0),MATCH(_xlfn._xlws.FILTER(tblPiNAnalysis[[#Headers],[CCCM]:[WASH]], tblPiNAnalysis[[#This Row],[2nd Highest PiN]]=tblPiNAnalysis[[#This Row],[CCCM]:[WASH]]), tblPiNHistorical[[#Headers],[CCCM]:[WASH]], 0)))>=flag_pin_historical, 1, 0))>0, "Flagged", ""), "")} -> Flagged | BE11: =INDEX(tblSeverityAnalysis[Final Severity], MATCH(tblPiNAnalysis[[#This Row],[ID]],tblSeverityAnalysis[ID], 0)) -> 3 | BF11: =IF(tblPiNAnalysis[[#This Row],[Severity]]>2,tblPiNAnalysis[[#This Row],[Highest PiN]],) -> 11706 | BI11: =COUNTIFS(tblPiNAnalysis[[#This Row],[Number of missing / zero PiNs greater than threshold - Data quality]:[Manual Flag]],"Flagged") -> 5 | BJ11: =IF(tblPiNAnalysis[[#This Row],['# Flags]]>0, "Flagged", "") -> Flagged | BK11: =tblPiNAnalysis[[#This Row],[Preliminary PiN]] -> 11706 | BM11: =IFERROR(IF(tblPiNAnalysis[[#This Row],[Severity]]=3,tblPiNAnalysis[[#This Row],[Final PiN]]*Thresholds!$D$35,tblPiNAnalysis[[#This Row],[Final PiN]]*Thresholds!$D$36),) -> 5853 | BN11: =IFERROR(IF(tblPiNAnalysis[[#This Row],[Severity]]>3,tblPiNAnalysis[[#This Row],[Final PiN]]*Thresholds!$D$36,),) -> 0
A12: MZ0109 | B12: Cabo Delgado | C12: MZ01 | D12: Metuge | E12: MZ0109 | I12: 60466 | J12: IDPs | K12: 60466 | L12: 5415 | M12: 5002 | N12: 20606 | O12: 1247.8018 | P12: 24270 | Q12: 40799 | R12: 33267 | S12: 11450 | T12: 6755 | U12: 24270 | V12: 5725 | W12: =IFERROR(IF(tblPiNAnalysis[[#This Row],[CCCM]]="", "", MROUND(tblPiNAnalysis[[#This Row],[CCCM]]/tblPiNAnalysis[[#This Row],[Population]], 0.05)), "") -> 1 | X12: =IFERROR(IF(tblPiNAnalysis[[#This Row],[Education]]="", "", MROUND(tblPiNAnalysis[[#This Row],[Education]]/tblPiNAnalysis[[#This Row],[Population]], 0.05)), "") -> 0.1 | Y12: =IFERROR(IF(tblPiNAnalysis[[#This Row],[Nutrition]]="", "", MROUND(tblPiNAnalysis[[#This Row],[Nutrition]]/tblPiNAnalysis[[#This Row],[Population]], 0.05)), "") -> 0.1 | Z12: =IFERROR(IF(tblPiNAnalysis[[#This Row],[Food Security]]="", "", MROUND(tblPiNAnalysis[[#This Row],[Food Security]]/tblPiNAnalysis[[#This Row],[Population]], 0.05)), "") -> 0.35 | AA12: =IFERROR(IF(tblPiNAnalysis[[#This Row],[Health]]="", "", MROUND(tblPiNAnalysis[[#This Row],[Health]]/tblPiNAnalysis[[#This Row],[Population]], 0.05)), "") -> 0 | AB12: =IFERROR(IF(tblPiNAnalysis[[#This Row],[Overarching Protection]]="", "", MROUND(tblPiNAnalysis[[#This Row],[Overarching Protection]]/tblPiNAnalysis[[#This Row],[Population]], 0.05)), "") -> 0.4 | AC12: =IFERROR(IF(tblPiNAnalysis[[#This Row],[Shelter]]="", "", MROUND(tblPiNAnalysis[[#This Row],[Shelter]]/tblPiNAnalysis[[#This Row],[Population]], 0.05)), "") -> 0.65 | AD12: =IFERROR(IF(tblPiNAnalysis[[#This Row],[WASH]]="", "", MROUND(tblPiNAnalysis[[#This Row],[WASH]]/tblPiNAnalysis[[#This Row],[Population]], 0.05)), "") -> 0.55 | AE12: =IFERROR(MROUND(tblPiNAnalysis[[#This Row],[CP]]/tblPiNAnalysis[[#This Row],[Population]], 0.05), "") -> 0.2 | AF12: =IFERROR(MROUND(tblPiNAnalysis[[#This Row],[GBV]]/tblPiNAnalysis[[#This Row],[Population]], 0.05), "") -> 0.1 | AG12: =IFERROR(MROUND(tblPiNAnalysis[[#This Row],[GP]]/tblPiNAnalysis[[#This Row],[Population]], 0.05), "") -> 0.4 | AH12: =IFERROR(MROUND(tblPiNAnalysis[[#This Row],[HLP]]/tblPiNAnalysis[[#This Row],[Population]], 0.05), "") -> 0.1 | AI12: =IFERROR(LARGE(tblPiNAnalysis[[#This Row],[CCCM]:[WASH]], 1), "") -> 60466 | AJ12: {=IF(tblPiNAnalysis[[#This Row],[Highest PiN]]="", "", _xlfn.TEXTJOIN(CHAR(10), TRUE, IF(tblPiNAnalysis[[#This Row],[Highest PiN]]=tblPiNAnalysis[[#This Row],[CCCM]:[WASH]], tblPiNAnalysis[[#Headers],[CCCM]:[WASH]], "")))} -> CCCM | AK12: =IF(tblPiNAnalysis[[#This Row],[Highest PiN]]="", "", tblPiNAnalysis[[#This Row],[Highest PiN]]/tblPiNAnalysis[[#This Row],[Population]]) -> 1 | AL12: =IF(SUM(tblPiNAnalysis[[#This Row],[CCCM]:[WASH]])=0, "",IF(COUNTIF(tblPiNAnalysis[[#This Row],[CCCM]:[WASH]],"=0")+COUNTIF(tblPiNAnalysis[[#This Row],[CCCM]:[WASH]],"")>=zero_pin_thresh, "Flagged", "")) | AM12: =IFERROR(IF(tblPiNAnalysis[[#This Row],[Highest PiN]]="", "", IF(tblPiNAnalysis[[#This Row],[Highest sector(s'') PiN %]]>=flag_pin_perc, "Flagged", "")), "") -> Flagged | AN12: {=IF(tblPiNAnalysis[[#This Row],[Highest PiN]]=0, "", IF(OR(COUNTIF(tblPiNAnalysis[[#This Row],[Highest sector(s)]],tblSubSectorPopulation[Sector])), "Flagged", ""))} | AO12: {=IFERROR(_xlfn.IFS(tblPiNAnalysis[[#This Row],[Highest PiN]]="", "", LARGE(tblPiNAnalysis[[#This Row],[CCCM]:[WASH]], 2) < tblPiNAnalysis[[#This Row],[Highest PiN]], LARGE(tblPiNAnalysis[[#This Row],[CCCM]:[WASH]], 2), LARGE(tblPiNAnalysis[[#This Row],[CCCM]:[WASH]], 3) < tblPiNAnalysis[[#This Row],[Highest PiN]], LARGE(tblPiNAnalysis[[#This Row],[CCCM]:[WASH]], 3), LARGE(tblPiNAnalysis[[#This Row],[CCCM]:[WASH]], 4) < tblPiNAnalysis[[#This Row],[Highest PiN]], LARGE(tblPiNAnalysis[[#This Row],[CCCM]:[WASH]], 4), LARGE(tblPiNAnalysis[[#This Row],[CCCM]:[WASH]], 5) < tblPiNAnalysis[[#This Row],[Highest PiN]], LARGE(tblPiNAnalysis[[#This Row],[CCCM]:[WASH]], 5), LARGE(tblPiNAnalysis[[#This Row],[CCCM]:[WASH]], 6) < tblPiNAnalysis[[#This Row],[Highest PiN]], LARGE(tblPiNAnalysis[[#This Row],[CCCM]:[WASH]], 6), LARGE(tblPiNAnalysis[[#This Row],[CCCM]:[WASH]], 7) <tblPiNAnalysis[[#This Row],[Highest PiN]], LARGE(tblPiNAnalysis[[#This Row],[CCCM]:[WASH]], 7), LARGE(tblPiNAnalysis[[#This Row],[CCCM]:[WASH]], 8) <= tblPiNAnalysis[[#This Row],[Highest PiN]], LARGE(tblPiNAnalysis[[#This Row],[CCCM]:[WASH]], 8)), "NA")} -> 40799 | AP12: {=IF(tblPiNAnalysis[[#This Row],[2nd Highest PiN]]="", "", _xlfn.TEXTJOIN(CHAR(10), TRUE, IF(tblPiNAnalysis[[#This Row],[2nd Highest PiN]]=tblPiNAnalysis[[#This Row],[CCCM]:[WASH]], tblPiNAnalysis[[#Headers],[CCCM]:[WASH]], "")))} -> Shelter | AQ12: =IFERROR(tblPiNAnalysis[[#This Row],[2nd Highest PiN]]/tblPiNAnalysis[[#This Row],[Population]], "") -> 0.67474283 | AR12: =IFERROR(tblPiNAnalysis[[#This Row],[Highest PiN]]-tblPiNAnalysis[[#This Row],[2nd Highest PiN]], "") -> 19667 | AS12: =IFERROR(((tblPiNAnalysis[[#This Row],[Highest PiN]]-tblPiNAnalysis[[#This Row],[2nd Highest PiN]])/tblPiNAnalysis[[#This Row],[2nd Highest PiN]]),"") -> 0.48204613 | AT12: {=_xlfn.IFS(tblPiNAnalysis[[#This Row],[% Difference between Highest and 2nd Highest]]="", "", SUM(IF(IF(tblPiNAnalysis[[#This Row],[Highest PiN]]=tblPiNAnalysis[[#This Row],[CCCM]:[WASH]], tblPiNAnalysis[[#Headers],[CCCM]:[WASH]], "")<>"", 1, 0))>1, "",tblPiNAnalysis[[#This Row],[% Difference between Highest and 2nd Highest]]>=perc_1st_2nd, "Flagged", TRUE(), "")} -> Flagged | AU12: {=IFERROR(_xlfn.IFS(tblPiNAnalysis[[#This Row],[2nd Highest PiN]]="", "", LARGE(tblPiNAnalysis[[#This Row],[CCCM]:[WASH]], 3) < tblPiNAnalysis[[#This Row],[2nd Highest PiN]], LARGE(tblPiNAnalysis[[#This Row],[CCCM]:[WASH]], 3), LARGE(tblPiNAnalysis[[#This Row],[CCCM]:[WASH]], 4) < tblPiNAnalysis[[#This Row],[2nd Highest PiN]], LARGE(tblPiNAnalysis[[#This Row],[CCCM]:[WASH]], 4), LARGE(tblPiNAnalysis[[#This Row],[CCCM]:[WASH]], 5) < tblPiNAnalysis[[#This Row],[2nd Highest PiN]], LARGE(tblPiNAnalysis[[#This Row],[CCCM]:[WASH]], 5), LARGE(tblPiNAnalysis[[#This Row],[CCCM]:[WASH]], 6) < tblPiNAnalysis[[#This Row],[2nd Highest PiN]], LARGE(tblPiNAnalysis[[#This Row],[CCCM]:[WASH]], 6), LARGE(tblPiNAnalysis[[#This Row],[CCCM]:[WASH]], 7) <tblPiNAnalysis[[#This Row],[2nd Highest PiN]], LARGE(tblPiNAnalysis[[#This Row],[CCCM]:[WASH]], 7), LARGE(tblPiNAnalysis[[#This Row],[CCCM]:[WASH]], 8) <= tblPiNAnalysis[[#This Row],[2nd Highest PiN]], LARGE(tblPiNAnalysis[[#This Row],[CCCM]:[WASH]], 8)), "NA")} -> 33267 | AV12: {=IF(tblPiNAnalysis[[#This Row],[3rd Highest PiN]]="", "", _xlfn.TEXTJOIN(CHAR(10), TRUE, IF(tblPiNAnalysis[[#This Row],[3rd Highest PiN]]=tblPiNAnalysis[[#This Row],[CCCM]:[WASH]], tblPiNAnalysis[[#Headers],[CCCM]:[WASH]], "")))} -> WASH | AW12: =IFERROR(tblPiNAnalysis[[#This Row],[3rd Highest PiN]]/tblPiNAnalysis[[#This Row],[Population]], "") -> 0.55017696 | AX12: =IFERROR(tblPiNAnalysis[[#This Row],[Highest PiN]]-tblPiNAnalysis[[#This Row],[3rd Highest PiN]],"") -> 27199 | AY12: =IFERROR(tblPiNAnalysis[[#This Row],[Difference of PiN between Highest and 3rd Highest]]/tblPiNAnalysis[[#This Row],[3rd Highest PiN]], "") -> 0.81759702 | AZ12: {=_xlfn.IFS(tblPiNAnalysis[[#This Row],[Difference of PiN between Highest and 3rd Highest]]="", "", SUM(IF(IF(tblPiNAnalysis[[#This Row],[Highest PiN]]=tblPiNAnalysis[[#This Row],[CCCM]:[WASH]], tblPiNAnalysis[[#Headers],[CCCM]:[WASH]], "")<>"", 1, 0))>1, "",tblPiNAnalysis[[#This Row],[% Difference between Highest and 3rd Highest]]>=perc_1st_3rd, "Flagged", 1=1, "")} -> Flagged | BA12: {=IFERROR(IF(tblPiNAnalysis[[#This Row],[ID]]="", "", INDEX(tblPiNHistorical[[CCCM]:[WASH]], MATCH(tblPiNAnalysis[[#This Row],[ID]],tblPiNHistorical[ID], 0),MATCH(_xlfn._xlws.FILTER(tblPiNAnalysis[[#Headers],[CCCM]:[WASH]], tblPiNAnalysis[[#This Row],[Highest PiN]]=tblPiNAnalysis[[#This Row],[CCCM]:[WASH]]), tblPiNHistorical[[#Headers],[CCCM]:[WASH]], 0))), "")} -> 0.5 | BB12: {=IFERROR(IF(SUM(IF(ABS(INDEX(tblPiNHistorical[[CCCM]:[WASH]], MATCH(tblPiNAnalysis[[#This Row],[ID]],tblPiNHistorical[ID], 0),MATCH(_xlfn._xlws.FILTER(tblPiNAnalysis[[#Headers],[CCCM]:[WASH]], tblPiNAnalysis[[#This Row],[Highest PiN]]=tblPiNAnalysis[[#This Row],[CCCM]:[WASH]]), tblPiNHistorical[[#Headers],[CCCM]:[WASH]], 0)))>=flag_pin_historical, 1, 0))>0, "Flagged", ""), "")} | BC12: {=IFERROR(IF(tblPiNAnalysis[[#This Row],[ID]]="", "", INDEX(tblPiNHistorical[[CCCM]:[WASH]], MATCH(tblPiNAnalysis[[#This Row],[ID]],tblPiNHistorical[ID], 0),MATCH(_xlfn._xlws.FILTER(tblPiNAnalysis[[#Headers],[CCCM]:[WASH]], tblPiNAnalysis[[#This Row],[2nd Highest PiN]]=tblPiNAnalysis[[#This Row],[CCCM]:[WASH]]), tblPiNHistorical[[#Headers],[CCCM]:[WASH]], 0))), "")} -> -0.3 | BD12: {=IFERROR(IF(SUM(IF(ABS(INDEX(tblPiNHistorical[[CCCM]:[WASH]], MATCH(tblPiNAnalysis[[#This Row],[ID]],tblPiNHistorical[ID], 0),MATCH(_xlfn._xlws.FILTER(tblPiNAnalysis[[#Headers],[CCCM]:[WASH]], tblPiNAnalysis[[#This Row],[2nd Highest PiN]]=tblPiNAnalysis[[#This Row],[CCCM]:[WASH]]), tblPiNHistorical[[#Headers],[CCCM]:[WASH]], 0)))>=flag_pin_historical, 1, 0))>0, "Flagged", ""), "")} | BE12: =INDEX(tblSeverityAnalysis[Final Severity], MATCH(tblPiNAnalysis[[#This Row],[ID]],tblSeverityAnalysis[ID], 0)) -> 3 | BF12: =IF(tblPiNAnalysis[[#This Row],[Severity]]>2,tblPiNAnalysis[[#This Row],[Highest PiN]],) -> 60466 | BI12: =COUNTIFS(tblPiNAnalysis[[#This Row],[Number of missing / zero PiNs greater than threshold - Data quality]:[Manual Flag]],"Flagged") -> 3 | BJ12: =IF(tblPiNAnalysis[[#This Row],['# Flags]]>0, "Flagged", "") -> Flagged | BK12: =tblPiNAnalysis[[#This Row],[Preliminary PiN]] -> 60466 | BM12: =IFERROR(IF(tblPiNAnalysis[[#This Row],[Severity]]=3,tblPiNAnalysis[[#This Row],[Final PiN]]*Thresholds!$D$35,tblPiNAnalysis[[#This Row],[Final PiN]]*Thresholds!$D$36),) -> 30233 | BN12: =IFERROR(IF(tblPiNAnalysis[[#This Row],[Severity]]>3,tblPiNAnalysis[[#This Row],[Final PiN]]*Thresholds!$D$36,),) -> 0
A13: MZ0110 | B13: Cabo Delgado | C13: MZ01 | D13: Mocimboa Da Praia | E13: MZ0110 | I13: 1989 | J13: IDPs | K13: 1989 | L13: 177 | M13: 173 | N13: 1989 | O13: 1318.1003 | P13: 1253 | Q13: 726 | R13: 1243 | S13: 376 | T13: 777 | U13: 1253 | V13: 188 | W13: =IFERROR(IF(tblPiNAnalysis[[#This Row],[CCCM]]="", "", MROUND(tblPiNAnalysis[[#This Row],[CCCM]]/tblPiNAnalysis[[#This Row],[Population]], 0.05)), "") -> 1 | X13: =IFERROR(IF(tblPiNAnalysis[[#This Row],[Education]]="", "", MROUND(tblPiNAnalysis[[#This Row],[Education]]/tblPiNAnalysis[[#This Row],[Population]], 0.05)), "") -> 0.1 | Y13: =IFERROR(IF(tblPiNAnalysis[[#This Row],[Nutrition]]="", "", MROUND(tblPiNAnalysis[[#This Row],[Nutrition]]/tblPiNAnalysis[[#This Row],[Population]], 0.05)), "") -> 0.1 | Z13: =IFERROR(IF(tblPiNAnalysis[[#This Row],[Food Security]]="", "", MROUND(tblPiNAnalysis[[#This Row],[Food Security]]/tblPiNAnalysis[[#This Row],[Population]], 0.05)), "") -> 1 | AA13: =IFERROR(IF(tblPiNAnalysis[[#This Row],[Health]]="", "", MROUND(tblPiNAnalysis[[#This Row],[Health]]/tblPiNAnalysis[[#This Row],[Population]], 0.05)), "") -> 0.65 | AB13: =IFERROR(IF(tblPiNAnalysis[[#This Row],[Overarching Protection]]="", "", MROUND(tblPiNAnalysis[[#This Row],[Overarching Protection]]/tblPiNAnalysis[[#This Row],[Population]], 0.05)), "") -> 0.65 | AC13: =IFERROR(IF(tblPiNAnalysis[[#This Row],[Shelter]]="", "", MROUND(tblPiNAnalysis[[#This Row],[Shelter]]/tblPiNAnalysis[[#This Row],[Population]], 0.05)), "") -> 0.35 | AD13: =IFERROR(IF(tblPiNAnalysis[[#This Row],[WASH]]="", "", MROUND(tblPiNAnalysis[[#This Row],[WASH]]/tblPiNAnalysis[[#This Row],[Population]], 0.05)), "") -> 0.6 | AE13: =IFERROR(MROUND(tblPiNAnalysis[[#This Row],[CP]]/tblPiNAnalysis[[#This Row],[Population]], 0.05), "") -> 0.2 | AF13: =IFERROR(MROUND(tblPiNAnalysis[[#This Row],[GBV]]/tblPiNAnalysis[[#This Row],[Population]], 0.05), "") -> 0.4 | AG13: =IFERROR(MROUND(tblPiNAnalysis[[#This Row],[GP]]/tblPiNAnalysis[[#This Row],[Population]], 0.05), "") -> 0.65 | AH13: =IFERROR(MROUND(tblPiNAnalysis[[#This Row],[HLP]]/tblPiNAnalysis[[#This Row],[Population]], 0.05), "") -> 0.1 | AI13: =IFERROR(LARGE(tblPiNAnalysis[[#This Row],[CCCM]:[WASH]], 1), "") -> 1989 | AJ13: {=IF(tblPiNAnalysis[[#This Row],[Highest PiN]]="", "", _xlfn.TEXTJOIN(CHAR(10), TRUE, IF(tblPiNAnalysis[[#This Row],[Highest PiN]]=tblPiNAnalysis[[#This Row],[CCCM]:[WASH]], tblPiNAnalysis[[#Headers],[CCCM]:[WASH]], "")))} -> CCCM Food Security | AK13: =IF(tblPiNAnalysis[[#This Row],[Highest PiN]]="", "", tblPiNAnalysis[[#This Row],[Highest PiN]]/tblPiNAnalysis[[#This Row],[Population]]) -> 1 | AL13: =IF(SUM(tblPiNAnalysis[[#This Row],[CCCM]:[WASH]])=0, "",IF(COUNTIF(tblPiNAnalysis[[#This Row],[CCCM]:[WASH]],"=0")+COUNTIF(tblPiNAnalysis[[#This Row],[CCCM]:[WASH]],"")>=zero_pin_thresh, "Flagged", "")) | AM13: =IFERROR(IF(tblPiNAnalysis[[#This Row],[Highest PiN]]="", "", IF(tblPiNAnalysis[[#This Row],[Highest sector(s'') PiN %]]>=flag_pin_perc, "Flagged", "")), "") -> Flagged | AN13: {=IF(tblPiNAnalysis[[#This Row],[Highest PiN]]=0, "", IF(OR(COUNTIF(tblPiNAnalysis[[#This Row],[Highest sector(s)]],tblSubSectorPopulation[Sector])), "Flagged", ""))} | AO13: {=IFERROR(_xlfn.IFS(tblPiNAnalysis[[#This Row],[Highest PiN]]="", "", LARGE(tblPiNAnalysis[[#This Row],[CCCM]:[WASH]], 2) < tblPiNAnalysis[[#This Row],[Highest PiN]], LARGE(tblPiNAnalysis[[#This Row],[CCCM]:[WASH]], 2), LARGE(tblPiNAnalysis[[#This Row],[CCCM]:[WASH]], 3) < tblPiNAnalysis[[#This Row],[Highest PiN]], LARGE(tblPiNAnalysis[[#This Row],[CCCM]:[WASH]], 3), LARGE(tblPiNAnalysis[[#This Row],[CCCM]:[WASH]], 4) < tblPiNAnalysis[[#This Row],[Highest PiN]], LARGE(tblPiNAnalysis[[#This Row],[CCCM]:[WASH]], 4), LARGE(tblPiNAnalysis[[#This Row],[CCCM]:[WASH]], 5) < tblPiNAnalysis[[#This Row],[Highest PiN]], LARGE(tblPiNAnalysis[[#This Row],[CCCM]:[WASH]], 5), LARGE(tblPiNAnalysis[[#This Row],[CCCM]:[WASH]], 6) < tblPiNAnalysis[[#This Row],[Highest PiN]], LARGE(tblPiNAnalysis[[#This Row],[CCCM]:[WASH]], 6), LARGE(tblPiNAnalysis[[#This Row],[CCCM]:[WASH]], 7) <tblPiNAnalysis[[#This Row],[Highest PiN]], LARGE(tblPiNAnalysis[[#This Row],[CCCM]:[WASH]], 7), LARGE(tblPiNAnalysis[[#This Row],[CCCM]:[WASH]], 8) <= tblPiNAnalysis[[#This Row],[Highest PiN]], LARGE(tblPiNAnalysis[[#This Row],[CCCM]:[WASH]], 8)), "NA")} -> 1318.1003 | AP13: {=IF(tblPiNAnalysis[[#This Row],[2nd Highest PiN]]="", "", _xlfn.TEXTJOIN(CHAR(10), TRUE, IF(tblPiNAnalysis[[#This Row],[2nd Highest PiN]]=tblPiNAnalysis[[#This Row],[CCCM]:[WASH]], tblPiNAnalysis[[#Headers],[CCCM]:[WASH]], "")))} -> Health | AQ13: =IFERROR(tblPiNAnalysis[[#This Row],[2nd Highest PiN]]/tblPiNAnalysis[[#This Row],[Population]], "") -> 0.66269497 | AR13: =IFERROR(tblPiNAnalysis[[#This Row],[Highest PiN]]-tblPiNAnalysis[[#This Row],[2nd Highest PiN]], "") -> 670.89971 | AS13: =IFERROR(((tblPiNAnalysis[[#This Row],[Highest PiN]]-tblPiNAnalysis[[#This Row],[2nd Highest PiN]])/tblPiNAnalysis[[#This Row],[2nd Highest PiN]]),"") -> 0.50898988 | AT13: {=_xlfn.IFS(tblPiNAnalysis[[#This Row],[% Difference between Highest and 2nd Highest]]="", "", SUM(IF(IF(tblPiNAnalysis[[#This Row],[Highest PiN]]=tblPiNAnalysis[[#This Row],[CCCM]:[WASH]], tblPiNAnalysis[[#Headers],[CCCM]:[WASH]], "")<>"", 1, 0))>1, "",tblPiNAnalysis[[#This Row],[% Difference between Highest and 2nd Highest]]>=perc_1st_2nd, "Flagged", TRUE(), "")} | AU13: {=IFERROR(_xlfn.IFS(tblPiNAnalysis[[#This Row],[2nd Highest PiN]]="", "", LARGE(tblPiNAnalysis[[#This Row],[CCCM]:[WASH]], 3) < tblPiNAnalysis[[#This Row],[2nd Highest PiN]], LARGE(tblPiNAnalysis[[#This Row],[CCCM]:[WASH]], 3), LARGE(tblPiNAnalysis[[#This Row],[CCCM]:[WASH]], 4) < tblPiNAnalysis[[#This Row],[2nd Highest PiN]], LARGE(tblPiNAnalysis[[#This Row],[CCCM]:[WASH]], 4), LARGE(tblPiNAnalysis[[#This Row],[CCCM]:[WASH]], 5) < tblPiNAnalysis[[#This Row],[2nd Highest PiN]], LARGE(tblPiNAnalysis[[#This Row],[CCCM]:[WASH]], 5), LARGE(tblPiNAnalysis[[#This Row],[CCCM]:[WASH]], 6) < tblPiNAnalysis[[#This Row],[2nd Highest PiN]], LARGE(tblPiNAnalysis[[#This Row],[CCCM]:[WASH]], 6), LARGE(tblPiNAnalysis[[#This Row],[CCCM]:[WASH]], 7) <tblPiNAnalysis[[#This Row],[2nd Highest PiN]], LARGE(tblPiNAnalysis[[#This Row],[CCCM]:[WASH]], 7), LARGE(tblPiNAnalysis[[#This Row],[CCCM]:[WASH]], 8) <= tblPiNAnalysis[[#This Row],[2nd Highest PiN]], LARGE(tblPiNAnalysis[[#This Row],[CCCM]:[WASH]], 8)), "NA")} -> 1253 | AV13: {=IF(tblPiNAnalysis[[#This Row],[3rd Highest PiN]]="", "", _xlfn.TEXTJOIN(CHAR(10), TRUE, IF(tblPiNAnalysis[[#This Row],[3rd Highest PiN]]=tblPiNAnalysis[[#This Row],[CCCM]:[WASH]], tblPiNAnalysis[[#Headers],[CCCM]:[WASH]], "")))} -> Overarching Protection | AW13: =IFERROR(tblPiNAnalysis[[#This Row],[3rd Highest PiN]]/tblPiNAnalysis[[#This Row],[Population]], "") -> 0.62996481 | AX13: =IFERROR(tblPiNAnalysis[[#This Row],[Highest PiN]]-tblPiNAnalysis[[#This Row],[3rd Highest PiN]],"") -> 736 | AY13: =IFERROR(tblPiNAnalysis[[#This Row],[Difference of PiN between Highest and 3rd Highest]]/tblPiNAnalysis[[#This Row],[3rd Highest PiN]], "") -> 0.58739026 | AZ13: {=_xlfn.IFS(tblPiNAnalysis[[#This Row],[Difference of PiN between Highest and 3rd Highest]]="", "", SUM(IF(IF(tblPiNAnalysis[[#This Row],[Highest PiN]]=tblPiNAnalysis[[#This Row],[CCCM]:[WASH]], tblPiNAnalysis[[#Headers],[CCCM]:[WASH]], "")<>"", 1, 0))>1, "",tblPiNAnalysis[[#This Row],[% Difference between Highest and 3rd Highest]]>=perc_1st_3rd, "Flagged", 1=1, "")} | BA13: {=IFERROR(IF(tblPiNAnalysis[[#This Row],[ID]]="", "", INDEX(tblPiNHistorical[[CCCM]:[WASH]], MATCH(tblPiNAnalysis[[#This Row],[ID]],tblPiNHistorical[ID], 0),MATCH(_xlfn._xlws.FILTER(tblPiNAnalysis[[#Headers],[CCCM]:[WASH]], tblPiNAnalysis[[#This Row],[Highest PiN]]=tblPiNAnalysis[[#This Row],[CCCM]:[WASH]]), tblPiNHistorical[[#Headers],[CCCM]:[WASH]], 0))), "")} -> #VALUE! | BB13: {=IFERROR(IF(SUM(IF(ABS(INDEX(tblPiNHistorical[[CCCM]:[WASH]], MATCH(tblPiNAnalysis[[#This Row],[ID]],tblPiNHistorical[ID], 0),MATCH(_xlfn._xlws.FILTER(tblPiNAnalysis[[#Headers],[CCCM]:[WASH]], tblPiNAnalysis[[#This Row],[Highest PiN]]=tblPiNAnalysis[[#This Row],[CCCM]:[WASH]]), tblPiNHistorical[[#Headers],[CCCM]:[WASH]], 0)))>=flag_pin_historical, 1, 0))>0, "Flagged", ""), "")} | BC13: {=IFERROR(IF(tblPiNAnalysis[[#This Row],[ID]]="", "", INDEX(tblPiNHistorical[[CCCM]:[WASH]], MATCH(tblPiNAnalysis[[#This Row],[ID]],tblPiNHistorical[ID], 0),MATCH(_xlfn._xlws.FILTER(tblPiNAnalysis[[#Headers],[CCCM]:[WASH]], tblPiNAnalysis[[#This Row],[2nd Highest PiN]]=tblPiNAnalysis[[#This Row],[CCCM]:[WASH]]), tblPiNHistorical[[#Headers],[CCCM]:[WASH]], 0))), "")} -> 0.4 | BD13: {=IFERROR(IF(SUM(IF(ABS(INDEX(tblPiNHistorical[[CCCM]:[WASH]], MATCH(tblPiNAnalysis[[#This Row],[ID]],tblPiNHistorical[ID], 0),MATCH(_xlfn._xlws.FILTER(tblPiNAnalysis[[#Headers],[CCCM]:[WASH]], tblPiNAnalysis[[#This Row],[2nd Highest PiN]]=tblPiNAnalysis[[#This Row],[CCCM]:[WASH]]), tblPiNHistorical[[#Headers],[CCCM]:[WASH]], 0)))>=flag_pin_historical, 1, 0))>0, "Flagged", ""), "")} | BE13: =INDEX(tblSeverityAnalysis[Final Severity], MATCH(tblPiNAnalysis[[#This Row],[ID]],tblSeverityAnalysis[ID], 0)) -> 3 | BF13: =IF(tblPiNAnalysis[[#This Row],[Severity]]>2,tblPiNAnalysis[[#This Row],[Highest PiN]],) -> 1989 | BI13: =COUNTIFS(tblPiNAnalysis[[#This Row],[Number of missing / zero PiNs greater than threshold - Data quality]:[Manual Flag]],"Flagged") -> 1 | BJ13: =IF(tblPiNAnalysis[[#This Row],['# Flags]]>0, "Flagged", "") -> Flagged | BK13: =tblPiNAnalysis[[#This Row],[Preliminary PiN]] -> 1989 | BM13: =IFERROR(IF(tblPiNAnalysis[[#This Row],[Severity]]=3,tblPiNAnalysis[[#This Row],[Final PiN]]*Thresholds!$D$35,tblPiNAnalysis[[#This Row],[Final PiN]]*Thresholds!$D$36),) -> 994.5 | BN13: =IFERROR(IF(tblPiNAnalysis[[#This Row],[Severity]]>3,tblPiNAnalysis[[#This Row],[Final PiN]]*Thresholds!$D$36,),) -> 0
A14: MZ0111 | B14: Cabo Delgado | C14: MZ01 | D14: Montepuez | E14: MZ0111 | I14: 20334 | J14: IDPs | K14: 455 | L14: 1548 | M14: 1935 | N14: 20334 | O14: 54.782615 | P14: 4066 | Q14: 14409 | R14: 10369 | S14: 4066 | T14: 2398 | U14: 135 | V14: 4066 | W14: =IFERROR(IF(tblPiNAnalysis[[#This Row],[CCCM]]="", "", MROUND(tblPiNAnalysis[[#This Row],[CCCM]]/tblPiNAnalysis[[#This Row],[Population]], 0.05)), "") -> 0 | X14: =IFERROR(IF(tblPiNAnalysis[[#This Row],[Education]]="", "", MROUND(tblPiNAnalysis[[#This Row],[Education]]/tblPiNAnalysis[[#This Row],[Population]], 0.05)), "") -> 0.1 | Y14: =IFERROR(IF(tblPiNAnalysis[[#This Row],[Nutrition]]="", "", MROUND(tblPiNAnalysis[[#This Row],[Nutrition]]/tblPiNAnalysis[[#This Row],[Population]], 0.05)), "") -> 0.1 | Z14: =IFERROR(IF(tblPiNAnalysis[[#This Row],[Food Security]]="", "", MROUND(tblPiNAnalysis[[#This Row],[Food Security]]/tblPiNAnalysis[[#This Row],[Population]], 0.05)), "") -> 1 | AA14: =IFERROR(IF(tblPiNAnalysis[[#This Row],[Health]]="", "", MROUND(tblPiNAnalysis[[#This Row],[Health]]/tblPiNAnalysis[[#This Row],[Population]], 0.05)), "") -> 0 | AB14: =IFERROR(IF(tblPiNAnalysis[[#This Row],[Overarching Protection]]="", "", MROUND(tblPiNAnalysis[[#This Row],[Overarching Protection]]/tblPiNAnalysis[[#This Row],[Population]], 0.05)), "") -> 0.2 | AC14: =IFERROR(IF(tblPiNAnalysis[[#This Row],[Shelter]]="", "", MROUND(tblPiNAnalysis[[#This Row],[Shelter]]/tblPiNAnalysis[[#This Row],[Population]], 0.05)), "") -> 0.7 | AD14: =IFERROR(IF(tblPiNAnalysis[[#This Row],[WASH]]="", "", MROUND(tblPiNAnalysis[[#This Row],[WASH]]/tblPiNAnalysis[[#This Row],[Population]], 0.05)), "") -> 0.5 | AE14: =IFERROR(MROUND(tblPiNAnalysis[[#This Row],[CP]]/tblPiNAnalysis[[#This Row],[Population]], 0.05), "") -> 0.2 | AF14: =IFERROR(MROUND(tblPiNAnalysis[[#This Row],[GBV]]/tblPiNAnalysis[[#This Row],[Population]], 0.05), "") -> 0.1 | AG14: =IFERROR(MROUND(tblPiNAnalysis[[#This Row],[GP]]/tblPiNAnalysis[[#This Row],[Population]], 0.05), "") -> 0 | AH14: =IFERROR(MROUND(tblPiNAnalysis[[#This Row],[HLP]]/tblPiNAnalysis[[#This Row],[Population]], 0.05), "") -> 0.2 | AI14: =IFERROR(LARGE(tblPiNAnalysis[[#This Row],[CCCM]:[WASH]], 1), "") -> 20334 | AJ14: {=IF(tblPiNAnalysis[[#This Row],[Highest PiN]]="", "", _xlfn.TEXTJOIN(CHAR(10), TRUE, IF(tblPiNAnalysis[[#This Row],[Highest PiN]]=tblPiNAnalysis[[#This Row],[CCCM]:[WASH]], tblPiNAnalysis[[#Headers],[CCCM]:[WASH]], "")))} -> Food Security | AK14: =IF(tblPiNAnalysis[[#This Row],[Highest PiN]]="", "", tblPiNAnalysis[[#This Row],[Highest PiN]]/tblPiNAnalysis[[#This Row],[Population]]) -> 1 | AL14: =IF(SUM(tblPiNAnalysis[[#This Row],[CCCM]:[WASH]])=0, "",IF(COUNTIF(tblPiNAnalysis[[#This Row],[CCCM]:[WASH]],"=0")+COUNTIF(tblPiNAnalysis[[#This Row],[CCCM]:[WASH]],"")>=zero_pin_thresh, "Flagged", "")) | AM14: =IFERROR(IF(tblPiNAnalysis[[#This Row],[Highest PiN]]="", "", IF(tblPiNAnalysis[[#This Row],[Highest sector(s'') PiN %]]>=flag_pin_perc, "Flagged", "")), "") -> Flagged | AN14: {=IF(tblPiNAnalysis[[#This Row],[Highest PiN]]=0, "", IF(OR(COUNTIF(tblPiNAnalysis[[#This Row],[Highest sector(s)]],tblSubSectorPopulation[Sector])), "Flagged", ""))} | AO14: {=IFERROR(_xlfn.IFS(tblPiNAnalysis[[#This Row],[Highest PiN]]="", "", LARGE(tblPiNAnalysis[[#This Row],[CCCM]:[WASH]], 2) < tblPiNAnalysis[[#This Row],[Highest PiN]], LARGE(tblPiNAnalysis[[#This Row],[CCCM]:[WASH]], 2), LARGE(tblPiNAnalysis[[#This Row],[CCCM]:[WASH]], 3) < tblPiNAnalysis[[#This Row],[Highest PiN]], LARGE(tblPiNAnalysis[[#This Row],[CCCM]:[WASH]], 3), LARGE(tblPiNAnalysis[[#This Row],[CCCM]:[WASH]], 4) < tblPiNAnalysis[[#This Row],[Highest PiN]], LARGE(tblPiNAnalysis[[#This Row],[CCCM]:[WASH]], 4), LARGE(tblPiNAnalysis[[#This Row],[CCCM]:[WASH]], 5) < tblPiNAnalysis[[#This Row],[Highest PiN]], LARGE(tblPiNAnalysis[[#This Row],[CCCM]:[WASH]], 5), LARGE(tblPiNAnalysis[[#This Row],[CCCM]:[WASH]], 6) < tblPiNAnalysis[[#This Row],[Highest PiN]], LARGE(tblPiNAnalysis[[#This Row],[CCCM]:[WASH]], 6), LARGE(tblPiNAnalysis[[#This Row],[CCCM]:[WASH]], 7) <tblPiNAnalysis[[#This Row],[Highest PiN]], LARGE(tblPiNAnalysis[[#This Row],[CCCM]:[WASH]], 7), LARGE(tblPiNAnalysis[[#This Row],[CCCM]:[WASH]], 8) <= tblPiNAnalysis[[#This Row],[Highest PiN]], LARGE(tblPiNAnalysis[[#This Row],[CCCM]:[WASH]], 8)), "NA")} -> 14409 | AP14: {=IF(tblPiNAnalysis[[#This Row],[2nd Highest PiN]]="", "", _xlfn.TEXTJOIN(CHAR(10), TRUE, IF(tblPiNAnalysis[[#This Row],[2nd Highest PiN]]=tblPiNAnalysis[[#This Row],[CCCM]:[WASH]], tblPiNAnalysis[[#Headers],[CCCM]:[WASH]], "")))} -> Shelter | AQ14: =IFERROR(tblPiNAnalysis[[#This Row],[2nd Highest PiN]]/tblPiNAnalysis[[#This Row],[Population]], "") -> 0.70861611 | AR14: =IFERROR(tblPiNAnalysis[[#This Row],[Highest PiN]]-tblPiNAnalysis[[#This Row],[2nd Highest PiN]], "") -> 5925 | AS14: =IFERROR(((tblPiNAnalysis[[#This Row],[Highest PiN]]-tblPiNAnalysis[[#This Row],[2nd Highest PiN]])/tblPiNAnalysis[[#This Row],[2nd Highest PiN]]),"") -> 0.41120133 | AT14: {=_xlfn.IFS(tblPiNAnalysis[[#This Row],[% Difference between Highest and 2nd Highest]]="", "", SUM(IF(IF(tblPiNAnalysis[[#This Row],[Highest PiN]]=tblPiNAnalysis[[#This Row],[CCCM]:[WASH]], tblPiNAnalysis[[#Headers],[CCCM]:[WASH]], "")<>"", 1, 0))>1, "",tblPiNAnalysis[[#This Row],[% Difference between Highest and 2nd Highest]]>=perc_1st_2nd, "Flagged", TRUE(), "")} -> Flagged | AU14: {=IFERROR(_xlfn.IFS(tblPiNAnalysis[[#This Row],[2nd Highest PiN]]="", "", LARGE(tblPiNAnalysis[[#This Row],[CCCM]:[WASH]], 3) < tblPiNAnalysis[[#This Row],[2nd Highest PiN]], LARGE(tblPiNAnalysis[[#This Row],[CCCM]:[WASH]], 3), LARGE(tblPiNAnalysis[[#This Row],[CCCM]:[WASH]], 4) < tblPiNAnalysis[[#This Row],[2nd Highest PiN]], LARGE(tblPiNAnalysis[[#This Row],[CCCM]:[WASH]], 4), LARGE(tblPiNAnalysis[[#This Row],[CCCM]:[WASH]], 5) < tblPiNAnalysis[[#This Row],[2nd Highest PiN]], LARGE(tblPiNAnalysis[[#This Row],[CCCM]:[WASH]], 5), LARGE(tblPiNAnalysis[[#This Row],[CCCM]:[WASH]], 6) < tblPiNAnalysis[[#This Row],[2nd Highest PiN]], LARGE(tblPiNAnalysis[[#This Row],[CCCM]:[WASH]], 6), LARGE(tblPiNAnalysis[[#This Row],[CCCM]:[WASH]], 7) <tblPiNAnalysis[[#This Row],[2nd Highest PiN]], LARGE(tblPiNAnalysis[[#This Row],[CCCM]:[WASH]], 7), LARGE(tblPiNAnalysis[[#This Row],[CCCM]:[WASH]], 8) <= tblPiNAnalysis[[#This Row],[2nd Highest PiN]], LARGE(tblPiNAnalysis[[#This Row],[CCCM]:[WASH]], 8)), "NA")} -> 10369 | AV14: {=IF(tblPiNAnalysis[[#This Row],[3rd Highest PiN]]="", "", _xlfn.TEXTJOIN(CHAR(10), TRUE, IF(tblPiNAnalysis[[#This Row],[3rd Highest PiN]]=tblPiNAnalysis[[#This Row],[CCCM]:[WASH]], tblPiNAnalysis[[#Headers],[CCCM]:[WASH]], "")))} -> WASH | AW14: =IFERROR(tblPiNAnalysis[[#This Row],[3rd Highest PiN]]/tblPiNAnalysis[[#This Row],[Population]], "") -> 0.5099341 | AX14: =IFERROR(tblPiNAnalysis[[#This Row],[Highest PiN]]-tblPiNAnalysis[[#This Row],[3rd Highest PiN]],"") -> 9965 | AY14: =IFERROR(tblPiNAnalysis[[#This Row],[Difference of PiN between Highest and 3rd Highest]]/tblPiNAnalysis[[#This Row],[3rd Highest PiN]], "") -> 0.96103771 | AZ14: {=_xlfn.IFS(tblPiNAnalysis[[#This Row],[Difference of PiN between Highest and 3rd Highest]]="", "", SUM(IF(IF(tblPiNAnalysis[[#This Row],[Highest PiN]]=tblPiNAnalysis[[#This Row],[CCCM]:[WASH]], tblPiNAnalysis[[#Headers],[CCCM]:[WASH]], "")<>"", 1, 0))>1, "",tblPiNAnalysis[[#This Row],[% Difference between Highest and 3rd Highest]]>=perc_1st_3rd, "Flagged", 1=1, "")} -> Flagged | BA14: {=IFERROR(IF(tblPiNAnalysis[[#This Row],[ID]]="", "", INDEX(tblPiNHistorical[[CCCM]:[WASH]], MATCH(tblPiNAnalysis[[#This Row],[ID]],tblPiNHistorical[ID], 0),MATCH(_xlfn._xlws.FILTER(tblPiNAnalysis[[#Headers],[CCCM]:[WASH]], tblPiNAnalysis[[#This Row],[Highest PiN]]=tblPiNAnalysis[[#This Row],[CCCM]:[WASH]]), tblPiNHistorical[[#Headers],[CCCM]:[WASH]], 0))), "")} -> 2.4 | BB14: {=IFERROR(IF(SUM(IF(ABS(INDEX(tblPiNHistorical[[CCCM]:[WASH]], MATCH(tblPiNAnalysis[[#This Row],[ID]],tblPiNHistorical[ID], 0),MATCH(_xlfn._xlws.FILTER(tblPiNAnalysis[[#Headers],[CCCM]:[WASH]], tblPiNAnalysis[[#This Row],[Highest PiN]]=tblPiNAnalysis[[#This Row],[CCCM]:[WASH]]), tblPiNHistorical[[#Headers],[CCCM]:[WASH]], 0)))>=flag_pin_historical, 1, 0))>0, "Flagged", ""), "")} -> Flagged | BC14: {=IFERROR(IF(tblPiNAnalysis[[#This Row],[ID]]="", "", INDEX(tblPiNHistorical[[CCCM]:[WASH]], MATCH(tblPiNAnalysis[[#This Row],[ID]],tblPiNHistorical[ID], 0),MATCH(_xlfn._xlws.FILTER(tblPiNAnalysis[[#Headers],[CCCM]:[WASH]], tblPiNAnalysis[[#This Row],[2nd Highest PiN]]=tblPiNAnalysis[[#This Row],[CCCM]:[WASH]]), tblPiNHistorical[[#Headers],[CCCM]:[WASH]], 0))), "")} -> 0 | BD14: {=IFERROR(IF(SUM(IF(ABS(INDEX(tblPiNHistorical[[CCCM]:[WASH]], MATCH(tblPiNAnalysis[[#This Row],[ID]],tblPiNHistorical[ID], 0),MATCH(_xlfn._xlws.FILTER(tblPiNAnalysis[[#Headers],[CCCM]:[WASH]], tblPiNAnalysis[[#This Row],[2nd Highest PiN]]=tblPiNAnalysis[[#This Row],[CCCM]:[WASH]]), tblPiNHistorical[[#Headers],[CCCM]:[WASH]], 0)))>=flag_pin_historical, 1, 0))>0, "Flagged", ""), "")} | BE14: =INDEX(tblSeverityAnalysis[Final Severity], MATCH(tblPiNAnalysis[[#This Row],[ID]],tblSeverityAnalysis[ID], 0)) -> 3 | BF14: =IF(tblPiNAnalysis[[#This Row],[Severity]]>2,tblPiNAnalysis[[#This Row],[Highest PiN]],) -> 20334 | BI14: =COUNTIFS(tblPiNAnalysis[[#This Row],[Number of missing / zero PiNs greater than threshold - Data quality]:[Manual Flag]],"Flagged") -> 4 | BJ14: =IF(tblPiNAnalysis[[#This Row],['# Flags]]>0, "Flagged", "") -> Flagged | BK14: =tblPiNAnalysis[[#This Row],[Preliminary PiN]] -> 20334 | BM14: =IFERROR(IF(tblPiNAnalysis[[#This Row],[Severity]]=3,tblPiNAnalysis[[#This Row],[Final PiN]]*Thresholds!$D$35,tblPiNAnalysis[[#This Row],[Final PiN]]*Thresholds!$D$36),) -> 10167 | BN14: =IFERROR(IF(tblPiNAnalysis[[#This Row],[Severity]]>3,tblPiNAnalysis[[#This Row],[Final PiN]]*Thresholds!$D$36,),) -> 0
A15: MZ0112 | B15: Cabo Delgado | C15: MZ01 | D15: Mueda | E15: MZ0112 | I15: 48358 | J15: IDPs | K15: 23978 | L15: 10650 | M15: 4765 | N15: 16925 | O15: 275.00569 | P15: 6520 | Q15: 30425 | R15: 43522 | S15: 6520 | T15: 3846 | U15: 3224 | V15: 6520 | W15: =IFERROR(IF(tblPiNAnalysis[[#This Row],[CCCM]]="", "", MROUND(tblPiNAnalysis[[#This Row],[CCCM]]/tblPiNAnalysis[[#This Row],[Population]], 0.05)), "") -> 0.5 | X15: =IFERROR(IF(tblPiNAnalysis[[#This Row],[Education]]="", "", MROUND(tblPiNAnalysis[[#This Row],[Education]]/tblPiNAnalysis[[#This Row],[Population]], 0.05)), "") -> 0.2 | Y15: =IFERROR(IF(tblPiNAnalysis[[#This Row],[Nutrition]]="", "", MROUND(tblPiNAnalysis[[#This Row],[Nutrition]]/tblPiNAnalysis[[#This Row],[Population]], 0.05)), "") -> 0.1 | Z15: =IFERROR(IF(tblPiNAnalysis[[#This Row],[Food Security]]="", "", MROUND(tblPiNAnalysis[[#This Row],[Food Security]]/tblPiNAnalysis[[#This Row],[Population]], 0.05)), "") -> 0.35 | AA15: =IFERROR(IF(tblPiNAnalysis[[#This Row],[Health]]="", "", MROUND(tblPiNAnalysis[[#This Row],[Health]]/tblPiNAnalysis[[#This Row],[Population]], 0.05)), "") -> 0 | AB15: =IFERROR(IF(tblPiNAnalysis[[#This Row],[Overarching Protection]]="", "", MROUND(tblPiNAnalysis[[#This Row],[Overarching Protection]]/tblPiNAnalysis[[#This Row],[Population]], 0.05)), "") -> 0.15 | AC15: =IFERROR(IF(tblPiNAnalysis[[#This Row],[Shelter]]="", "", MROUND(tblPiNAnalysis[[#This Row],[Shelter]]/tblPiNAnalysis[[#This Row],[Population]], 0.05)), "") -> 0.65 | AD15: =IFERROR(IF(tblPiNAnalysis[[#This Row],[WASH]]="", "", MROUND(tblPiNAnalysis[[#This Row],[WASH]]/tblPiNAnalysis[[#This Row],[Population]], 0.05)), "") -> 0.9 | AE15: =IFERROR(MROUND(tblPiNAnalysis[[#This Row],[CP]]/tblPiNAnalysis[[#This Row],[Population]], 0.05), "") -> 0.15 | AF15: =IFERROR(MROUND(tblPiNAnalysis[[#This Row],[GBV]]/tblPiNAnalysis[[#This Row],[Population]], 0.05), "") -> 0.1 | AG15: =IFERROR(MROUND(tblPiNAnalysis[[#This Row],[GP]]/tblPiNAnalysis[[#This Row],[Population]], 0.05), "") -> 0.05 | AH15: =IFERROR(MROUND(tblPiNAnalysis[[#This Row],[HLP]]/tblPiNAnalysis[[#This Row],[Population]], 0.05), "") -> 0.15 | AI15: =IFERROR(LARGE(tblPiNAnalysis[[#This Row],[CCCM]:[WASH]], 1), "") -> 43522 | AJ15: {=IF(tblPiNAnalysis[[#This Row],[Highest PiN]]="", "", _xlfn.TEXTJOIN(CHAR(10), TRUE, IF(tblPiNAnalysis[[#This Row],[Highest PiN]]=tblPiNAnalysis[[#This Row],[CCCM]:[WASH]], tblPiNAnalysis[[#Headers],[CCCM]:[WASH]], "")))} -> WASH | AK15: =IF(tblPiNAnalysis[[#This Row],[Highest PiN]]="", "", tblPiNAnalysis[[#This Row],[Highest PiN]]/tblPiNAnalysis[[#This Row],[Population]]) -> 0.89999586 | AL15: =IF(SUM(tblPiNAnalysis[[#This Row],[CCCM]:[WASH]])=0, "",IF(COUNTIF(tblPiNAnalysis[[#This Row],[CCCM]:[WASH]],"=0")+COUNTIF(tblPiNAnalysis[[#This Row],[CCCM]:[WASH]],"")>=zero_pin_thresh, "Flagged", "")) | AM15: =IFERROR(IF(tblPiNAnalysis[[#This Row],[Highest PiN]]="", "", IF(tblPiNAnalysis[[#This Row],[Highest sector(s'') PiN %]]>=flag_pin_perc, "Flagged", "")), "") | AN15: {=IF(tblPiNAnalysis[[#This Row],[Highest PiN]]=0, "", IF(OR(COUNTIF(tblPiNAnalysis[[#This Row],[Highest sector(s)]],tblSubSectorPopulation[Sector])), "Flagged", ""))} | AO15: {=IFERROR(_xlfn.IFS(tblPiNAnalysis[[#This Row],[Highest PiN]]="", "", LARGE(tblPiNAnalysis[[#This Row],[CCCM]:[WASH]], 2) < tblPiNAnalysis[[#This Row],[Highest PiN]], LARGE(tblPiNAnalysis[[#This Row],[CCCM]:[WASH]], 2), LARGE(tblPiNAnalysis[[#This Row],[CCCM]:[WASH]], 3) < tblPiNAnalysis[[#This Row],[Highest PiN]], LARGE(tblPiNAnalysis[[#This Row],[CCCM]:[WASH]], 3), LARGE(tblPiNAnalysis[[#This Row],[CCCM]:[WASH]], 4) < tblPiNAnalysis[[#This Row],[Highest PiN]], LARGE(tblPiNAnalysis[[#This Row],[CCCM]:[WASH]], 4), LARGE(tblPiNAnalysis[[#This Row],[CCCM]:[WASH]], 5) < tblPiNAnalysis[[#This Row],[Highest PiN]], LARGE(tblPiNAnalysis[[#This Row],[CCCM]:[WASH]], 5), LARGE(tblPiNAnalysis[[#This Row],[CCCM]:[WASH]], 6) < tblPiNAnalysis[[#This Row],[Highest PiN]], LARGE(tblPiNAnalysis[[#This Row],[CCCM]:[WASH]], 6), LARGE(tblPiNAnalysis[[#This Row],[CCCM]:[WASH]], 7) <tblPiNAnalysis[[#This Row],[Highest PiN]], LARGE(tblPiNAnalysis[[#This Row],[CCCM]:[WASH]], 7), LARGE(tblPiNAnalysis[[#This Row],[CCCM]:[WASH]], 8) <= tblPiNAnalysis[[#This Row],[Highest PiN]], LARGE(tblPiNAnalysis[[#This Row],[CCCM]:[WASH]], 8)), "NA")} -> 30425 | AP15: {=IF(tblPiNAnalysis[[#This Row],[2nd Highest PiN]]="", "", _xlfn.TEXTJOIN(CHAR(10), TRUE, IF(tblPiNAnalysis[[#This Row],[2nd Highest PiN]]=tblPiNAnalysis[[#This Row],[CCCM]:[WASH]], tblPiNAnalysis[[#Headers],[CCCM]:[WASH]], "")))} -> Shelter | AQ15: =IFERROR(tblPiNAnalysis[[#This Row],[2nd Highest PiN]]/tblPiNAnalysis[[#This Row],[Population]], "") -> 0.62916167 | AR15: =IFERROR(tblPiNAnalysis[[#This Row],[Highest PiN]]-tblPiNAnalysis[[#This Row],[2nd Highest PiN]], "") -> 13097 | AS15: =IFERROR(((tblPiNAnalysis[[#This Row],[Highest PiN]]-tblPiNAnalysis[[#This Row],[2nd Highest PiN]])/tblPiNAnalysis[[#This Row],[2nd Highest PiN]]),"") -> 0.43046836 | AT15: {=_xlfn.IFS(tblPiNAnalysis[[#This Row],[% Difference between Highest and 2nd Highest]]="", "", SUM(IF(IF(tblPiNAnalysis[[#This Row],[Highest PiN]]=tblPiNAnalysis[[#This Row],[CCCM]:[WASH]], tblPiNAnalysis[[#Headers],[CCCM]:[WASH]], "")<>"", 1, 0))>1, "",tblPiNAnalysis[[#This Row],[% Difference between Highest and 2nd Highest]]>=perc_1st_2nd, "Flagged", TRUE(), "")} -> Flagged | AU15: {=IFERROR(_xlfn.IFS(tblPiNAnalysis[[#This Row],[2nd Highest PiN]]="", "", LARGE(tblPiNAnalysis[[#This Row],[CCCM]:[WASH]], 3) < tblPiNAnalysis[[#This Row],[2nd Highest PiN]], LARGE(tblPiNAnalysis[[#This Row],[CCCM]:[WASH]], 3), LARGE(tblPiNAnalysis[[#This Row],[CCCM]:[WASH]], 4) < tblPiNAnalysis[[#This Row],[2nd Highest PiN]], LARGE(tblPiNAnalysis[[#This Row],[CCCM]:[WASH]], 4), LARGE(tblPiNAnalysis[[#This Row],[CCCM]:[WASH]], 5) < tblPiNAnalysis[[#This Row],[2nd Highest PiN]], LARGE(tblPiNAnalysis[[#This Row],[CCCM]:[WASH]], 5), LARGE(tblPiNAnalysis[[#This Row],[CCCM]:[WASH]], 6) < tblPiNAnalysis[[#This Row],[2nd Highest PiN]], LARGE(tblPiNAnalysis[[#This Row],[CCCM]:[WASH]], 6), LARGE(tblPiNAnalysis[[#This Row],[CCCM]:[WASH]], 7) <tblPiNAnalysis[[#This Row],[2nd Highest PiN]], LARGE(tblPiNAnalysis[[#This Row],[CCCM]:[WASH]], 7), LARGE(tblPiNAnalysis[[#This Row],[CCCM]:[WASH]], 8) <= tblPiNAnalysis[[#This Row],[2nd Highest PiN]], LARGE(tblPiNAnalysis[[#This Row],[CCCM]:[WASH]], 8)), "NA")} -> 23978 | AV15: {=IF(tblPiNAnalysis[[#This Row],[3rd Highest PiN]]="", "", _xlfn.TEXTJOIN(CHAR(10), TRUE, IF(tblPiNAnalysis[[#This Row],[3rd Highest PiN]]=tblPiNAnalysis[[#This Row],[CCCM]:[WASH]], tblPiNAnalysis[[#Headers],[CCCM]:[WASH]], "")))} -> CCCM | AW15: =IFERROR(tblPiNAnalysis[[#This Row],[3rd Highest PiN]]/tblPiNAnalysis[[#This Row],[Population]], "") -> 0.4958435 | AX15: =IFERROR(tblPiNAnalysis[[#This Row],[Highest PiN]]-tblPiNAnalysis[[#This Row],[3rd Highest PiN]],"") -> 19544 | AY15: =IFERROR(tblPiNAnalysis[[#This Row],[Difference of PiN between Highest and 3rd Highest]]/tblPiNAnalysis[[#This Row],[3rd Highest PiN]], "") -> 0.81508049 | AZ15: {=_xlfn.IFS(tblPiNAnalysis[[#This Row],[Difference of PiN between Highest and 3rd Highest]]="", "", SUM(IF(IF(tblPiNAnalysis[[#This Row],[Highest PiN]]=tblPiNAnalysis[[#This Row],[CCCM]:[WASH]], tblPiNAnalysis[[#Headers],[CCCM]:[WASH]], "")<>"", 1, 0))>1, "",tblPiNAnalysis[[#This Row],[% Difference between Highest and 3rd Highest]]>=perc_1st_3rd, "Flagged", 1=1, "")} -> Flagged | BA15: {=IFERROR(IF(tblPiNAnalysis[[#This Row],[ID]]="", "", INDEX(tblPiNHistorical[[CCCM]:[WASH]], MATCH(tblPiNAnalysis[[#This Row],[ID]],tblPiNHistorical[ID], 0),MATCH(_xlfn._xlws.FILTER(tblPiNAnalysis[[#Headers],[CCCM]:[WASH]], tblPiNAnalysis[[#This Row],[Highest PiN]]=tblPiNAnalysis[[#This Row],[CCCM]:[WASH]]), tblPiNHistorical[[#Headers],[CCCM]:[WASH]], 0))), "")} -> -0.1 | BB15: {=IFERROR(IF(SUM(IF(ABS(INDEX(tblPiNHistorical[[CCCM]:[WASH]], MATCH(tblPiNAnalysis[[#This Row],[ID]],tblPiNHistorical[ID], 0),MATCH(_xlfn._xlws.FILTER(tblPiNAnalysis[[#Headers],[CCCM]:[WASH]], tblPiNAnalysis[[#This Row],[Highest PiN]]=tblPiNAnalysis[[#This Row],[CCCM]:[WASH]]), tblPiNHistorical[[#Headers],[CCCM]:[WASH]], 0)))>=flag_pin_historical, 1, 0))>0, "Flagged", ""), "")} | BC15: {=IFERROR(IF(tblPiNAnalysis[[#This Row],[ID]]="", "", INDEX(tblPiNHistorical[[CCCM]:[WASH]], MATCH(tblPiNAnalysis[[#This Row],[ID]],tblPiNHistorical[ID], 0),MATCH(_xlfn._xlws.FILTER(tblPiNAnalysis[[#Headers],[CCCM]:[WASH]], tblPiNAnalysis[[#This Row],[2nd Highest PiN]]=tblPiNAnalysis[[#This Row],[CCCM]:[WASH]]), tblPiNHistorical[[#Headers],[CCCM]:[WASH]], 0))), "")} -> 0.1 | BD15: {=IFERROR(IF(SUM(IF(ABS(INDEX(tblPiNHistorical[[CCCM]:[WASH]], MATCH(tblPiNAnalysis[[#This Row],[ID]],tblPiNHistorical[ID], 0),MATCH(_xlfn._xlws.FILTER(tblPiNAnalysis[[#Headers],[CCCM]:[WASH]], tblPiNAnalysis[[#This Row],[2nd Highest PiN]]=tblPiNAnalysis[[#This Row],[CCCM]:[WASH]]), tblPiNHistorical[[#Headers],[CCCM]:[WASH]], 0)))>=flag_pin_historical, 1, 0))>0, "Flagged", ""), "")} | BE15: =INDEX(tblSeverityAnalysis[Final Severity], MATCH(tblPiNAnalysis[[#This Row],[ID]],tblSeverityAnalysis[ID], 0)) -> 4 | BF15: =IF(tblPiNAnalysis[[#This Row],[Severity]]>2,tblPiNAnalysis[[#This Row],[Highest PiN]],) -> 43522 | BI15: =COUNTIFS(tblPiNAnalysis[[#This Row],[Number of missing / zero PiNs greater than threshold - Data quality]:[Manual Flag]],"Flagged") -> 2 | BJ15: =IF(tblPiNAnalysis[[#This Row],['# Flags]]>0, "Flagged", "") -> Flagged | BK15: =tblPiNAnalysis[[#This Row],[Preliminary PiN]] -> 43522 | BM15: =IFERROR(IF(tblPiNAnalysis[[#This Row],[Severity]]=3,tblPiNAnalysis[[#This Row],[Final PiN]]*Thresholds!$D$35,tblPiNAnalysis[[#This Row],[Final PiN]]*Thresholds!$D$36),) -> 43522 | BN15: =IFERROR(IF(tblPiNAnalysis[[#This Row],[Severity]]>3,tblPiNAnalysis[[#This Row],[Final PiN]]*Thresholds!$D$36,),) -> 43522
A16: MZ0113 | B16: Cabo Delgado | C16: MZ01 | D16: Muidumbe | E16: MZ0113 | I16: 14217 | J16: IDPs | K16: 14217 | L16: 2546 | M16: 1290 | N16: 14217 | O16: 201.58533 | P16: 8109 | Q16: 8846 | R16: 13901 | S16: 2694 | T16: 5565 | U16: 8109 | V16: 0 | W16: =IFERROR(IF(tblPiNAnalysis[[#This Row],[CCCM]]="", "", MROUND(tblPiNAnalysis[[#This Row],[CCCM]]/tblPiNAnalysis[[#This Row],[Population]], 0.05)), "") -> 1 | X16: =IFERROR(IF(tblPiNAnalysis[[#This Row],[Education]]="", "", MROUND(tblPiNAnalysis[[#This Row],[Education]]/tblPiNAnalysis[[#This Row],[Population]], 0.05)), "") -> 0.2 | Y16: =IFERROR(IF(tblPiNAnalysis[[#This Row],[Nutrition]]="", "", MROUND(tblPiNAnalysis[[#This Row],[Nutrition]]/tblPiNAnalysis[[#This Row],[Population]], 0.05)), "") -> 0.1 | Z16: =IFERROR(IF(tblPiNAnalysis[[#This Row],[Food Security]]="", "", MROUND(tblPiNAnalysis[[#This Row],[Food Security]]/tblPiNAnalysis[[#This Row],[Population]], 0.05)), "") -> 1 | AA16: =IFERROR(IF(tblPiNAnalysis[[#This Row],[Health]]="", "", MROUND(tblPiNAnalysis[[#This Row],[Health]]/tblPiNAnalysis[[#This Row],[Population]], 0.05)), "") -> 0 | AB16: =IFERROR(IF(tblPiNAnalysis[[#This Row],[Overarching Protection]]="", "", MROUND(tblPiNAnalysis[[#This Row],[Overarching Protection]]/tblPiNAnalysis[[#This Row],[Population]], 0.05)), "") -> 0.55 | AC16: =IFERROR(IF(tblPiNAnalysis[[#This Row],[Shelter]]="", "", MROUND(tblPiNAnalysis[[#This Row],[Shelter]]/tblPiNAnalysis[[#This Row],[Population]], 0.05)), "") -> 0.6 | AD16: =IFERROR(IF(tblPiNAnalysis[[#This Row],[WASH]]="", "", MROUND(tblPiNAnalysis[[#This Row],[WASH]]/tblPiNAnalysis[[#This Row],[Population]], 0.05)), "") -> 1 | AE16: =IFERROR(MROUND(tblPiNAnalysis[[#This Row],[CP]]/tblPiNAnalysis[[#This Row],[Population]], 0.05), "") -> 0.2 | AF16: =IFERROR(MROUND(tblPiNAnalysis[[#This Row],[GBV]]/tblPiNAnalysis[[#This Row],[Population]], 0.05), "") -> 0.4 | AG16: =IFERROR(MROUND(tblPiNAnalysis[[#This Row],[GP]]/tblPiNAnalysis[[#This Row],[Population]], 0.05), "") -> 0.55 | AH16: =IFERROR(MROUND(tblPiNAnalysis[[#This Row],[HLP]]/tblPiNAnalysis[[#This Row],[Population]], 0.05), "") -> 0 | AI16: =IFERROR(LARGE(tblPiNAnalysis[[#This Row],[CCCM]:[WASH]], 1), "") -> 14217 | AJ16: {=IF(tblPiNAnalysis[[#This Row],[Highest PiN]]="", "", _xlfn.TEXTJOIN(CHAR(10), TRUE, IF(tblPiNAnalysis[[#This Row],[Highest PiN]]=tblPiNAnalysis[[#This Row],[CCCM]:[WASH]], tblPiNAnalysis[[#Headers],[CCCM]:[WASH]], "")))} -> CCCM Food Security | AK16: =IF(tblPiNAnalysis[[#This Row],[Highest PiN]]="", "", tblPiNAnalysis[[#This Row],[Highest PiN]]/tblPiNAnalysis[[#This Row],[Population]]) -> 1 | AL16: =IF(SUM(tblPiNAnalysis[[#This Row],[CCCM]:[WASH]])=0, "",IF(COUNTIF(tblPiNAnalysis[[#This Row],[CCCM]:[WASH]],"=0")+COUNTIF(tblPiNAnalysis[[#This Row],[CCCM]:[WASH]],"")>=zero_pin_thresh, "Flagged", "")) | AM16: =IFERROR(IF(tblPiNAnalysis[[#This Row],[Highest PiN]]="", "", IF(tblPiNAnalysis[[#This Row],[Highest sector(s'') PiN %]]>=flag_pin_perc, "Flagged", "")), "") -> Flagged | AN16: {=IF(tblPiNAnalysis[[#This Row],[Highest PiN]]=0, "", IF(OR(COUNTIF(tblPiNAnalysis[[#This Row],[Highest sector(s)]],tblSubSectorPopulation[Sector])), "Flagged", ""))} | AO16: {=IFERROR(_xlfn.IFS(tblPiNAnalysis[[#This Row],[Highest PiN]]="", "", LARGE(tblPiNAnalysis[[#This Row],[CCCM]:[WASH]], 2) < tblPiNAnalysis[[#This Row],[Highest PiN]], LARGE(tblPiNAnalysis[[#This Row],[CCCM]:[WASH]], 2), LARGE(tblPiNAnalysis[[#This Row],[CCCM]:[WASH]], 3) < tblPiNAnalysis[[#This Row],[Highest PiN]], LARGE(tblPiNAnalysis[[#This Row],[CCCM]:[WASH]], 3), LARGE(tblPiNAnalysis[[#This Row],[CCCM]:[WASH]], 4) < tblPiNAnalysis[[#This Row],[Highest PiN]], LARGE(tblPiNAnalysis[[#This Row],[CCCM]:[WASH]], 4), LARGE(tblPiNAnalysis[[#This Row],[CCCM]:[WASH]], 5) < tblPiNAnalysis[[#This Row],[Highest PiN]], LARGE(tblPiNAnalysis[[#This Row],[CCCM]:[WASH]], 5), LARGE(tblPiNAnalysis[[#This Row],[CCCM]:[WASH]], 6) < tblPiNAnalysis[[#This Row],[Highest PiN]], LARGE(tblPiNAnalysis[[#This Row],[CCCM]:[WASH]], 6), LARGE(tblPiNAnalysis[[#This Row],[CCCM]:[WASH]], 7) <tblPiNAnalysis[[#This Row],[Highest PiN]], LARGE(tblPiNAnalysis[[#This Row],[CCCM]:[WASH]], 7), LARGE(tblPiNAnalysis[[#This Row],[CCCM]:[WASH]], 8) <= tblPiNAnalysis[[#This Row],[Highest PiN]], LARGE(tblPiNAnalysis[[#This Row],[CCCM]:[WASH]], 8)), "NA")} -> 13901 | AP16: {=IF(tblPiNAnalysis[[#This Row],[2nd Highest PiN]]="", "", _xlfn.TEXTJOIN(CHAR(10), TRUE, IF(tblPiNAnalysis[[#This Row],[2nd Highest PiN]]=tblPiNAnalysis[[#This Row],[CCCM]:[WASH]], tblPiNAnalysis[[#Headers],[CCCM]:[WASH]], "")))} -> WASH | AQ16: =IFERROR(tblPiNAnalysis[[#This Row],[2nd Highest PiN]]/tblPiNAnalysis[[#This Row],[Population]], "") -> 0.97777309 | AR16: =IFERROR(tblPiNAnalysis[[#This Row],[Highest PiN]]-tblPiNAnalysis[[#This Row],[2nd Highest PiN]], "") -> 316 | AS16: =IFERROR(((tblPiNAnalysis[[#This Row],[Highest PiN]]-tblPiNAnalysis[[#This Row],[2nd Highest PiN]])/tblPiNAnalysis[[#This Row],[2nd Highest PiN]]),"") -> 0.022732178 | AT16: {=_xlfn.IFS(tblPiNAnalysis[[#This Row],[% Difference between Highest and 2nd Highest]]="", "", SUM(IF(IF(tblPiNAnalysis[[#This Row],[Highest PiN]]=tblPiNAnalysis[[#This Row],[CCCM]:[WASH]], tblPiNAnalysis[[#Headers],[CCCM]:[WASH]], "")<>"", 1, 0))>1, "",tblPiNAnalysis[[#This Row],[% Difference between Highest and 2nd Highest]]>=perc_1st_2nd, "Flagged", TRUE(), "")} | AU16: {=IFERROR(_xlfn.IFS(tblPiNAnalysis[[#This Row],[2nd Highest PiN]]="", "", LARGE(tblPiNAnalysis[[#This Row],[CCCM]:[WASH]], 3) < tblPiNAnalysis[[#This Row],[2nd Highest PiN]], LARGE(tblPiNAnalysis[[#This Row],[CCCM]:[WASH]], 3), LARGE(tblPiNAnalysis[[#This Row],[CCCM]:[WASH]], 4) < tblPiNAnalysis[[#This Row],[2nd Highest PiN]], LARGE(tblPiNAnalysis[[#This Row],[CCCM]:[WASH]], 4), LARGE(tblPiNAnalysis[[#This Row],[CCCM]:[WASH]], 5) < tblPiNAnalysis[[#This Row],[2nd Highest PiN]], LARGE(tblPiNAnalysis[[#This Row],[CCCM]:[WASH]], 5), LARGE(tblPiNAnalysis[[#This Row],[CCCM]:[WASH]], 6) < tblPiNAnalysis[[#This Row],[2nd Highest PiN]], LARGE(tblPiNAnalysis[[#This Row],[CCCM]:[WASH]], 6), LARGE(tblPiNAnalysis[[#This Row],[CCCM]:[WASH]], 7) <tblPiNAnalysis[[#This Row],[2nd Highest PiN]], LARGE(tblPiNAnalysis[[#This Row],[CCCM]:[WASH]], 7), LARGE(tblPiNAnalysis[[#This Row],[CCCM]:[WASH]], 8) <= tblPiNAnalysis[[#This Row],[2nd Highest PiN]], LARGE(tblPiNAnalysis[[#This Row],[CCCM]:[WASH]], 8)), "NA")} -> 8846 | AV16: {=IF(tblPiNAnalysis[[#This Row],[3rd Highest PiN]]="", "", _xlfn.TEXTJOIN(CHAR(10), TRUE, IF(tblPiNAnalysis[[#This Row],[3rd Highest PiN]]=tblPiNAnalysis[[#This Row],[CCCM]:[WASH]], tblPiNAnalysis[[#Headers],[CCCM]:[WASH]], "")))} -> Shelter | AW16: =IFERROR(tblPiNAnalysis[[#This Row],[3rd Highest PiN]]/tblPiNAnalysis[[#This Row],[Population]], "") -> 0.62221284 | AX16: =IFERROR(tblPiNAnalysis[[#This Row],[Highest PiN]]-tblPiNAnalysis[[#This Row],[3rd Highest PiN]],"") -> 5371 | AY16: =IFERROR(tblPiNAnalysis[[#This Row],[Difference of PiN between Highest and 3rd Highest]]/tblPiNAnalysis[[#This Row],[3rd Highest PiN]], "") -> 0.60716708 | AZ16: {=_xlfn.IFS(tblPiNAnalysis[[#This Row],[Difference of PiN between Highest and 3rd Highest]]="", "", SUM(IF(IF(tblPiNAnalysis[[#This Row],[Highest PiN]]=tblPiNAnalysis[[#This Row],[CCCM]:[WASH]], tblPiNAnalysis[[#Headers],[CCCM]:[WASH]], "")<>"", 1, 0))>1, "",tblPiNAnalysis[[#This Row],[% Difference between Highest and 3rd Highest]]>=perc_1st_3rd, "Flagged", 1=1, "")} | BA16: {=IFERROR(IF(tblPiNAnalysis[[#This Row],[ID]]="", "", INDEX(tblPiNHistorical[[CCCM]:[WASH]], MATCH(tblPiNAnalysis[[#This Row],[ID]],tblPiNHistorical[ID], 0),MATCH(_xlfn._xlws.FILTER(tblPiNAnalysis[[#Headers],[CCCM]:[WASH]], tblPiNAnalysis[[#This Row],[Highest PiN]]=tblPiNAnalysis[[#This Row],[CCCM]:[WASH]]), tblPiNHistorical[[#Headers],[CCCM]:[WASH]], 0))), "")} -> #VALUE! | BB16: {=IFERROR(IF(SUM(IF(ABS(INDEX(tblPiNHistorical[[CCCM]:[WASH]], MATCH(tblPiNAnalysis[[#This Row],[ID]],tblPiNHistorical[ID], 0),MATCH(_xlfn._xlws.FILTER(tblPiNAnalysis[[#Headers],[CCCM]:[WASH]], tblPiNAnalysis[[#This Row],[Highest PiN]]=tblPiNAnalysis[[#This Row],[CCCM]:[WASH]]), tblPiNHistorical[[#Headers],[CCCM]:[WASH]], 0)))>=flag_pin_historical, 1, 0))>0, "Flagged", ""), "")} -> Flagged | BC16: {=IFERROR(IF(tblPiNAnalysis[[#This Row],[ID]]="", "", INDEX(tblPiNHistorical[[CCCM]:[WASH]], MATCH(tblPiNAnalysis[[#This Row],[ID]],tblPiNHistorical[ID], 0),MATCH(_xlfn._xlws.FILTER(tblPiNAnalysis[[#Headers],[CCCM]:[WASH]], tblPiNAnalysis[[#This Row],[2nd Highest PiN]]=tblPiNAnalysis[[#This Row],[CCCM]:[WASH]]), tblPiNHistorical[[#Headers],[CCCM]:[WASH]], 0))), "")} -> 0.5 | BD16: {=IFERROR(IF(SUM(IF(ABS(INDEX(tblPiNHistorical[[CCCM]:[WASH]], MATCH(tblPiNAnalysis[[#This Row],[ID]],tblPiNHistorical[ID], 0),MATCH(_xlfn._xlws.FILTER(tblPiNAnalysis[[#Headers],[CCCM]:[WASH]], tblPiNAnalysis[[#This Row],[2nd Highest PiN]]=tblPiNAnalysis[[#This Row],[CCCM]:[WASH]]), tblPiNHistorical[[#Headers],[CCCM]:[WASH]], 0)))>=flag_pin_historical, 1, 0))>0, "Flagged", ""), "")} | BE16: =INDEX(tblSeverityAnalysis[Final Severity], MATCH(tblPiNAnalysis[[#This Row],[ID]],tblSeverityAnalysis[ID], 0)) -> 4 | BF16: =IF(tblPiNAnalysis[[#This Row],[Severity]]>2,tblPiNAnalysis[[#This Row],[Highest PiN]],) -> 14217 | BI16: =COUNTIFS(tblPiNAnalysis[[#This Row],[Number of missing / zero PiNs greater than threshold - Data quality]:[Manual Flag]],"Flagged") -> 2 | BJ16: =IF(tblPiNAnalysis[[#This Row],['# Flags]]>0, "Flagged", "") -> Flagged | BK16: =tblPiNAnalysis[[#This Row],[Preliminary PiN]] -> 14217 | BM16: =IFERROR(IF(tblPiNAnalysis[[#This Row],[Severity]]=3,tblPiNAnalysis[[#This Row],[Final PiN]]*Thresholds!$D$35,tblPiNAnalysis[[#This Row],[Final PiN]]*Thresholds!$D$36),) -> 14217 | BN16: =IFERROR(IF(tblPiNAnalysis[[#This Row],[Severity]]>3,tblPiNAnalysis[[#This Row],[Final PiN]]*Thresholds!$D$36,),) -> 14217
A17: MZ0114 | B17: Cabo Delgado | C17: MZ01 | D17: Namuno | E17: MZ0114 | I17: 3149 | J17: IDPs | K17: 3149 | L17: 128 | M17: 366 | N17: 3149 | P17: 647 | Q17: 1125 | R17: 1968 | S17: 606 | T17: 357 | U17: 647 | V17: 606 | W17: =IFERROR(IF(tblPiNAnalysis[[#This Row],[CCCM]]="", "", MROUND(tblPiNAnalysis[[#This Row],[CCCM]]/tblPiNAnalysis[[#This Row],[Population]], 0.05)), "") -> 1 | X17: =IFERROR(IF(tblPiNAnalysis[[#This Row],[Education]]="", "", MROUND(tblPiNAnalysis[[#This Row],[Education]]/tblPiNAnalysis[[#This Row],[Population]], 0.05)), "") -> 0.05 | Y17: =IFERROR(IF(tblPiNAnalysis[[#This Row],[Nutrition]]="", "", MROUND(tblPiNAnalysis[[#This Row],[Nutrition]]/tblPiNAnalysis[[#This Row],[Population]], 0.05)), "") -> 0.1 | Z17: =IFERROR(IF(tblPiNAnalysis[[#This Row],[Food Security]]="", "", MROUND(tblPiNAnalysis[[#This Row],[Food Security]]/tblPiNAnalysis[[#This Row],[Population]], 0.05)), "") -> 1 | AA17: =IFERROR(IF(tblPiNAnalysis[[#This Row],[Health]]="", "", MROUND(tblPiNAnalysis[[#This Row],[Health]]/tblPiNAnalysis[[#This Row],[Population]], 0.05)), "") | AB17: =IFERROR(IF(tblPiNAnalysis[[#This Row],[Overarching Protection]]="", "", MROUND(tblPiNAnalysis[[#This Row],[Overarching Protection]]/tblPiNAnalysis[[#This Row],[Population]], 0.05)), "") -> 0.2 | AC17: =IFERROR(IF(tblPiNAnalysis[[#This Row],[Shelter]]="", "", MROUND(tblPiNAnalysis[[#This Row],[Shelter]]/tblPiNAnalysis[[#This Row],[Population]], 0.05)), "") -> 0.35 | AD17: =IFERROR(IF(tblPiNAnalysis[[#This Row],[WASH]]="", "", MROUND(tblPiNAnalysis[[#This Row],[WASH]]/tblPiNAnalysis[[#This Row],[Population]], 0.05)), "") -> 0.6 | AE17: =IFERROR(MROUND(tblPiNAnalysis[[#This Row],[CP]]/tblPiNAnalysis[[#This Row],[Population]], 0.05), "") -> 0.2 | AF17: =IFERROR(MROUND(tblPiNAnalysis[[#This Row],[GBV]]/tblPiNAnalysis[[#This Row],[Population]], 0.05), "") -> 0.1 | AG17: =IFERROR(MROUND(tblPiNAnalysis[[#This Row],[GP]]/tblPiNAnalysis[[#This Row],[Population]], 0.05), "") -> 0.2 | AH17: =IFERROR(MROUND(tblPiNAnalysis[[#This Row],[HLP]]/tblPiNAnalysis[[#This Row],[Population]], 0.05), "") -> 0.2 | AI17: =IFERROR(LARGE(tblPiNAnalysis[[#This Row],[CCCM]:[WASH]], 1), "") -> 3149 | AJ17: {=IF(tblPiNAnalysis[[#This Row],[Highest PiN]]="", "", _xlfn.TEXTJOIN(CHAR(10), TRUE, IF(tblPiNAnalysis[[#This Row],[Highest PiN]]=tblPiNAnalysis[[#This Row],[CCCM]:[WASH]], tblPiNAnalysis[[#Headers],[CCCM]:[WASH]], "")))} -> CCCM Food Security | AK17: =IF(tblPiNAnalysis[[#This Row],[Highest PiN]]="", "", tblPiNAnalysis[[#This Row],[Highest PiN]]/tblPiNAnalysis[[#This Row],[Population]]) -> 1 | AL17: =IF(SUM(tblPiNAnalysis[[#This Row],[CCCM]:[WASH]])=0, "",IF(COUNTIF(tblPiNAnalysis[[#This Row],[CCCM]:[WASH]],"=0")+COUNTIF(tblPiNAnalysis[[#This Row],[CCCM]:[WASH]],"")>=zero_pin_thresh, "Flagged", "")) | AM17: =IFERROR(IF(tblPiNAnalysis[[#This Row],[Highest PiN]]="", "", IF(tblPiNAnalysis[[#This Row],[Highest sector(s'') PiN %]]>=flag_pin_perc, "Flagged", "")), "") -> Flagged | AN17: {=IF(tblPiNAnalysis[[#This Row],[Highest PiN]]=0, "", IF(OR(COUNTIF(tblPiNAnalysis[[#This Row],[Highest sector(s)]],tblSubSectorPopulation[Sector])), "Flagged", ""))} | AO17: {=IFERROR(_xlfn.IFS(tblPiNAnalysis[[#This Row],[Highest PiN]]="", "", LARGE(tblPiNAnalysis[[#This Row],[CCCM]:[WASH]], 2) < tblPiNAnalysis[[#This Row],[Highest PiN]], LARGE(tblPiNAnalysis[[#This Row],[CCCM]:[WASH]], 2), LARGE(tblPiNAnalysis[[#This Row],[CCCM]:[WASH]], 3) < tblPiNAnalysis[[#This Row],[Highest PiN]], LARGE(tblPiNAnalysis[[#This Row],[CCCM]:[WASH]], 3), LARGE(tblPiNAnalysis[[#This Row],[CCCM]:[WASH]], 4) < tblPiNAnalysis[[#This Row],[Highest PiN]], LARGE(tblPiNAnalysis[[#This Row],[CCCM]:[WASH]], 4), LARGE(tblPiNAnalysis[[#This Row],[CCCM]:[WASH]], 5) < tblPiNAnalysis[[#This Row],[Highest PiN]], LARGE(tblPiNAnalysis[[#This Row],[CCCM]:[WASH]], 5), LARGE(tblPiNAnalysis[[#This Row],[CCCM]:[WASH]], 6) < tblPiNAnalysis[[#This Row],[Highest PiN]], LARGE(tblPiNAnalysis[[#This Row],[CCCM]:[WASH]], 6), LARGE(tblPiNAnalysis[[#This Row],[CCCM]:[WASH]], 7) <tblPiNAnalysis[[#This Row],[Highest PiN]], LARGE(tblPiNAnalysis[[#This Row],[CCCM]:[WASH]], 7), LARGE(tblPiNAnalysis[[#This Row],[CCCM]:[WASH]], 8) <= tblPiNAnalysis[[#This Row],[Highest PiN]], LARGE(tblPiNAnalysis[[#This Row],[CCCM]:[WASH]], 8)), "NA")} -> 1968 | AP17: {=IF(tblPiNAnalysis[[#This Row],[2nd Highest PiN]]="", "", _xlfn.TEXTJOIN(CHAR(10), TRUE, IF(tblPiNAnalysis[[#This Row],[2nd Highest PiN]]=tblPiNAnalysis[[#This Row],[CCCM]:[WASH]], tblPiNAnalysis[[#Headers],[CCCM]:[WASH]], "")))} -> WASH | AQ17: =IFERROR(tblPiNAnalysis[[#This Row],[2nd Highest PiN]]/tblPiNAnalysis[[#This Row],[Population]], "") -> 0.6249603 | AR17: =IFERROR(tblPiNAnalysis[[#This Row],[Highest PiN]]-tblPiNAnalysis[[#This Row],[2nd Highest PiN]], "") -> 1181 | AS17: =IFERROR(((tblPiNAnalysis[[#This Row],[Highest PiN]]-tblPiNAnalysis[[#This Row],[2nd Highest PiN]])/tblPiNAnalysis[[#This Row],[2nd Highest PiN]]),"") -> 0.60010163 | AT17: {=_xlfn.IFS(tblPiNAnalysis[[#This Row],[% Difference between Highest and 2nd Highest]]="", "", SUM(IF(IF(tblPiNAnalysis[[#This Row],[Highest PiN]]=tblPiNAnalysis[[#This Row],[CCCM]:[WASH]], tblPiNAnalysis[[#Headers],[CCCM]:[WASH]], "")<>"", 1, 0))>1, "",tblPiNAnalysis[[#This Row],[% Difference between Highest and 2nd Highest]]>=perc_1st_2nd, "Flagged", TRUE(), "")} | AU17: {=IFERROR(_xlfn.IFS(tblPiNAnalysis[[#This Row],[2nd Highest PiN]]="", "", LARGE(tblPiNAnalysis[[#This Row],[CCCM]:[WASH]], 3) < tblPiNAnalysis[[#This Row],[2nd Highest PiN]], LARGE(tblPiNAnalysis[[#This Row],[CCCM]:[WASH]], 3), LARGE(tblPiNAnalysis[[#This Row],[CCCM]:[WASH]], 4) < tblPiNAnalysis[[#This Row],[2nd Highest PiN]], LARGE(tblPiNAnalysis[[#This Row],[CCCM]:[WASH]], 4), LARGE(tblPiNAnalysis[[#This Row],[CCCM]:[WASH]], 5) < tblPiNAnalysis[[#This Row],[2nd Highest PiN]], LARGE(tblPiNAnalysis[[#This Row],[CCCM]:[WASH]], 5), LARGE(tblPiNAnalysis[[#This Row],[CCCM]:[WASH]], 6) < tblPiNAnalysis[[#This Row],[2nd Highest PiN]], LARGE(tblPiNAnalysis[[#This Row],[CCCM]:[WASH]], 6), LARGE(tblPiNAnalysis[[#This Row],[CCCM]:[WASH]], 7) <tblPiNAnalysis[[#This Row],[2nd Highest PiN]], LARGE(tblPiNAnalysis[[#This Row],[CCCM]:[WASH]], 7), LARGE(tblPiNAnalysis[[#This Row],[CCCM]:[WASH]], 8) <= tblPiNAnalysis[[#This Row],[2nd Highest PiN]], LARGE(tblPiNAnalysis[[#This Row],[CCCM]:[WASH]], 8)), "NA")} -> 1125 | AV17: {=IF(tblPiNAnalysis[[#This Row],[3rd Highest PiN]]="", "", _xlfn.TEXTJOIN(CHAR(10), TRUE, IF(tblPiNAnalysis[[#This Row],[3rd Highest PiN]]=tblPiNAnalysis[[#This Row],[CCCM]:[WASH]], tblPiNAnalysis[[#Headers],[CCCM]:[WASH]], "")))} -> Shelter | AW17: =IFERROR(tblPiNAnalysis[[#This Row],[3rd Highest PiN]]/tblPiNAnalysis[[#This Row],[Population]], "") -> 0.35725627 | AX17: =IFERROR(tblPiNAnalysis[[#This Row],[Highest PiN]]-tblPiNAnalysis[[#This Row],[3rd Highest PiN]],"") -> 2024 | AY17: =IFERROR(tblPiNAnalysis[[#This Row],[Difference of PiN between Highest and 3rd Highest]]/tblPiNAnalysis[[#This Row],[3rd Highest PiN]], "") -> 1.7991111 | AZ17: {=_xlfn.IFS(tblPiNAnalysis[[#This Row],[Difference of PiN between Highest and 3rd Highest]]="", "", SUM(IF(IF(tblPiNAnalysis[[#This Row],[Highest PiN]]=tblPiNAnalysis[[#This Row],[CCCM]:[WASH]], tblPiNAnalysis[[#Headers],[CCCM]:[WASH]], "")<>"", 1, 0))>1, "",tblPiNAnalysis[[#This Row],[% Difference between Highest and 3rd Highest]]>=perc_1st_3rd, "Flagged", 1=1, "")} | BA17: {=IFERROR(IF(tblPiNAnalysis[[#This Row],[ID]]="", "", INDEX(tblPiNHistorical[[CCCM]:[WASH]], MATCH(tblPiNAnalysis[[#This Row],[ID]],tblPiNHistorical[ID], 0),MATCH(_xlfn._xlws.FILTER(tblPiNAnalysis[[#Headers],[CCCM]:[WASH]], tblPiNAnalysis[[#This Row],[Highest PiN]]=tblPiNAnalysis[[#This Row],[CCCM]:[WASH]]), tblPiNHistorical[[#Headers],[CCCM]:[WASH]], 0))), "")} -> #VALUE! | BB17: {=IFERROR(IF(SUM(IF(ABS(INDEX(tblPiNHistorical[[CCCM]:[WASH]], MATCH(tblPiNAnalysis[[#This Row],[ID]],tblPiNHistorical[ID], 0),MATCH(_xlfn._xlws.FILTER(tblPiNAnalysis[[#Headers],[CCCM]:[WASH]], tblPiNAnalysis[[#This Row],[Highest PiN]]=tblPiNAnalysis[[#This Row],[CCCM]:[WASH]]), tblPiNHistorical[[#Headers],[CCCM]:[WASH]], 0)))>=flag_pin_historical, 1, 0))>0, "Flagged", ""), "")} | BC17: {=IFERROR(IF(tblPiNAnalysis[[#This Row],[ID]]="", "", INDEX(tblPiNHistorical[[CCCM]:[WASH]], MATCH(tblPiNAnalysis[[#This Row],[ID]],tblPiNHistorical[ID], 0),MATCH(_xlfn._xlws.FILTER(tblPiNAnalysis[[#Headers],[CCCM]:[WASH]], tblPiNAnalysis[[#This Row],[2nd Highest PiN]]=tblPiNAnalysis[[#This Row],[CCCM]:[WASH]]), tblPiNHistorical[[#Headers],[CCCM]:[WASH]], 0))), "")} | BD17: {=IFERROR(IF(SUM(IF(ABS(INDEX(tblPiNHistorical[[CCCM]:[WASH]], MATCH(tblPiNAnalysis[[#This Row],[ID]],tblPiNHistorical[ID], 0),MATCH(_xlfn._xlws.FILTER(tblPiNAnalysis[[#Headers],[CCCM]:[WASH]], tblPiNAnalysis[[#This Row],[2nd Highest PiN]]=tblPiNAnalysis[[#This Row],[CCCM]:[WASH]]), tblPiNHistorical[[#Headers],[CCCM]:[WASH]], 0)))>=flag_pin_historical, 1, 0))>0, "Flagged", ""), "")} | BE17: =INDEX(tblSeverityAnalysis[Final Severity], MATCH(tblPiNAnalysis[[#This Row],[ID]],tblSeverityAnalysis[ID], 0)) -> 3 | BF17: =IF(tblPiNAnalysis[[#This Row],[Severity]]>2,tblPiNAnalysis[[#This Row],[Highest PiN]],) -> 3149 | BI17: =COUNTIFS(tblPiNAnalysis[[#This Row],[Number of missing / zero PiNs greater than threshold - Data quality]:[Manual Flag]],"Flagged") -> 1 | BJ17: =IF(tblPiNAnalysis[[#This Row],['# Flags]]>0, "Flagged", "") -> Flagged | BK17: =tblPiNAnalysis[[#This Row],[Preliminary PiN]] -> 3149 | BM17: =IFERROR(IF(tblPiNAnalysis[[#This Row],[Severity]]=3,tblPiNAnalysis[[#This Row],[Final PiN]]*Thresholds!$D$35,tblPiNAnalysis[[#This Row],[Final PiN]]*Thresholds!$D$36),) -> 1574.5 | BN17: =IFERROR(IF(tblPiNAnalysis[[#This Row],[Severity]]>3,tblPiNAnalysis[[#This Row],[Final PiN]]*Thresholds!$D$36,),) -> 0
A18: MZ0115 | B18: Cabo Delgado | C18: MZ01 | D18: Nangade | E18: MZ0115 | I18: 59894 | J18: IDPs | K18: 59894 | L18: 10299 | M18: 6063 | N18: 14328 | O18: 20068.709 | P18: 11360 | Q18: 46090 | R18: 58490 | S18: 11360 | T18: 6702 | U18: 4211 | V18: 11360 | W18: =IFERROR(IF(tblPiNAnalysis[[#This Row],[CCCM]]="", "", MROUND(tblPiNAnalysis[[#This Row],[CCCM]]/tblPiNAnalysis[[#This Row],[Population]], 0.05)), "") -> 1 | X18: =IFERROR(IF(tblPiNAnalysis[[#This Row],[Education]]="", "", MROUND(tblPiNAnalysis[[#This Row],[Education]]/tblPiNAnalysis[[#This Row],[Population]], 0.05)), "") -> 0.15 | Y18: =IFERROR(IF(tblPiNAnalysis[[#This Row],[Nutrition]]="", "", MROUND(tblPiNAnalysis[[#This Row],[Nutrition]]/tblPiNAnalysis[[#This Row],[Population]], 0.05)), "") -> 0.1 | Z18: =IFERROR(IF(tblPiNAnalysis[[#This Row],[Food Security]]="", "", MROUND(tblPiNAnalysis[[#This Row],[Food Security]]/tblPiNAnalysis[[#This Row],[Population]], 0.05)), "") -> 0.25 | AA18: =IFERROR(IF(tblPiNAnalysis[[#This Row],[Health]]="", "", MROUND(tblPiNAnalysis[[#This Row],[Health]]/tblPiNAnalysis[[#This Row],[Population]], 0.05)), "") -> 0.35 | AB18: =IFERROR(IF(tblPiNAnalysis[[#This Row],[Overarching Protection]]="", "", MROUND(tblPiNAnalysis[[#This Row],[Overarching Protection]]/tblPiNAnalysis[[#This Row],[Population]], 0.05)), "") -> 0.2 | AC18: =IFERROR(IF(tblPiNAnalysis[[#This Row],[Shelter]]="", "", MROUND(tblPiNAnalysis[[#This Row],[Shelter]]/tblPiNAnalysis[[#This Row],[Population]], 0.05)), "") -> 0.75 | AD18: =IFERROR(IF(tblPiNAnalysis[[#This Row],[WASH]]="", "", MROUND(tblPiNAnalysis[[#This Row],[WASH]]/tblPiNAnalysis[[#This Row],[Population]], 0.05)), "") -> 1 | AE18: =IFERROR(MROUND(tblPiNAnalysis[[#This Row],[CP]]/tblPiNAnalysis[[#This Row],[Population]], 0.05), "") -> 0.2 | AF18: =IFERROR(MROUND(tblPiNAnalysis[[#This Row],[GBV]]/tblPiNAnalysis[[#This Row],[Population]], 0.05), "") -> 0.1 | AG18: =IFERROR(MROUND(tblPiNAnalysis[[#This Row],[GP]]/tblPiNAnalysis[[#This Row],[Population]], 0.05), "") -> 0.05 | AH18: =IFERROR(MROUND(tblPiNAnalysis[[#This Row],[HLP]]/tblPiNAnalysis[[#This Row],[Population]], 0.05), "") -> 0.2 | AI18: =IFERROR(LARGE(tblPiNAnalysis[[#This Row],[CCCM]:[WASH]], 1), "") -> 59894 | AJ18: {=IF(tblPiNAnalysis[[#This Row],[Highest PiN]]="", "", _xlfn.TEXTJOIN(CHAR(10), TRUE, IF(tblPiNAnalysis[[#This Row],[Highest PiN]]=tblPiNAnalysis[[#This Row],[CCCM]:[WASH]], tblPiNAnalysis[[#Headers],[CCCM]:[WASH]], "")))} -> CCCM | AK18: =IF(tblPiNAnalysis[[#This Row],[Highest PiN]]="", "", tblPiNAnalysis[[#This Row],[Highest PiN]]/tblPiNAnalysis[[#This Row],[Population]]) -> 1 | AL18: =IF(SUM(tblPiNAnalysis[[#This Row],[CCCM]:[WASH]])=0, "",IF(COUNTIF(tblPiNAnalysis[[#This Row],[CCCM]:[WASH]],"=0")+COUNTIF(tblPiNAnalysis[[#This Row],[CCCM]:[WASH]],"")>=zero_pin_thresh, "Flagged", "")) | AM18: =IFERROR(IF(tblPiNAnalysis[[#This Row],[Highest PiN]]="", "", IF(tblPiNAnalysis[[#This Row],[Highest sector(s'') PiN %]]>=flag_pin_perc, "Flagged", "")), "") -> Flagged | AN18: {=IF(tblPiNAnalysis[[#This Row],[Highest PiN]]=0, "", IF(OR(COUNTIF(tblPiNAnalysis[[#This Row],[Highest sector(s)]],tblSubSectorPopulation[Sector])), "Flagged", ""))} | AO18: {=IFERROR(_xlfn.IFS(tblPiNAnalysis[[#This Row],[Highest PiN]]="", "", LARGE(tblPiNAnalysis[[#This Row],[CCCM]:[WASH]], 2) < tblPiNAnalysis[[#This Row],[Highest PiN]], LARGE(tblPiNAnalysis[[#This Row],[CCCM]:[WASH]], 2), LARGE(tblPiNAnalysis[[#This Row],[CCCM]:[WASH]], 3) < tblPiNAnalysis[[#This Row],[Highest PiN]], LARGE(tblPiNAnalysis[[#This Row],[CCCM]:[WASH]], 3), LARGE(tblPiNAnalysis[[#This Row],[CCCM]:[WASH]], 4) < tblPiNAnalysis[[#This Row],[Highest PiN]], LARGE(tblPiNAnalysis[[#This Row],[CCCM]:[WASH]], 4), LARGE(tblPiNAnalysis[[#This Row],[CCCM]:[WASH]], 5) < tblPiNAnalysis[[#This Row],[Highest PiN]], LARGE(tblPiNAnalysis[[#This Row],[CCCM]:[WASH]], 5), LARGE(tblPiNAnalysis[[#This Row],[CCCM]:[WASH]], 6) < tblPiNAnalysis[[#This Row],[Highest PiN]], LARGE(tblPiNAnalysis[[#This Row],[CCCM]:[WASH]], 6), LARGE(tblPiNAnalysis[[#This Row],[CCCM]:[WASH]], 7) <tblPiNAnalysis[[#This Row],[Highest PiN]], LARGE(tblPiNAnalysis[[#This Row],[CCCM]:[WASH]], 7), LARGE(tblPiNAnalysis[[#This Row],[CCCM]:[WASH]], 8) <= tblPiNAnalysis[[#This Row],[Highest PiN]], LARGE(tblPiNAnalysis[[#This Row],[CCCM]:[WASH]], 8)), "NA")} -> 58490 | AP18: {=IF(tblPiNAnalysis[[#This Row],[2nd Highest PiN]]="", "", _xlfn.TEXTJOIN(CHAR(10), TRUE, IF(tblPiNAnalysis[[#This Row],[2nd Highest PiN]]=tblPiNAnalysis[[#This Row],[CCCM]:[WASH]], tblPiNAnalysis[[#Headers],[CCCM]:[WASH]], "")))} -> WASH | AQ18: =IFERROR(tblPiNAnalysis[[#This Row],[2nd Highest PiN]]/tblPiNAnalysis[[#This Row],[Population]], "") -> 0.97655859 | AR18: =IFERROR(tblPiNAnalysis[[#This Row],[Highest PiN]]-tblPiNAnalysis[[#This Row],[2nd Highest PiN]], "") -> 1404 | AS18: =IFERROR(((tblPiNAnalysis[[#This Row],[Highest PiN]]-tblPiNAnalysis[[#This Row],[2nd Highest PiN]])/tblPiNAnalysis[[#This Row],[2nd Highest PiN]]),"") -> 0.024004103 | AT18: {=_xlfn.IFS(tblPiNAnalysis[[#This Row],[% Difference between Highest and 2nd Highest]]="", "", SUM(IF(IF(tblPiNAnalysis[[#This Row],[Highest PiN]]=tblPiNAnalysis[[#This Row],[CCCM]:[WASH]], tblPiNAnalysis[[#Headers],[CCCM]:[WASH]], "")<>"", 1, 0))>1, "",tblPiNAnalysis[[#This Row],[% Difference between Highest and 2nd Highest]]>=perc_1st_2nd, "Flagged", TRUE(), "")} | AU18: {=IFERROR(_xlfn.IFS(tblPiNAnalysis[[#This Row],[2nd Highest PiN]]="", "", LARGE(tblPiNAnalysis[[#This Row],[CCCM]:[WASH]], 3) < tblPiNAnalysis[[#This Row],[2nd Highest PiN]], LARGE(tblPiNAnalysis[[#This Row],[CCCM]:[WASH]], 3), LARGE(tblPiNAnalysis[[#This Row],[CCCM]:[WASH]], 4) < tblPiNAnalysis[[#This Row],[2nd Highest PiN]], LARGE(tblPiNAnalysis[[#This Row],[CCCM]:[WASH]], 4), LARGE(tblPiNAnalysis[[#This Row],[CCCM]:[WASH]], 5) < tblPiNAnalysis[[#This Row],[2nd Highest PiN]], LARGE(tblPiNAnalysis[[#This Row],[CCCM]:[WASH]], 5), LARGE(tblPiNAnalysis[[#This Row],[CCCM]:[WASH]], 6) < tblPiNAnalysis[[#This Row],[2nd Highest PiN]], LARGE(tblPiNAnalysis[[#This Row],[CCCM]:[WASH]], 6), LARGE(tblPiNAnalysis[[#This Row],[CCCM]:[WASH]], 7) <tblPiNAnalysis[[#This Row],[2nd Highest PiN]], LARGE(tblPiNAnalysis[[#This Row],[CCCM]:[WASH]], 7), LARGE(tblPiNAnalysis[[#This Row],[CCCM]:[WASH]], 8) <= tblPiNAnalysis[[#This Row],[2nd Highest PiN]], LARGE(tblPiNAnalysis[[#This Row],[CCCM]:[WASH]], 8)), "NA")} -> 46090 | AV18: {=IF(tblPiNAnalysis[[#This Row],[3rd Highest PiN]]="", "", _xlfn.TEXTJOIN(CHAR(10), TRUE, IF(tblPiNAnalysis[[#This Row],[3rd Highest PiN]]=tblPiNAnalysis[[#This Row],[CCCM]:[WASH]], tblPiNAnalysis[[#Headers],[CCCM]:[WASH]], "")))} -> Shelter | AW18: =IFERROR(tblPiNAnalysis[[#This Row],[3rd Highest PiN]]/tblPiNAnalysis[[#This Row],[Population]], "") -> 0.76952616 | AX18: =IFERROR(tblPiNAnalysis[[#This Row],[Highest PiN]]-tblPiNAnalysis[[#This Row],[3rd Highest PiN]],"") -> 13804 | AY18: =IFERROR(tblPiNAnalysis[[#This Row],[Difference of PiN between Highest and 3rd Highest]]/tblPiNAnalysis[[#This Row],[3rd Highest PiN]], "") -> 0.29950098 | AZ18: {=_xlfn.IFS(tblPiNAnalysis[[#This Row],[Difference of PiN between Highest and 3rd Highest]]="", "", SUM(IF(IF(tblPiNAnalysis[[#This Row],[Highest PiN]]=tblPiNAnalysis[[#This Row],[CCCM]:[WASH]], tblPiNAnalysis[[#Headers],[CCCM]:[WASH]], "")<>"", 1, 0))>1, "",tblPiNAnalysis[[#This Row],[% Difference between Highest and 3rd Highest]]>=perc_1st_3rd, "Flagged", 1=1, "")} | BA18: {=IFERROR(IF(tblPiNAnalysis[[#This Row],[ID]]="", "", INDEX(tblPiNHistorical[[CCCM]:[WASH]], MATCH(tblPiNAnalysis[[#This Row],[ID]],tblPiNHistorical[ID], 0),MATCH(_xlfn._xlws.FILTER(tblPiNAnalysis[[#Headers],[CCCM]:[WASH]], tblPiNAnalysis[[#This Row],[Highest PiN]]=tblPiNAnalysis[[#This Row],[CCCM]:[WASH]]), tblPiNHistorical[[#Headers],[CCCM]:[WASH]], 0))), "")} -> 1.5 | BB18: {=IFERROR(IF(SUM(IF(ABS(INDEX(tblPiNHistorical[[CCCM]:[WASH]], MATCH(tblPiNAnalysis[[#This Row],[ID]],tblPiNHistorical[ID], 0),MATCH(_xlfn._xlws.FILTER(tblPiNAnalysis[[#Headers],[CCCM]:[WASH]], tblPiNAnalysis[[#This Row],[Highest PiN]]=tblPiNAnalysis[[#This Row],[CCCM]:[WASH]]), tblPiNHistorical[[#Headers],[CCCM]:[WASH]], 0)))>=flag_pin_historical, 1, 0))>0, "Flagged", ""), "")} -> Flagged | BC18: {=IFERROR(IF(tblPiNAnalysis[[#This Row],[ID]]="", "", INDEX(tblPiNHistorical[[CCCM]:[WASH]], MATCH(tblPiNAnalysis[[#This Row],[ID]],tblPiNHistorical[ID], 0),MATCH(_xlfn._xlws.FILTER(tblPiNAnalysis[[#Headers],[CCCM]:[WASH]], tblPiNAnalysis[[#This Row],[2nd Highest PiN]]=tblPiNAnalysis[[#This Row],[CCCM]:[WASH]]), tblPiNHistorical[[#Headers],[CCCM]:[WASH]], 0))), "")} -> 0.2 | BD18: {=IFERROR(IF(SUM(IF(ABS(INDEX(tblPiNHistorical[[CCCM]:[WASH]], MATCH(tblPiNAnalysis[[#This Row],[ID]],tblPiNHistorical[ID], 0),MATCH(_xlfn._xlws.FILTER(tblPiNAnalysis[[#Headers],[CCCM]:[WASH]], tblPiNAnalysis[[#This Row],[2nd Highest PiN]]=tblPiNAnalysis[[#This Row],[CCCM]:[WASH]]), tblPiNHistorical[[#Headers],[CCCM]:[WASH]], 0)))>=flag_pin_historical, 1, 0))>0, "Flagged", ""), "")} | BE18: =INDEX(tblSeverityAnalysis[Final Severity], MATCH(tblPiNAnalysis[[#This Row],[ID]],tblSeverityAnalysis[ID], 0)) -> 4 | BF18: =IF(tblPiNAnalysis[[#This Row],[Severity]]>2,tblPiNAnalysis[[#This Row],[Highest PiN]],) -> 59894 | BI18: =COUNTIFS(tblPiNAnalysis[[#This Row],[Number of missing / zero PiNs greater than threshold - Data quality]:[Manual Flag]],"Flagged") -> 2 | BJ18: =IF(tblPiNAnalysis[[#This Row],['# Flags]]>0, "Flagged", "") -> Flagged | BK18: =tblPiNAnalysis[[#This Row],[Preliminary PiN]] -> 59894 | BM18: =IFERROR(IF(tblPiNAnalysis[[#This Row],[Severity]]=3,tblPiNAnalysis[[#This Row],[Final PiN]]*Thresholds!$D$35,tblPiNAnalysis[[#This Row],[Final PiN]]*Thresholds!$D$36),) -> 59894 | BN18: =IFERROR(IF(tblPiNAnalysis[[#This Row],[Severity]]>3,tblPiNAnalysis[[#This Row],[Final PiN]]*Thresholds!$D$36,),) -> 59894
A19: MZ0116 | B19: Cabo Delgado | C19: MZ01 | D19: Palma | E19: MZ0116 | J19: IDPs | W19: =IFERROR(IF(tblPiNAnalysis[[#This Row],[CCCM]]="", "", MROUND(tblPiNAnalysis[[#This Row],[CCCM]]/tblPiNAnalysis[[#This Row],[Population]], 0.05)), "") | X19: =IFERROR(IF(tblPiNAnalysis[[#This Row],[Education]]="", "", MROUND(tblPiNAnalysis[[#This Row],[Education]]/tblPiNAnalysis[[#This Row],[Population]], 0.05)), "") | Y19: =IFERROR(IF(tblPiNAnalysis[[#This Row],[Nutrition]]="", "", MROUND(tblPiNAnalysis[[#This Row],[Nutrition]]/tblPiNAnalysis[[#This Row],[Population]], 0.05)), "") | Z19: =IFERROR(IF(tblPiNAnalysis[[#This Row],[Food Security]]="", "", MROUND(tblPiNAnalysis[[#This Row],[Food Security]]/tblPiNAnalysis[[#This Row],[Population]], 0.05)), "") | AA19: =IFERROR(IF(tblPiNAnalysis[[#This Row],[Health]]="", "", MROUND(tblPiNAnalysis[[#This Row],[Health]]/tblPiNAnalysis[[#This Row],[Population]], 0.05)), "") | AB19: =IFERROR(IF(tblPiNAnalysis[[#This Row],[Overarching Protection]]="", "", MROUND(tblPiNAnalysis[[#This Row],[Overarching Protection]]/tblPiNAnalysis[[#This Row],[Population]], 0.05)), "") | AC19: =IFERROR(IF(tblPiNAnalysis[[#This Row],[Shelter]]="", "", MROUND(tblPiNAnalysis[[#This Row],[Shelter]]/tblPiNAnalysis[[#This Row],[Population]], 0.05)), "") | AD19: =IFERROR(IF(tblPiNAnalysis[[#This Row],[WASH]]="", "", MROUND(tblPiNAnalysis[[#This Row],[WASH]]/tblPiNAnalysis[[#This Row],[Population]], 0.05)), "") | AE19: =IFERROR(MROUND(tblPiNAnalysis[[#This Row],[CP]]/tblPiNAnalysis[[#This Row],[Population]], 0.05), "") | AF19: =IFERROR(MROUND(tblPiNAnalysis[[#This Row],[GBV]]/tblPiNAnalysis[[#This Row],[Population]], 0.05), "") | AG19: =IFERROR(MROUND(tblPiNAnalysis[[#This Row],[GP]]/tblPiNAnalysis[[#This Row],[Population]], 0.05), "") | AH19: =IFERROR(MROUND(tblPiNAnalysis[[#This Row],[HLP]]/tblPiNAnalysis[[#This Row],[Population]], 0.05), "") | AI19: =IFERROR(LARGE(tblPiNAnalysis[[#This Row],[CCCM]:[WASH]], 1), "") | AJ19: {=IF(tblPiNAnalysis[[#This Row],[Highest PiN]]="", "", _xlfn.TEXTJOIN(CHAR(10), TRUE, IF(tblPiNAnalysis[[#This Row],[Highest PiN]]=tblPiNAnalysis[[#This Row],[CCCM]:[WASH]], tblPiNAnalysis[[#Headers],[CCCM]:[WASH]], "")))} | AK19: =IF(tblPiNAnalysis[[#This Row],[Highest PiN]]="", "", tblPiNAnalysis[[#This Row],[Highest PiN]]/tblPiNAnalysis[[#This Row],[Population]]) | AL19: =IF(SUM(tblPiNAnalysis[[#This Row],[CCCM]:[WASH]])=0, "",IF(COUNTIF(tblPiNAnalysis[[#This Row],[CCCM]:[WASH]],"=0")+COUNTIF(tblPiNAnalysis[[#This Row],[CCCM]:[WASH]],"")>=zero_pin_thresh, "Flagged", "")) | AM19: =IFERROR(IF(tblPiNAnalysis[[#This Row],[Highest PiN]]="", "", IF(tblPiNAnalysis[[#This Row],[Highest sector(s'') PiN %]]>=flag_pin_perc, "Flagged", "")), "") | AN19: {=IF(tblPiNAnalysis[[#This Row],[Highest PiN]]=0, "", IF(OR(COUNTIF(tblPiNAnalysis[[#This Row],[Highest sector(s)]],tblSubSectorPopulation[Sector])), "Flagged", ""))} | AO19: {=IFERROR(_xlfn.IFS(tblPiNAnalysis[[#This Row],[Highest PiN]]="", "", LARGE(tblPiNAnalysis[[#This Row],[CCCM]:[WASH]], 2) < tblPiNAnalysis[[#This Row],[Highest PiN]], LARGE(tblPiNAnalysis[[#This Row],[CCCM]:[WASH]], 2), LARGE(tblPiNAnalysis[[#This Row],[CCCM]:[WASH]], 3) < tblPiNAnalysis[[#This Row],[Highest PiN]], LARGE(tblPiNAnalysis[[#This Row],[CCCM]:[WASH]], 3), LARGE(tblPiNAnalysis[[#This Row],[CCCM]:[WASH]], 4) < tblPiNAnalysis[[#This Row],[Highest PiN]], LARGE(tblPiNAnalysis[[#This Row],[CCCM]:[WASH]], 4), LARGE(tblPiNAnalysis[[#This Row],[CCCM]:[WASH]], 5) < tblPiNAnalysis[[#This Row],[Highest PiN]], LARGE(tblPiNAnalysis[[#This Row],[CCCM]:[WASH]], 5), LARGE(tblPiNAnalysis[[#This Row],[CCCM]:[WASH]], 6) < tblPiNAnalysis[[#This Row],[Highest PiN]], LARGE(tblPiNAnalysis[[#This Row],[CCCM]:[WASH]], 6), LARGE(tblPiNAnalysis[[#This Row],[CCCM]:[WASH]], 7) <tblPiNAnalysis[[#This Row],[Highest PiN]], LARGE(tblPiNAnalysis[[#This Row],[CCCM]:[WASH]], 7), LARGE(tblPiNAnalysis[[#This Row],[CCCM]:[WASH]], 8) <= tblPiNAnalysis[[#This Row],[Highest PiN]], LARGE(tblPiNAnalysis[[#This Row],[CCCM]:[WASH]], 8)), "NA")} | AP19: {=IF(tblPiNAnalysis[[#This Row],[2nd Highest PiN]]="", "", _xlfn.TEXTJOIN(CHAR(10), TRUE, IF(tblPiNAnalysis[[#This Row],[2nd Highest PiN]]=tblPiNAnalysis[[#This Row],[CCCM]:[WASH]], tblPiNAnalysis[[#Headers],[CCCM]:[WASH]], "")))} | AQ19: =IFERROR(tblPiNAnalysis[[#This Row],[2nd Highest PiN]]/tblPiNAnalysis[[#This Row],[Population]], "") | AR19: =IFERROR(tblPiNAnalysis[[#This Row],[Highest PiN]]-tblPiNAnalysis[[#This Row],[2nd Highest PiN]], "") | AS19: =IFERROR(((tblPiNAnalysis[[#This Row],[Highest PiN]]-tblPiNAnalysis[[#This Row],[2nd Highest PiN]])/tblPiNAnalysis[[#This Row],[2nd Highest PiN]]),"") | AT19: {=_xlfn.IFS(tblPiNAnalysis[[#This Row],[% Difference between Highest and 2nd Highest]]="", "", SUM(IF(IF(tblPiNAnalysis[[#This Row],[Highest PiN]]=tblPiNAnalysis[[#This Row],[CCCM]:[WASH]], tblPiNAnalysis[[#Headers],[CCCM]:[WASH]], "")<>"", 1, 0))>1, "",tblPiNAnalysis[[#This Row],[% Difference between Highest and 2nd Highest]]>=perc_1st_2nd, "Flagged", TRUE(), "")} | AU19: {=IFERROR(_xlfn.IFS(tblPiNAnalysis[[#This Row],[2nd Highest PiN]]="", "", LARGE(tblPiNAnalysis[[#This Row],[CCCM]:[WASH]], 3) < tblPiNAnalysis[[#This Row],[2nd Highest PiN]], LARGE(tblPiNAnalysis[[#This Row],[CCCM]:[WASH]], 3), LARGE(tblPiNAnalysis[[#This Row],[CCCM]:[WASH]], 4) < tblPiNAnalysis[[#This Row],[2nd Highest PiN]], LARGE(tblPiNAnalysis[[#This Row],[CCCM]:[WASH]], 4), LARGE(tblPiNAnalysis[[#This Row],[CCCM]:[WASH]], 5) < tblPiNAnalysis[[#This Row],[2nd Highest PiN]], LARGE(tblPiNAnalysis[[#This Row],[CCCM]:[WASH]], 5), LARGE(tblPiNAnalysis[[#This Row],[CCCM]:[WASH]], 6) < tblPiNAnalysis[[#This Row],[2nd Highest PiN]], LARGE(tblPiNAnalysis[[#This Row],[CCCM]:[WASH]], 6), LARGE(tblPiNAnalysis[[#This Row],[CCCM]:[WASH]], 7) <tblPiNAnalysis[[#This Row],[2nd Highest PiN]], LARGE(tblPiNAnalysis[[#This Row],[CCCM]:[WASH]], 7), LARGE(tblPiNAnalysis[[#This Row],[CCCM]:[WASH]], 8) <= tblPiNAnalysis[[#This Row],[2nd Highest PiN]], LARGE(tblPiNAnalysis[[#This Row],[CCCM]:[WASH]], 8)), "NA")} | AV19: {=IF(tblPiNAnalysis[[#This Row],[3rd Highest PiN]]="", "", _xlfn.TEXTJOIN(CHAR(10), TRUE, IF(tblPiNAnalysis[[#This Row],[3rd Highest PiN]]=tblPiNAnalysis[[#This Row],[CCCM]:[WASH]], tblPiNAnalysis[[#Headers],[CCCM]:[WASH]], "")))} | AW19: =IFERROR(tblPiNAnalysis[[#This Row],[3rd Highest PiN]]/tblPiNAnalysis[[#This Row],[Population]], "") | AX19: =IFERROR(tblPiNAnalysis[[#This Row],[Highest PiN]]-tblPiNAnalysis[[#This Row],[3rd Highest PiN]],"") | AY19: =IFERROR(tblPiNAnalysis[[#This Row],[Difference of PiN between Highest and 3rd Highest]]/tblPiNAnalysis[[#This Row],[3rd Highest PiN]], "") | AZ19: {=_xlfn.IFS(tblPiNAnalysis[[#This Row],[Difference of PiN between Highest and 3rd Highest]]="", "", SUM(IF(IF(tblPiNAnalysis[[#This Row],[Highest PiN]]=tblPiNAnalysis[[#This Row],[CCCM]:[WASH]], tblPiNAnalysis[[#Headers],[CCCM]:[WASH]], "")<>"", 1, 0))>1, "",tblPiNAnalysis[[#This Row],[% Difference between Highest and 3rd Highest]]>=perc_1st_3rd, "Flagged", 1=1, "")} | BA19: {=IFERROR(IF(tblPiNAnalysis[[#This Row],[ID]]="", "", INDEX(tblPiNHistorical[[CCCM]:[WASH]], MATCH(tblPiNAnalysis[[#This Row],[ID]],tblPiNHistorical[ID], 0),MATCH(_xlfn._xlws.FILTER(tblPiNAnalysis[[#Headers],[CCCM]:[WASH]], tblPiNAnalysis[[#This Row],[Highest PiN]]=tblPiNAnalysis[[#This Row],[CCCM]:[WASH]]), tblPiNHistorical[[#Headers],[CCCM]:[WASH]], 0))), "")} -> #VALUE! | BB19: {=IFERROR(IF(SUM(IF(ABS(INDEX(tblPiNHistorical[[CCCM]:[WASH]], MATCH(tblPiNAnalysis[[#This Row],[ID]],tblPiNHistorical[ID], 0),MATCH(_xlfn._xlws.FILTER(tblPiNAnalysis[[#Headers],[CCCM]:[WASH]], tblPiNAnalysis[[#This Row],[Highest PiN]]=tblPiNAnalysis[[#This Row],[CCCM]:[WASH]]), tblPiNHistorical[[#Headers],[CCCM]:[WASH]], 0)))>=flag_pin_historical, 1, 0))>0, "Flagged", ""), "")} | BC19: {=IFERROR(IF(tblPiNAnalysis[[#This Row],[ID]]="", "", INDEX(tblPiNHistorical[[CCCM]:[WASH]], MATCH(tblPiNAnalysis[[#This Row],[ID]],tblPiNHistorical[ID], 0),MATCH(_xlfn._xlws.FILTER(tblPiNAnalysis[[#Headers],[CCCM]:[WASH]], tblPiNAnalysis[[#This Row],[2nd Highest PiN]]=tblPiNAnalysis[[#This Row],[CCCM]:[WASH]]), tblPiNHistorical[[#Headers],[CCCM]:[WASH]], 0))), "")} -> #VALUE! | BD19: {=IFERROR(IF(SUM(IF(ABS(INDEX(tblPiNHistorical[[CCCM]:[WASH]], MATCH(tblPiNAnalysis[[#This Row],[ID]],tblPiNHistorical[ID], 0),MATCH(_xlfn._xlws.FILTER(tblPiNAnalysis[[#Headers],[CCCM]:[WASH]], tblPiNAnalysis[[#This Row],[2nd Highest PiN]]=tblPiNAnalysis[[#This Row],[CCCM]:[WASH]]), tblPiNHistorical[[#Headers],[CCCM]:[WASH]], 0)))>=flag_pin_historical, 1, 0))>0, "Flagged", ""), "")} | BE19: =INDEX(tblSeverityAnalysis[Final Severity], MATCH(tblPiNAnalysis[[#This Row],[ID]],tblSeverityAnalysis[ID], 0)) -> 3 | BF19: =IF(tblPiNAnalysis[[#This Row],[Severity]]>2,tblPiNAnalysis[[#This Row],[Highest PiN]],) | BI19: =COUNTIFS(tblPiNAnalysis[[#This Row],[Number of missing / zero PiNs greater than threshold - Data quality]:[Manual Flag]],"Flagged") -> 0 | BJ19: =IF(tblPiNAnalysis[[#This Row],['# Flags]]>0, "Flagged", "") | BK19: =tblPiNAnalysis[[#This Row],[Preliminary PiN]] | BM19: =IFERROR(IF(tblPiNAnalysis[[#This Row],[Severity]]=3,tblPiNAnalysis[[#This Row],[Final PiN]]*Thresholds!$D$35,tblPiNAnalysis[[#This Row],[Final PiN]]*Thresholds!$D$36),) -> 0 | BN19: =IFERROR(IF(tblPiNAnalysis[[#This Row],[Severity]]>3,tblPiNAnalysis[[#This Row],[Final PiN]]*Thresholds!$D$36,),) -> 0
A20: MZ0118 | B20: Cabo Delgado | C20: MZ01 | D20: Quissanga | E20: MZ0118 | I20: 1742 | J20: IDPs | K20: 1742 | M20: 180 | N20: 1742 | O20: 1207.4289 | P20: 683 | Q20: 0 | R20: 0 | S20: 330 | T20: 683 | U20: 0 | V20: 0 | W20: =IFERROR(IF(tblPiNAnalysis[[#This Row],[CCCM]]="", "", MROUND(tblPiNAnalysis[[#This Row],[CCCM]]/tblPiNAnalysis[[#This Row],[Population]], 0.05)), "") -> 1 | X20: =IFERROR(IF(tblPiNAnalysis[[#This Row],[Education]]="", "", MROUND(tblPiNAnalysis[[#This Row],[Education]]/tblPiNAnalysis[[#This Row],[Population]], 0.05)), "") | Y20: =IFERROR(IF(tblPiNAnalysis[[#This Row],[Nutrition]]="", "", MROUND(tblPiNAnalysis[[#This Row],[Nutrition]]/tblPiNAnalysis[[#This Row],[Population]], 0.05)), "") -> 0.1 | Z20: =IFERROR(IF(tblPiNAnalysis[[#This Row],[Food Security]]="", "", MROUND(tblPiNAnalysis[[#This Row],[Food Security]]/tblPiNAnalysis[[#This Row],[Population]], 0.05)), "") -> 1 | AA20: =IFERROR(IF(tblPiNAnalysis[[#This Row],[Health]]="", "", MROUND(tblPiNAnalysis[[#This Row],[Health]]/tblPiNAnalysis[[#This Row],[Population]], 0.05)), "") -> 0.7 | AB20: =IFERROR(IF(tblPiNAnalysis[[#This Row],[Overarching Protection]]="", "", MROUND(tblPiNAnalysis[[#This Row],[Overarching Protection]]/tblPiNAnalysis[[#This Row],[Population]], 0.05)), "") -> 0.4 | AC20: =IFERROR(IF(tblPiNAnalysis[[#This Row],[Shelter]]="", "", MROUND(tblPiNAnalysis[[#This Row],[Shelter]]/tblPiNAnalysis[[#This Row],[Population]], 0.05)), "") -> 0 | AD20: =IFERROR(IF(tblPiNAnalysis[[#This Row],[WASH]]="", "", MROUND(tblPiNAnalysis[[#This Row],[WASH]]/tblPiNAnalysis[[#This Row],[Population]], 0.05)), "") -> 0 | AE20: =IFERROR(MROUND(tblPiNAnalysis[[#This Row],[CP]]/tblPiNAnalysis[[#This Row],[Population]], 0.05), "") -> 0.2 | AF20: =IFERROR(MROUND(tblPiNAnalysis[[#This Row],[GBV]]/tblPiNAnalysis[[#This Row],[Population]], 0.05), "") -> 0.4 | AG20: =IFERROR(MROUND(tblPiNAnalysis[[#This Row],[GP]]/tblPiNAnalysis[[#This Row],[Population]], 0.05), "") -> 0 | AH20: =IFERROR(MROUND(tblPiNAnalysis[[#This Row],[HLP]]/tblPiNAnalysis[[#This Row],[Population]], 0.05), "") -> 0 | AI20: =IFERROR(LARGE(tblPiNAnalysis[[#This Row],[CCCM]:[WASH]], 1), "") -> 1742 | AJ20: {=IF(tblPiNAnalysis[[#This Row],[Highest PiN]]="", "", _xlfn.TEXTJOIN(CHAR(10), TRUE, IF(tblPiNAnalysis[[#This Row],[Highest PiN]]=tblPiNAnalysis[[#This Row],[CCCM]:[WASH]], tblPiNAnalysis[[#Headers],[CCCM]:[WASH]], "")))} -> CCCM Food Security | AK20: =IF(tblPiNAnalysis[[#This Row],[Highest PiN]]="", "", tblPiNAnalysis[[#This Row],[Highest PiN]]/tblPiNAnalysis[[#This Row],[Population]]) -> 1 | AL20: =IF(SUM(tblPiNAnalysis[[#This Row],[CCCM]:[WASH]])=0, "",IF(COUNTIF(tblPiNAnalysis[[#This Row],[CCCM]:[WASH]],"=0")+COUNTIF(tblPiNAnalysis[[#This Row],[CCCM]:[WASH]],"")>=zero_pin_thresh, "Flagged", "")) | AM20: =IFERROR(IF(tblPiNAnalysis[[#This Row],[Highest PiN]]="", "", IF(tblPiNAnalysis[[#This Row],[Highest sector(s'') PiN %]]>=flag_pin_perc, "Flagged", "")), "") -> Flagged | AN20: {=IF(tblPiNAnalysis[[#This Row],[Highest PiN]]=0, "", IF(OR(COUNTIF(tblPiNAnalysis[[#This Row],[Highest sector(s)]],tblSubSectorPopulation[Sector])), "Flagged", ""))} | AO20: {=IFERROR(_xlfn.IFS(tblPiNAnalysis[[#This Row],[Highest PiN]]="", "", LARGE(tblPiNAnalysis[[#This Row],[CCCM]:[WASH]], 2) < tblPiNAnalysis[[#This Row],[Highest PiN]], LARGE(tblPiNAnalysis[[#This Row],[CCCM]:[WASH]], 2), LARGE(tblPiNAnalysis[[#This Row],[CCCM]:[WASH]], 3) < tblPiNAnalysis[[#This Row],[Highest PiN]], LARGE(tblPiNAnalysis[[#This Row],[CCCM]:[WASH]], 3), LARGE(tblPiNAnalysis[[#This Row],[CCCM]:[WASH]], 4) < tblPiNAnalysis[[#This Row],[Highest PiN]], LARGE(tblPiNAnalysis[[#This Row],[CCCM]:[WASH]], 4), LARGE(tblPiNAnalysis[[#This Row],[CCCM]:[WASH]], 5) < tblPiNAnalysis[[#This Row],[Highest PiN]], LARGE(tblPiNAnalysis[[#This Row],[CCCM]:[WASH]], 5), LARGE(tblPiNAnalysis[[#This Row],[CCCM]:[WASH]], 6) < tblPiNAnalysis[[#This Row],[Highest PiN]], LARGE(tblPiNAnalysis[[#This Row],[CCCM]:[WASH]], 6), LARGE(tblPiNAnalysis[[#This Row],[CCCM]:[WASH]], 7) <tblPiNAnalysis[[#This Row],[Highest PiN]], LARGE(tblPiNAnalysis[[#This Row],[CCCM]:[WASH]], 7), LARGE(tblPiNAnalysis[[#This Row],[CCCM]:[WASH]], 8) <= tblPiNAnalysis[[#This Row],[Highest PiN]], LARGE(tblPiNAnalysis[[#This Row],[CCCM]:[WASH]], 8)), "NA")} -> 1207.4289 | AP20: {=IF(tblPiNAnalysis[[#This Row],[2nd Highest PiN]]="", "", _xlfn.TEXTJOIN(CHAR(10), TRUE, IF(tblPiNAnalysis[[#This Row],[2nd Highest PiN]]=tblPiNAnalysis[[#This Row],[CCCM]:[WASH]], tblPiNAnalysis[[#Headers],[CCCM]:[WASH]], "")))} -> Health | AQ20: =IFERROR(tblPiNAnalysis[[#This Row],[2nd Highest PiN]]/tblPiNAnalysis[[#This Row],[Population]], "") -> 0.69312797 | AR20: =IFERROR(tblPiNAnalysis[[#This Row],[Highest PiN]]-tblPiNAnalysis[[#This Row],[2nd Highest PiN]], "") -> 534.57108 | AS20: =IFERROR(((tblPiNAnalysis[[#This Row],[Highest PiN]]-tblPiNAnalysis[[#This Row],[2nd Highest PiN]])/tblPiNAnalysis[[#This Row],[2nd Highest PiN]]),"") -> 0.44273503 | AT20: {=_xlfn.IFS(tblPiNAnalysis[[#This Row],[% Difference between Highest and 2nd Highest]]="", "", SUM(IF(IF(tblPiNAnalysis[[#This Row],[Highest PiN]]=tblPiNAnalysis[[#This Row],[CCCM]:[WASH]], tblPiNAnalysis[[#Headers],[CCCM]:[WASH]], "")<>"", 1, 0))>1, "",tblPiNAnalysis[[#This Row],[% Difference between Highest and 2nd Highest]]>=perc_1st_2nd, "Flagged", TRUE(), "")} | AU20: {=IFERROR(_xlfn.IFS(tblPiNAnalysis[[#This Row],[2nd Highest PiN]]="", "", LARGE(tblPiNAnalysis[[#This Row],[CCCM]:[WASH]], 3) < tblPiNAnalysis[[#This Row],[2nd Highest PiN]], LARGE(tblPiNAnalysis[[#This Row],[CCCM]:[WASH]], 3), LARGE(tblPiNAnalysis[[#This Row],[CCCM]:[WASH]], 4) < tblPiNAnalysis[[#This Row],[2nd Highest PiN]], LARGE(tblPiNAnalysis[[#This Row],[CCCM]:[WASH]], 4), LARGE(tblPiNAnalysis[[#This Row],[CCCM]:[WASH]], 5) < tblPiNAnalysis[[#This Row],[2nd Highest PiN]], LARGE(tblPiNAnalysis[[#This Row],[CCCM]:[WASH]], 5), LARGE(tblPiNAnalysis[[#This Row],[CCCM]:[WASH]], 6) < tblPiNAnalysis[[#This Row],[2nd Highest PiN]], LARGE(tblPiNAnalysis[[#This Row],[CCCM]:[WASH]], 6), LARGE(tblPiNAnalysis[[#This Row],[CCCM]:[WASH]], 7) <tblPiNAnalysis[[#This Row],[2nd Highest PiN]], LARGE(tblPiNAnalysis[[#This Row],[CCCM]:[WASH]], 7), LARGE(tblPiNAnalysis[[#This Row],[CCCM]:[WASH]], 8) <= tblPiNAnalysis[[#This Row],[2nd Highest PiN]], LARGE(tblPiNAnalysis[[#This Row],[CCCM]:[WASH]], 8)), "NA")} -> 683 | AV20: {=IF(tblPiNAnalysis[[#This Row],[3rd Highest PiN]]="", "", _xlfn.TEXTJOIN(CHAR(10), TRUE, IF(tblPiNAnalysis[[#This Row],[3rd Highest PiN]]=tblPiNAnalysis[[#This Row],[CCCM]:[WASH]], tblPiNAnalysis[[#Headers],[CCCM]:[WASH]], "")))} -> Overarching Protection | AW20: =IFERROR(tblPiNAnalysis[[#This Row],[3rd Highest PiN]]/tblPiNAnalysis[[#This Row],[Population]], "") -> 0.39207807 | AX20: =IFERROR(tblPiNAnalysis[[#This Row],[Highest PiN]]-tblPiNAnalysis[[#This Row],[3rd Highest PiN]],"") -> 1059 | AY20: =IFERROR(tblPiNAnalysis[[#This Row],[Difference of PiN between Highest and 3rd Highest]]/tblPiNAnalysis[[#This Row],[3rd Highest PiN]], "") -> 1.5505124 | AZ20: {=_xlfn.IFS(tblPiNAnalysis[[#This Row],[Difference of PiN between Highest and 3rd Highest]]="", "", SUM(IF(IF(tblPiNAnalysis[[#This Row],[Highest PiN]]=tblPiNAnalysis[[#This Row],[CCCM]:[WASH]], tblPiNAnalysis[[#Headers],[CCCM]:[WASH]], "")<>"", 1, 0))>1, "",tblPiNAnalysis[[#This Row],[% Difference between Highest and 3rd Highest]]>=perc_1st_3rd, "Flagged", 1=1, "")} | BA20: {=IFERROR(IF(tblPiNAnalysis[[#This Row],[ID]]="", "", INDEX(tblPiNHistorical[[CCCM]:[WASH]], MATCH(tblPiNAnalysis[[#This Row],[ID]],tblPiNHistorical[ID], 0),MATCH(_xlfn._xlws.FILTER(tblPiNAnalysis[[#Headers],[CCCM]:[WASH]], tblPiNAnalysis[[#This Row],[Highest PiN]]=tblPiNAnalysis[[#This Row],[CCCM]:[WASH]]), tblPiNHistorical[[#Headers],[CCCM]:[WASH]], 0))), "")} -> #VALUE! | BB20: {=IFERROR(IF(SUM(IF(ABS(INDEX(tblPiNHistorical[[CCCM]:[WASH]], MATCH(tblPiNAnalysis[[#This Row],[ID]],tblPiNHistorical[ID], 0),MATCH(_xlfn._xlws.FILTER(tblPiNAnalysis[[#Headers],[CCCM]:[WASH]], tblPiNAnalysis[[#This Row],[Highest PiN]]=tblPiNAnalysis[[#This Row],[CCCM]:[WASH]]), tblPiNHistorical[[#Headers],[CCCM]:[WASH]], 0)))>=flag_pin_historical, 1, 0))>0, "Flagged", ""), "")} | BC20: {=IFERROR(IF(tblPiNAnalysis[[#This Row],[ID]]="", "", INDEX(tblPiNHistorical[[CCCM]:[WASH]], MATCH(tblPiNAnalysis[[#This Row],[ID]],tblPiNHistorical[ID], 0),MATCH(_xlfn._xlws.FILTER(tblPiNAnalysis[[#Headers],[CCCM]:[WASH]], tblPiNAnalysis[[#This Row],[2nd Highest PiN]]=tblPiNAnalysis[[#This Row],[CCCM]:[WASH]]), tblPiNHistorical[[#Headers],[CCCM]:[WASH]], 0))), "")} -> -0.7 | BD20: {=IFERROR(IF(SUM(IF(ABS(INDEX(tblPiNHistorical[[CCCM]:[WASH]], MATCH(tblPiNAnalysis[[#This Row],[ID]],tblPiNHistorical[ID], 0),MATCH(_xlfn._xlws.FILTER(tblPiNAnalysis[[#Headers],[CCCM]:[WASH]], tblPiNAnalysis[[#This Row],[2nd Highest PiN]]=tblPiNAnalysis[[#This Row],[CCCM]:[WASH]]), tblPiNHistorical[[#Headers],[CCCM]:[WASH]], 0)))>=flag_pin_historical, 1, 0))>0, "Flagged", ""), "")} | BE20: =INDEX(tblSeverityAnalysis[Final Severity], MATCH(tblPiNAnalysis[[#This Row],[ID]],tblSeverityAnalysis[ID], 0)) -> 4 | BF20: =IF(tblPiNAnalysis[[#This Row],[Severity]]>2,tblPiNAnalysis[[#This Row],[Highest PiN]],) -> 1742 | BI20: =COUNTIFS(tblPiNAnalysis[[#This Row],[Number of missing / zero PiNs greater than threshold - Data quality]:[Manual Flag]],"Flagged") -> 1 | BJ20: =IF(tblPiNAnalysis[[#This Row],['# Flags]]>0, "Flagged", "") -> Flagged | BK20: =tblPiNAnalysis[[#This Row],[Preliminary PiN]] -> 1742 | BM20: =IFERROR(IF(tblPiNAnalysis[[#This Row],[Severity]]=3,tblPiNAnalysis[[#This Row],[Final PiN]]*Thresholds!$D$35,tblPiNAnalysis[[#This Row],[Final PiN]]*Thresholds!$D$36),) -> 1742 | BN20: =IFERROR(IF(tblPiNAnalysis[[#This Row],[Severity]]>3,tblPiNAnalysis[[#This Row],[Final PiN]]*Thresholds!$D$36,),) -> 1742
A21: MZ0703 | B21: Nampula | C21: MZ07 | D21: Erati | E21: MZ0703 | I21: 1199 | J21: IDPs | K21: 1199 | L21: 125 | M21: =0.1*tblPiNAnalysis[[#This Row],[Population]] -> 119.9 | N21: 1199 | O21: 1.597463 | P21: 226 | Q21: 536 | R21: 1199 | S21: 226 | T21: 133 | U21: 0 | V21: 0 | W21: =IFERROR(IF(tblPiNAnalysis[[#This Row],[CCCM]]="", "", MROUND(tblPiNAnalysis[[#This Row],[CCCM]]/tblPiNAnalysis[[#This Row],[Population]], 0.05)), "") -> 1 | X21: =IFERROR(IF(tblPiNAnalysis[[#This Row],[Education]]="", "", MROUND(tblPiNAnalysis[[#This Row],[Education]]/tblPiNAnalysis[[#This Row],[Population]], 0.05)), "") -> 0.1 | Y21: =IFERROR(IF(tblPiNAnalysis[[#This Row],[Nutrition]]="", "", MROUND(tblPiNAnalysis[[#This Row],[Nutrition]]/tblPiNAnalysis[[#This Row],[Population]], 0.05)), "") -> 0.1 | Z21: =IFERROR(IF(tblPiNAnalysis[[#This Row],[Food Security]]="", "", MROUND(tblPiNAnalysis[[#This Row],[Food Security]]/tblPiNAnalysis[[#This Row],[Population]], 0.05)), "") -> 1 | AA21: =IFERROR(IF(tblPiNAnalysis[[#This Row],[Health]]="", "", MROUND(tblPiNAnalysis[[#This Row],[Health]]/tblPiNAnalysis[[#This Row],[Population]], 0.05)), "") -> 0 | AB21: =IFERROR(IF(tblPiNAnalysis[[#This Row],[Overarching Protection]]="", "", MROUND(tblPiNAnalysis[[#This Row],[Overarching Protection]]/tblPiNAnalysis[[#This Row],[Population]], 0.05)), "") -> 0.2 | AC21: =IFERROR(IF(tblPiNAnalysis[[#This Row],[Shelter]]="", "", MROUND(tblPiNAnalysis[[#This Row],[Shelter]]/tblPiNAnalysis[[#This Row],[Population]], 0.05)), "") -> 0.45 | AD21: =IFERROR(IF(tblPiNAnalysis[[#This Row],[WASH]]="", "", MROUND(tblPiNAnalysis[[#This Row],[WASH]]/tblPiNAnalysis[[#This Row],[Population]], 0.05)), "") -> 1 | AE21: =IFERROR(MROUND(tblPiNAnalysis[[#This Row],[CP]]/tblPiNAnalysis[[#This Row],[Population]], 0.05), "") -> 0.2 | AF21: =IFERROR(MROUND(tblPiNAnalysis[[#This Row],[GBV]]/tblPiNAnalysis[[#This Row],[Population]], 0.05), "") -> 0.1 | AG21: =IFERROR(MROUND(tblPiNAnalysis[[#This Row],[GP]]/tblPiNAnalysis[[#This Row],[Population]], 0.05), "") -> 0 | AH21: =IFERROR(MROUND(tblPiNAnalysis[[#This Row],[HLP]]/tblPiNAnalysis[[#This Row],[Population]], 0.05), "") -> 0 | AI21: =IFERROR(LARGE(tblPiNAnalysis[[#This Row],[CCCM]:[WASH]], 1), "") -> 1199 | AJ21: {=IF(tblPiNAnalysis[[#This Row],[Highest PiN]]="", "", _xlfn.TEXTJOIN(CHAR(10), TRUE, IF(tblPiNAnalysis[[#This Row],[Highest PiN]]=tblPiNAnalysis[[#This Row],[CCCM]:[WASH]], tblPiNAnalysis[[#Headers],[CCCM]:[WASH]], "")))} -> CCCM Food Security WASH | AK21: =IF(tblPiNAnalysis[[#This Row],[Highest PiN]]="", "", tblPiNAnalysis[[#This Row],[Highest PiN]]/tblPiNAnalysis[[#This Row],[Population]]) -> 1 | AL21: =IF(SUM(tblPiNAnalysis[[#This Row],[CCCM]:[WASH]])=0, "",IF(COUNTIF(tblPiNAnalysis[[#This Row],[CCCM]:[WASH]],"=0")+COUNTIF(tblPiNAnalysis[[#This Row],[CCCM]:[WASH]],"")>=zero_pin_thresh, "Flagged", "")) | AM21: =IFERROR(IF(tblPiNAnalysis[[#This Row],[Highest PiN]]="", "", IF(tblPiNAnalysis[[#This Row],[Highest sector(s'') PiN %]]>=flag_pin_perc, "Flagged", "")), "") -> Flagged | AN21: {=IF(tblPiNAnalysis[[#This Row],[Highest PiN]]=0, "", IF(OR(COUNTIF(tblPiNAnalysis[[#This Row],[Highest sector(s)]],tblSubSectorPopulation[Sector])), "Flagged", ""))} | AO21: {=IFERROR(_xlfn.IFS(tblPiNAnalysis[[#This Row],[Highest PiN]]="", "", LARGE(tblPiNAnalysis[[#This Row],[CCCM]:[WASH]], 2) < tblPiNAnalysis[[#This Row],[Highest PiN]], LARGE(tblPiNAnalysis[[#This Row],[CCCM]:[WASH]], 2), LARGE(tblPiNAnalysis[[#This Row],[CCCM]:[WASH]], 3) < tblPiNAnalysis[[#This Row],[Highest PiN]], LARGE(tblPiNAnalysis[[#This Row],[CCCM]:[WASH]], 3), LARGE(tblPiNAnalysis[[#This Row],[CCCM]:[WASH]], 4) < tblPiNAnalysis[[#This Row],[Highest PiN]], LARGE(tblPiNAnalysis[[#This Row],[CCCM]:[WASH]], 4), LARGE(tblPiNAnalysis[[#This Row],[CCCM]:[WASH]], 5) < tblPiNAnalysis[[#This Row],[Highest PiN]], LARGE(tblPiNAnalysis[[#This Row],[CCCM]:[WASH]], 5), LARGE(tblPiNAnalysis[[#This Row],[CCCM]:[WASH]], 6) < tblPiNAnalysis[[#This Row],[Highest PiN]], LARGE(tblPiNAnalysis[[#This Row],[CCCM]:[WASH]], 6), LARGE(tblPiNAnalysis[[#This Row],[CCCM]:[WASH]], 7) <tblPiNAnalysis[[#This Row],[Highest PiN]], LARGE(tblPiNAnalysis[[#This Row],[CCCM]:[WASH]], 7), LARGE(tblPiNAnalysis[[#This Row],[CCCM]:[WASH]], 8) <= tblPiNAnalysis[[#This Row],[Highest PiN]], LARGE(tblPiNAnalysis[[#This Row],[CCCM]:[WASH]], 8)), "NA")} -> 536 | AP21: {=IF(tblPiNAnalysis[[#This Row],[2nd Highest PiN]]="", "", _xlfn.TEXTJOIN(CHAR(10), TRUE, IF(tblPiNAnalysis[[#This Row],[2nd Highest PiN]]=tblPiNAnalysis[[#This Row],[CCCM]:[WASH]], tblPiNAnalysis[[#Headers],[CCCM]:[WASH]], "")))} -> Shelter | AQ21: =IFERROR(tblPiNAnalysis[[#This Row],[2nd Highest PiN]]/tblPiNAnalysis[[#This Row],[Population]], "") -> 0.4470392 | AR21: =IFERROR(tblPiNAnalysis[[#This Row],[Highest PiN]]-tblPiNAnalysis[[#This Row],[2nd Highest PiN]], "") -> 663 | AS21: =IFERROR(((tblPiNAnalysis[[#This Row],[Highest PiN]]-tblPiNAnalysis[[#This Row],[2nd Highest PiN]])/tblPiNAnalysis[[#This Row],[2nd Highest PiN]]),"") -> 1.2369403 | AT21: {=_xlfn.IFS(tblPiNAnalysis[[#This Row],[% Difference between Highest and 2nd Highest]]="", "", SUM(IF(IF(tblPiNAnalysis[[#This Row],[Highest PiN]]=tblPiNAnalysis[[#This Row],[CCCM]:[WASH]], tblPiNAnalysis[[#Headers],[CCCM]:[WASH]], "")<>"", 1, 0))>1, "",tblPiNAnalysis[[#This Row],[% Difference between Highest and 2nd Highest]]>=perc_1st_2nd, "Flagged", TRUE(), "")} | AU21: {=IFERROR(_xlfn.IFS(tblPiNAnalysis[[#This Row],[2nd Highest PiN]]="", "", LARGE(tblPiNAnalysis[[#This Row],[CCCM]:[WASH]], 3) < tblPiNAnalysis[[#This Row],[2nd Highest PiN]], LARGE(tblPiNAnalysis[[#This Row],[CCCM]:[WASH]], 3), LARGE(tblPiNAnalysis[[#This Row],[CCCM]:[WASH]], 4) < tblPiNAnalysis[[#This Row],[2nd Highest PiN]], LARGE(tblPiNAnalysis[[#This Row],[CCCM]:[WASH]], 4), LARGE(tblPiNAnalysis[[#This Row],[CCCM]:[WASH]], 5) < tblPiNAnalysis[[#This Row],[2nd Highest PiN]], LARGE(tblPiNAnalysis[[#This Row],[CCCM]:[WASH]], 5), LARGE(tblPiNAnalysis[[#This Row],[CCCM]:[WASH]], 6) < tblPiNAnalysis[[#This Row],[2nd Highest PiN]], LARGE(tblPiNAnalysis[[#This Row],[CCCM]:[WASH]], 6), LARGE(tblPiNAnalysis[[#This Row],[CCCM]:[WASH]], 7) <tblPiNAnalysis[[#This Row],[2nd Highest PiN]], LARGE(tblPiNAnalysis[[#This Row],[CCCM]:[WASH]], 7), LARGE(tblPiNAnalysis[[#This Row],[CCCM]:[WASH]], 8) <= tblPiNAnalysis[[#This Row],[2nd Highest PiN]], LARGE(tblPiNAnalysis[[#This Row],[CCCM]:[WASH]], 8)), "NA")} -> 226 | AV21: {=IF(tblPiNAnalysis[[#This Row],[3rd Highest PiN]]="", "", _xlfn.TEXTJOIN(CHAR(10), TRUE, IF(tblPiNAnalysis[[#This Row],[3rd Highest PiN]]=tblPiNAnalysis[[#This Row],[CCCM]:[WASH]], tblPiNAnalysis[[#Headers],[CCCM]:[WASH]], "")))} -> Overarching Protection | AW21: =IFERROR(tblPiNAnalysis[[#This Row],[3rd Highest PiN]]/tblPiNAnalysis[[#This Row],[Population]], "") -> 0.18849041 | AX21: =IFERROR(tblPiNAnalysis[[#This Row],[Highest PiN]]-tblPiNAnalysis[[#This Row],[3rd Highest PiN]],"") -> 973 | AY21: =IFERROR(tblPiNAnalysis[[#This Row],[Difference of PiN between Highest and 3rd Highest]]/tblPiNAnalysis[[#This Row],[3rd Highest PiN]], "") -> 4.3053097 | AZ21: {=_xlfn.IFS(tblPiNAnalysis[[#This Row],[Difference of PiN between Highest and 3rd Highest]]="", "", SUM(IF(IF(tblPiNAnalysis[[#This Row],[Highest PiN]]=tblPiNAnalysis[[#This Row],[CCCM]:[WASH]], tblPiNAnalysis[[#Headers],[CCCM]:[WASH]], "")<>"", 1, 0))>1, "",tblPiNAnalysis[[#This Row],[% Difference between Highest and 3rd Highest]]>=perc_1st_3rd, "Flagged", 1=1, "")} | BA21: {=IFERROR(IF(tblPiNAnalysis[[#This Row],[ID]]="", "", INDEX(tblPiNHistorical[[CCCM]:[WASH]], MATCH(tblPiNAnalysis[[#This Row],[ID]],tblPiNHistorical[ID], 0),MATCH(_xlfn._xlws.FILTER(tblPiNAnalysis[[#Headers],[CCCM]:[WASH]], tblPiNAnalysis[[#This Row],[Highest PiN]]=tblPiNAnalysis[[#This Row],[CCCM]:[WASH]]), tblPiNHistorical[[#Headers],[CCCM]:[WASH]], 0))), "")} -> #VALUE! | BB21: {=IFERROR(IF(SUM(IF(ABS(INDEX(tblPiNHistorical[[CCCM]:[WASH]], MATCH(tblPiNAnalysis[[#This Row],[ID]],tblPiNHistorical[ID], 0),MATCH(_xlfn._xlws.FILTER(tblPiNAnalysis[[#Headers],[CCCM]:[WASH]], tblPiNAnalysis[[#This Row],[Highest PiN]]=tblPiNAnalysis[[#This Row],[CCCM]:[WASH]]), tblPiNHistorical[[#Headers],[CCCM]:[WASH]], 0)))>=flag_pin_historical, 1, 0))>0, "Flagged", ""), "")} | BC21: {=IFERROR(IF(tblPiNAnalysis[[#This Row],[ID]]="", "", INDEX(tblPiNHistorical[[CCCM]:[WASH]], MATCH(tblPiNAnalysis[[#This Row],[ID]],tblPiNHistorical[ID], 0),MATCH(_xlfn._xlws.FILTER(tblPiNAnalysis[[#Headers],[CCCM]:[WASH]], tblPiNAnalysis[[#This Row],[2nd Highest PiN]]=tblPiNAnalysis[[#This Row],[CCCM]:[WASH]]), tblPiNHistorical[[#Headers],[CCCM]:[WASH]], 0))), "")} | BD21: {=IFERROR(IF(SUM(IF(ABS(INDEX(tblPiNHistorical[[CCCM]:[WASH]], MATCH(tblPiNAnalysis[[#This Row],[ID]],tblPiNHistorical[ID], 0),MATCH(_xlfn._xlws.FILTER(tblPiNAnalysis[[#Headers],[CCCM]:[WASH]], tblPiNAnalysis[[#This Row],[2nd Highest PiN]]=tblPiNAnalysis[[#This Row],[CCCM]:[WASH]]), tblPiNHistorical[[#Headers],[CCCM]:[WASH]], 0)))>=flag_pin_historical, 1, 0))>0, "Flagged", ""), "")} | BE21: =INDEX(tblSeverityAnalysis[Final Severity], MATCH(tblPiNAnalysis[[#This Row],[ID]],tblSeverityAnalysis[ID], 0)) -> 3 | BF21: =IF(tblPiNAnalysis[[#This Row],[Severity]]>2,tblPiNAnalysis[[#This Row],[Highest PiN]],) -> 1199 | BI21: =COUNTIFS(tblPiNAnalysis[[#This Row],[Number of missing / zero PiNs greater than threshold - Data quality]:[Manual Flag]],"Flagged") -> 1 | BJ21: =IF(tblPiNAnalysis[[#This Row],['# Flags]]>0, "Flagged", "") -> Flagged | BK21: =tblPiNAnalysis[[#This Row],[Preliminary PiN]] -> 1199 | BM21: =IFERROR(IF(tblPiNAnalysis[[#This Row],[Severity]]=3,tblPiNAnalysis[[#This Row],[Final PiN]]*Thresholds!$D$35,tblPiNAnalysis[[#This Row],[Final PiN]]*Thresholds!$D$36),) -> 599.5 | BN21: =IFERROR(IF(tblPiNAnalysis[[#This Row],[Severity]]>3,tblPiNAnalysis[[#This Row],[Final PiN]]*Thresholds!$D$36,),) -> 0
