Workbook
Name flag_pin_historical: Umbrales!$D$13
Name flag_pin_perc: Umbrales!$D$12
Name perc_1st_2nd: Umbrales!$D$9
Name perc_1st_3rd: Umbrales!$D$10
Name pin_perc: #REF!
Name sectors_sev_4: Umbrales!$D$27
Name sectors_sev_5: Umbrales!$D$26
Name zero_pin_thresh: Umbrales!$D$8

Sheet Leer
A1: Herramienta JIAF 2 3: Plantilla de estimación de la PiN y de la Severidad
A3: Warnings for all sheets! | B3: Pre-set data checks have been coded into the template and they will be implemented as soon as sector data is inserted into the template. OCHA analysis teams are free to modify the template, including additional checks or removing any checks that are deemed not useful by the analysis team. At a minimum, the following columns will need to be updated by the teams: ID: A unique identifier, automatically generated and required to link certain formulas. Do not change or delete. Geographic and Population related columns: Do not delete columns for admin units and population group; please just hide any column if not needed. Sectoral Data: sectoral header names can be changed; sector columns can be removed or added in between the first and last collumn (but do not remove the first and the last sector columns); make sure the order of the sector names match the order of their percentage column and if new sector columns are added make sure to write the formula for the percentage calculation. More importantly, Do not delete the first and last column of the sectoral data section.
A5: Sheet | B5: Description
A6: Thresholds | B6: Thresholds - Flagging criteria & thresholds: OCHA analysis team to adjust if necessary the thresholds for pre-set data checks as per agreements with partners. - Sub-population group sectors: OCHA analysis team to list all sectors targeting sub-population groups (e.g. kids, women, IDPs) in their context.
A7: Overall PiN | B7: Preliminary PiN: Highest PiN among the Sector PINs is automatically taken as the preliminary PiN.
B8: Flags and Outlier Checks: Please note that the analysis team could decide to adjust the thresholds of these indicators, in the Threshold spreadshee or eliminate flags that they consider not relevant to their contexts
B9: Number of missing or zero PiN: OCHA analysis team to decide the threshold for accepted number of sectors at unit level not to provide a PiN value or have zero PiN.
B10: Highest PiN close to the total affected population: OCHA analysis team to decide the threshold of acceptable proportion of people in need to the affected population at unit level.
B11: Highest Sector targets only a subset of the affected population: OCHA analysis team to decide the sectors that target only a subset of the affected population.
B12: Difference b/w highest and 2nd highest: OCHA analysis team to decide whether certain outliers between highest sector with 2nd or 3rd highest require flagging for review and to enter 'Flagged' in the column.
B13: Difference b/w highest and 3rd highest: OCHA analysis team to decide whether certain outliers between highest sector with 2nd or 3rd highest require flagging for review and to enter 'Flagged' in the column.
B14: % Difference between this HNO's highest or 2nd highest sector PiN to same sector in the last HNO: OCHA analysis team to decide the threshold of change for this HNO's highest or 2nd higehst sector PiN and last HNO's PiN for the same sector.
A15: PiN Historical Trend | B15: This table can be used to compare current sector PiNs to the previous year's PiNs to identify increases or decreases. The current PIN will be automatically loaded from the Overal PIN spreadsheet, provided that the unique ID of the rows match. The Previous year's HNO data needs to be loaded in the Historical Trend spreadsheet. Formulas will automatically calculate the %change from previous to current year and highlights area where PiN is 50% higher or lower than the last HNO's PiN for further investigation. Countries can decide to change this 50% threshold according to their context.
A16: PiN Visulas | B16: Two visuals that can help better understand sectoral PiN affecting percentage of affected population and the percentage of change from one HNO to the last distribution.
A17: Intersectoral Severity | B17: # of sectors falling under severity phases: The number of sectors fallen under each severity phase can help better understand and see the relationship of the sectoral severities to the preliminary intersectoral severity. Preliminary Intersectoral Severity: preliminary intersectoral severity is automatically calculated according to the logical formula. Flags and Outlier Checks: Some sectors having severity phase 5 or 4: OCHA analysis team to decide number of sectors in phase 5 or 4 to be flagged and reviewed to confirm the concentration of high sectoral severities . Variation between preliminary severity and outcome indicators: preliminary intersectoral severity is higher or lower then outcome indicators (by 1 or more).
A18: Reference Table indicators | B18: Fill in reference table indicators data at unit level to automatically calculate the severity of the indicator which will be used to compare the intersectoral severity results with. If any indicators are added, removed or modified, please make sure that the formulas correctly reflect these changes.

Sheet Umbrales
C1: ¡No elimine esta ficha ni las tablas que contiene!
C3: ¡Las tablas de esta hoja se están utilizando en fórmulas de otras hojas!
B6: PiN Criterios de señalización y umbrales | D6: Please assign the thresholds relevant for your country
A7: Nombre del marcador | B7: Descripción del marcador | C7: Umbral recomendado | D7: Umbral País | E7: Explicación de la propuesta de otro umbral | F7: Propósito
B8: Número de sectores con 0 PiN | C8: 2 | D8: 2
A9: % Diferencia entre el 1º y el 2º número más alto de PiN | B9: Umbral de diferencia porcentual entre el 1º y el 2º PiN más alto, superior al 30 % | C9: 0.3 | D9: 0.3
A10: % Diferencia entre el 1° y el 3° número más alto de PiN | B10: % umbral de diferencia entre el 1° y el 3° PiN más alto, superior al 50 % | C10: 0.5 | D10: 0.5
A11: El número de PiN del sector más alto se dirige a subgrupos de población | B11: Siempre que un clúster relacionado con un subgrupo de población sea superior a cualquier otro clúster - por ejemplo, Educación y Nutrición
A12: PiN superior al 90 % de la población total afectada | B12: Marcar dónde el 1º o el 2º PiN más alto es el 90 % de la población afectada | C12: 0.9 | D12: 0.9
A13: Variación respecto al año pasado | B13: Marcar cuando la variación con respecto al año anterior del primer o segundo PiN más alto es significativamente superior a la variación media con respecto al año anterior de todos los grupos | C13: 1 | D13: 1
A14: Marcador manual | B14: Cualquier área puede ser marcada manualmente siempre que haya una preocupación por parte de cualquier analista de la JIAF sobre las PiN
B16: PiN, Sectores de grupos de subpoblación
B17: Sector | C17: Proportion of sector target population in overall population
A18: Decision Rule for determining PIN | B18: Education
A19: 1. acepte PiN más alto sin marcadores. 2. Acepte PiN más alto después de conciliar cualquier marcador. 3. Si no hay consenso sobre el número de PiN más alto, utilice el segundo PiN más alto. 4. Si no hay consenso sobre el segundo PiN más alto, elevar la decisión al nivel de la coordinación de asuntos humanitarios (HC, por sus siglas en inglés)
B24: Severity Flagging criteria & thresholds | D24: Please assign the thresholds relevant for your country
B25: Criterio de marcado para PiN | C25: Umbral recomendado | D25: Umbral País | E25: Explicación de la propuesta de otro umbral
B26: Nº de sectores en fase 5 | C26: 2 | D26: 2
B27: Nº de sectores en fase 4 o inferior con preliminares en fase 5 | C27: 5 | D27: 5
B31: Población meta y priorizada
B32: Criterios para población meta | C32: Umbral recomendado | D32: Umbral País
B33: Porcentage para areas en Severidad 3 | C33: 0.5 | D33: 0.5
B34: Porcentage para areas en Severidad 4 y 5 | C34: 1 | D34: 1

Sheet Tendencia histórica de PiN
I1: =SUM(tblPiNHistorical[SAMV25]) -> 4384836 | J1: =SUM(tblPiNHistorical[NUT25]) -> 1172289 | K1: =SUM(tblPiNHistorical[SAL25]) -> 7088469 | L1: =SUM(tblPiNHistorical[EDU25]) -> 2757468.1 | M1: =SUM(tblPiNHistorical[PRO25]) -> 5500000 | N1: =SUM(tblPiNHistorical[ASH25]) -> 3616104 | O1: =SUM(tblPiNHistorical[SAMV26]) -> 5099878.7 | P1: =SUM(tblPiNHistorical[NUT26]) -> 1282418.4 | Q1: =SUM(tblPiNHistorical[SAL26]) -> 10537415 | R1: =SUM(tblPiNHistorical[EDU26]) -> 3254789.7 | S1: =SUM(tblPiNHistorical[PRO26]) -> 5969598.4 | T1: =SUM(tblPiNHistorical[ASH26]) -> 5179743.4
B2: Ubicación | G2: Población | I2: PiN de los grupos del año anterior | O2: PiN de las agrupaciones actuales | U2: Diferencias absolutas de PiN | AA2: % Diferencias PiN
A3: ID | B3: Admin 1 | C3: Admin 1 Código P | D3: Admin 2 | E3: Admin 2 Código P | F3: Foco de necesidades | G3: Población | H3: Grupo de población | I3: SAMV25 | J3: NUT25 | K3: SAL25 | L3: EDU25 | M3: PRO25 | N3: ASH25 | O3: SAMV26 | P3: NUT26 | Q3: SAL26 | R3: EDU26 | S3: PRO26 | T3: ASH26 | U3: Diferencia PiN para SAM | V3: Diferencia PiN para NUT | W3: Diferencia PiN para SAL | X3: Diferencia PiN para EDU | Y3: Diferencia PiN para PRO | Z3: Diferencia PiN para ASH | AA3: SAMV | AB3: NUT | AC3: SAL | AD3: EDU | AE3: PRO | AF3: ASH
A4: =IFERROR(_xlfn.CONCAT(IF(tblPiNHistorical[[#This Row],[Grupo de población]]="", "",tblPiNHistorical[[#This Row],[Grupo de población]] ), IF(tblPiNHistorical[[#This Row],[Foco de necesidades]]<>"",tblPiNHistorical[[#This Row],[Foco de necesidades]],), _xlfn.IFS(tblPiNHistorical[[#This Row],[Admin 2 Código P]]<>"", tblPiNHistorical[[#This Row],[Admin 2 Código P]], tblPiNHistorical[[#This Row],[Admin 1 Código P]]<>"", tblPiNHistorical[[#This Row],[Admin 1 Código P]])),"") -> VenezolanosVE0101 | B4: Distrito Capital | C4: VE01 | D4: Libertador | E4: VE0101 | G4: 1943901 | H4: Venezolanos | I4: 328568 | J4: 71637 | K4: 506111.22 | L4: 80105.145 | M4: 519174.25 | N4: 388780 | O4: =tblPiNAnalysis[[#This Row],[SAMV]] -> 407399 | P4: =tblPiNAnalysis[[#This Row],[NUT]] -> 72481.959 | Q4: =tblPiNAnalysis[[#This Row],[SAL]] -> 725544.08 | R4: =tblPiNAnalysis[[#This Row],[EDU]] -> 246169.73 | S4: =tblPiNAnalysis[[#This Row],[PRO]] -> 475623.18 | T4: =tblPiNAnalysis[[#This Row],[ASH]] -> 268351.92 | U4: =IF(OR(tblPiNHistorical[[#This Row],[SAMV25]]="", tblPiNHistorical[[#This Row],[SAMV25]]=0, tblPiNHistorical[[#This Row],[SAMV26]]="", tblPiNHistorical[[#This Row],[SAMV26]]=0), "", tblPiNHistorical[[#This Row],[SAMV26]]-tblPiNHistorical[[#This Row],[SAMV25]]) -> 78831 | V4: =IF(OR(tblPiNHistorical[[#This Row],[NUT25]]="", tblPiNHistorical[[#This Row],[NUT25]]=0, tblPiNHistorical[[#This Row],[NUT26]]="", tblPiNHistorical[[#This Row],[NUT26]]=0), "", tblPiNHistorical[[#This Row],[NUT26]]-tblPiNHistorical[[#This Row],[NUT25]]) -> 844.95942 | W4: =IF(OR(tblPiNHistorical[[#This Row],[SAL25]]="", tblPiNHistorical[[#This Row],[SAL25]]=0, tblPiNHistorical[[#This Row],[SAL26]]="", tblPiNHistorical[[#This Row],[SAL26]]=0), "", tblPiNHistorical[[#This Row],[SAL26]]-tblPiNHistorical[[#This Row],[SAL25]]) -> 219432.86 | X4: =IF(OR(tblPiNHistorical[[#This Row],[EDU25]]="", tblPiNHistorical[[#This Row],[EDU25]]=0, tblPiNHistorical[[#This Row],[EDU26]]="", tblPiNHistorical[[#This Row],[EDU26]]=0), "", tblPiNHistorical[[#This Row],[EDU26]]-tblPiNHistorical[[#This Row],[EDU25]]) -> 166064.59 | Y4: =IF(OR(tblPiNHistorical[[#This Row],[PRO25]]="", tblPiNHistorical[[#This Row],[PRO25]]=0, tblPiNHistorical[[#This Row],[PRO26]]="", tblPiNHistorical[[#This Row],[PRO26]]=0), "", tblPiNHistorical[[#This Row],[PRO26]]-tblPiNHistorical[[#This Row],[PRO25]]) -> -43551.073 | Z4: =IF(OR(tblPiNHistorical[[#This Row],[ASH25]]="", tblPiNHistorical[[#This Row],[ASH25]]=0, tblPiNHistorical[[#This Row],[ASH26]]="", tblPiNHistorical[[#This Row],[ASH26]]=0), "", tblPiNHistorical[[#This Row],[ASH26]]-tblPiNHistorical[[#This Row],[ASH25]]) -> -120428.08 | AA4: =IF(AND(tblPiNHistorical[[#This Row],[SAMV25]]=0,tblPiNHistorical[[#This Row],[SAMV26]]>0),"New26 "&tblPiNHistorical[[#This Row],[SAMV26]], IF(AND(tblPiNHistorical[[#This Row],[SAMV25]]>0,tblPiNHistorical[[#This Row],[SAMV26]]=0),"NoPIN26 "&tblPiNHistorical[[#This Row],[SAMV25]], IFERROR(ROUND((tblPiNHistorical[[#This Row],[SAMV26]]-tblPiNHistorical[[#This Row],[SAMV25]])/tblPiNHistorical[[#This Row],[SAMV25]], 1), "") )) -> 0.2 | AB4: =IF(AND(tblPiNHistorical[[#This Row],[NUT25]]=0,tblPiNHistorical[[#This Row],[NUT26]]>0),"New26 "&tblPiNHistorical[[#This Row],[NUT26]], IF(AND(tblPiNHistorical[[#This Row],[NUT25]]>0,tblPiNHistorical[[#This Row],[NUT26]]=0),"NoPIN26 "&tblPiNHistorical[[#This Row],[NUT25]], IFERROR(ROUND((tblPiNHistorical[[#This Row],[NUT26]]-tblPiNHistorical[[#This Row],[NUT25]])/tblPiNHistorical[[#This Row],[NUT25]], 1), "") )) -> 0 | AC4: =IF(AND(tblPiNHistorical[[#This Row],[SAL25]]=0,tblPiNHistorical[[#This Row],[SAL26]]>0),"New26 "&tblPiNHistorical[[#This Row],[SAL26]], IF(AND(tblPiNHistorical[[#This Row],[SAL25]]>0,tblPiNHistorical[[#This Row],[SAL26]]=0),"NoPIN26 "&tblPiNHistorical[[#This Row],[SAL25]], IFERROR(ROUND((tblPiNHistorical[[#This Row],[SAL26]]-tblPiNHistorical[[#This Row],[SAL25]])/tblPiNHistorical[[#This Row],[SAL25]], 1), "") )) -> 0.4 | AD4: =IF(AND(tblPiNHistorical[[#This Row],[EDU25]]=0,tblPiNHistorical[[#This Row],[EDU26]]>0),"New26 "&tblPiNHistorical[[#This Row],[EDU26]], IF(AND(tblPiNHistorical[[#This Row],[EDU25]]>0,tblPiNHistorical[[#This Row],[EDU26]]=0),"NoPIN26 "&tblPiNHistorical[[#This Row],[EDU25]], IFERROR(ROUND((tblPiNHistorical[[#This Row],[EDU26]]-tblPiNHistorical[[#This Row],[EDU25]])/tblPiNHistorical[[#This Row],[EDU25]], 1), "") )) -> 2.1 | AE4: =IF(AND(tblPiNHistorical[[#This Row],[PRO25]]=0,tblPiNHistorical[[#This Row],[PRO26]]>0),"New26 "&tblPiNHistorical[[#This Row],[PRO26]], IF(AND(tblPiNHistorical[[#This Row],[PRO25]]>0,tblPiNHistorical[[#This Row],[PRO26]]=0),"NoPIN26 "&tblPiNHistorical[[#This Row],[PRO25]], IFERROR(ROUND((tblPiNHistorical[[#This Row],[PRO26]]-tblPiNHistorical[[#This Row],[PRO25]])/tblPiNHistorical[[#This Row],[PRO25]], 1), "") )) -> -0.1 | AF4: =IF(AND(tblPiNHistorical[[#This Row],[ASH25]]=0,tblPiNHistorical[[#This Row],[ASH26]]>0),"New26 "&tblPiNHistorical[[#This Row],[ASH26]], IF(AND(tblPiNHistorical[[#This Row],[ASH25]]>0,tblPiNHistorical[[#This Row],[ASH26]]=0),"NoPIN26 "&tblPiNHistorical[[#This Row],[ASH25]], IFERROR(ROUND((tblPiNHistorical[[#This Row],[ASH26]]-tblPiNHistorical[[#This Row],[ASH25]])/tblPiNHistorical[[#This Row],[ASH25]], 1), "") )) -> -0.3
A5: =IFERROR(_xlfn.CONCAT(IF(tblPiNHistorical[[#This Row],[Grupo de población]]="", "",tblPiNHistorical[[#This Row],[Grupo de población]] ), IF(tblPiNHistorical[[#This Row],[Foco de necesidades]]<>"",tblPiNHistorical[[#This Row],[Foco de necesidades]],), _xlfn.IFS(tblPiNHistorical[[#This Row],[Admin 2 Código P]]<>"", tblPiNHistorical[[#This Row],[Admin 2 Código P]], tblPiNHistorical[[#This Row],[Admin 1 Código P]]<>"", tblPiNHistorical[[#This Row],[Admin 1 Código P]])),"") -> VenezolanosVE0201 | B5: Amazonas | C5: VE02 | D5: Autónomo Alto Orinoco | E5: VE0201 | G5: 12687 | H5: Venezolanos | I5: 2537 | J5: 966 | K5: 3303.3057 | L5: 3996.6147 | M5: 1990.6302 | N5: 6344 | O5: =tblPiNAnalysis[[#This Row],[SAMV]] -> 236854 | P5: =tblPiNAnalysis[[#This Row],[NUT]] -> 74440.982 | Q5: =tblPiNAnalysis[[#This Row],[SAL]] -> 544725.64 | R5: =tblPiNAnalysis[[#This Row],[EDU]] -> 276989.54 | S5: =tblPiNAnalysis[[#This Row],[PRO]] -> 355702.25 | T5: =tblPiNAnalysis[[#This Row],[ASH]] -> 201473.87 | U5: =IF(OR(tblPiNHistorical[[#This Row],[SAMV25]]="", tblPiNHistorical[[#This Row],[SAMV25]]=0, tblPiNHistorical[[#This Row],[SAMV26]]="", tblPiNHistorical[[#This Row],[SAMV26]]=0), "", tblPiNHistorical[[#This Row],[SAMV26]]-tblPiNHistorical[[#This Row],[SAMV25]]) -> 234317 | V5: =IF(OR(tblPiNHistorical[[#This Row],[NUT25]]="", tblPiNHistorical[[#This Row],[NUT25]]=0, tblPiNHistorical[[#This Row],[NUT26]]="", tblPiNHistorical[[#This Row],[NUT26]]=0), "", tblPiNHistorical[[#This Row],[NUT26]]-tblPiNHistorical[[#This Row],[NUT25]]) -> 73474.982 | W5: =IF(OR(tblPiNHistorical[[#This Row],[SAL25]]="", tblPiNHistorical[[#This Row],[SAL25]]=0, tblPiNHistorical[[#This Row],[SAL26]]="", tblPiNHistorical[[#This Row],[SAL26]]=0), "", tblPiNHistorical[[#This Row],[SAL26]]-tblPiNHistorical[[#This Row],[SAL25]]) -> 541422.33 | X5: =IF(OR(tblPiNHistorical[[#This Row],[EDU25]]="", tblPiNHistorical[[#This Row],[EDU25]]=0, tblPiNHistorical[[#This Row],[EDU26]]="", tblPiNHistorical[[#This Row],[EDU26]]=0), "", tblPiNHistorical[[#This Row],[EDU26]]-tblPiNHistorical[[#This Row],[EDU25]]) -> 272992.93 | Y5: =IF(OR(tblPiNHistorical[[#This Row],[PRO25]]="", tblPiNHistorical[[#This Row],[PRO25]]=0, tblPiNHistorical[[#This Row],[PRO26]]="", tblPiNHistorical[[#This Row],[PRO26]]=0), "", tblPiNHistorical[[#This Row],[PRO26]]-tblPiNHistorical[[#This Row],[PRO25]]) -> 353711.62 | Z5: =IF(OR(tblPiNHistorical[[#This Row],[ASH25]]="", tblPiNHistorical[[#This Row],[ASH25]]=0, tblPiNHistorical[[#This Row],[ASH26]]="", tblPiNHistorical[[#This Row],[ASH26]]=0), "", tblPiNHistorical[[#This Row],[ASH26]]-tblPiNHistorical[[#This Row],[ASH25]]) -> 195129.87 | AA5: =IF(AND(tblPiNHistorical[[#This Row],[SAMV25]]=0,tblPiNHistorical[[#This Row],[SAMV26]]>0),"New26 "&tblPiNHistorical[[#This Row],[SAMV26]], IF(AND(tblPiNHistorical[[#This Row],[SAMV25]]>0,tblPiNHistorical[[#This Row],[SAMV26]]=0),"NoPIN26 "&tblPiNHistorical[[#This Row],[SAMV25]], IFERROR(ROUND((tblPiNHistorical[[#This Row],[SAMV26]]-tblPiNHistorical[[#This Row],[SAMV25]])/tblPiNHistorical[[#This Row],[SAMV25]], 1), "") )) -> 92.4 | AB5: =IF(AND(tblPiNHistorical[[#This Row],[NUT25]]=0,tblPiNHistorical[[#This Row],[NUT26]]>0),"New26 "&tblPiNHistorical[[#This Row],[NUT26]], IF(AND(tblPiNHistorical[[#This Row],[NUT25]]>0,tblPiNHistorical[[#This Row],[NUT26]]=0),"NoPIN26 "&tblPiNHistorical[[#This Row],[NUT25]], IFERROR(ROUND((tblPiNHistorical[[#This Row],[NUT26]]-tblPiNHistorical[[#This Row],[NUT25]])/tblPiNHistorical[[#This Row],[NUT25]], 1), "") )) -> 76.1 | AC5: =IF(AND(tblPiNHistorical[[#This Row],[SAL25]]=0,tblPiNHistorical[[#This Row],[SAL26]]>0),"New26 "&tblPiNHistorical[[#This Row],[SAL26]], IF(AND(tblPiNHistorical[[#This Row],[SAL25]]>0,tblPiNHistorical[[#This Row],[SAL26]]=0),"NoPIN26 "&tblPiNHistorical[[#This Row],[SAL25]], IFERROR(ROUND((tblPiNHistorical[[#This Row],[SAL26]]-tblPiNHistorical[[#This Row],[SAL25]])/tblPiNHistorical[[#This Row],[SAL25]], 1), "") )) -> 163.9 | AD5: =IF(AND(tblPiNHistorical[[#This Row],[EDU25]]=0,tblPiNHistorical[[#This Row],[EDU26]]>0),"New26 "&tblPiNHistorical[[#This Row],[EDU26]], IF(AND(tblPiNHistorical[[#This Row],[EDU25]]>0,tblPiNHistorical[[#This Row],[EDU26]]=0),"NoPIN26 "&tblPiNHistorical[[#This Row],[EDU25]], IFERROR(ROUND((tblPiNHistorical[[#This Row],[EDU26]]-tblPiNHistorical[[#This Row],[EDU25]])/tblPiNHistorical[[#This Row],[EDU25]], 1), "") )) -> 68.3 | AE5: =IF(AND(tblPiNHistorical[[#This Row],[PRO25]]=0,tblPiNHistorical[[#This Row],[PRO26]]>0),"New26 "&tblPiNHistorical[[#This Row],[PRO26]], IF(AND(tblPiNHistorical[[#This Row],[PRO25]]>0,tblPiNHistorical[[#This Row],[PRO26]]=0),"NoPIN26 "&tblPiNHistorical[[#This Row],[PRO25]], IFERROR(ROUND((tblPiNHistorical[[#This Row],[PRO26]]-tblPiNHistorical[[#This Row],[PRO25]])/tblPiNHistorical[[#This Row],[PRO25]], 1), "") )) -> 177.7 | AF5: =IF(AND(tblPiNHistorical[[#This Row],[ASH25]]=0,tblPiNHistorical[[#This Row],[ASH26]]>0),"New26 "&tblPiNHistorical[[#This Row],[ASH26]], IF(AND(tblPiNHistorical[[#This Row],[ASH25]]>0,tblPiNHistorical[[#This Row],[ASH26]]=0),"NoPIN26 "&tblPiNHistorical[[#This Row],[ASH25]], IFERROR(ROUND((tblPiNHistorical[[#This Row],[ASH26]]-tblPiNHistorical[[#This Row],[ASH25]])/tblPiNHistorical[[#This Row],[ASH25]], 1), "") )) -> 30.8
A6: =IFERROR(_xlfn.CONCAT(IF(tblPiNHistorical[[#This Row],[Grupo de población]]="", "",tblPiNHistorical[[#This Row],[Grupo de población]] ), IF(tblPiNHistorical[[#This Row],[Foco de necesidades]]<>"",tblPiNHistorical[[#This Row],[Foco de necesidades]],), _xlfn.IFS(tblPiNHistorical[[#This Row],[Admin 2 Código P]]<>"", tblPiNHistorical[[#This Row],[Admin 2 Código P]], tblPiNHistorical[[#This Row],[Admin 1 Código P]]<>"", tblPiNHistorical[[#This Row],[Admin 1 Código P]])),"") -> VenezolanosVE0202 | B6: Amazonas | C6: VE02 | D6: Autónomo Atabapo | E6: VE0202 | G6: 9169 | H6: Venezolanos | I6: 1834 | J6: 591 | K6: 2386.8217 | L6: 1247.0257 | M6: 1990.6302 | N6: 4585 | O6: =tblPiNAnalysis[[#This Row],[SAMV]] -> 112537 | P6: =tblPiNAnalysis[[#This Row],[NUT]] -> 42739.616 | Q6: =tblPiNAnalysis[[#This Row],[SAL]] -> 309735.35 | R6: =tblPiNAnalysis[[#This Row],[EDU]] -> 128658.03 | S6: =tblPiNAnalysis[[#This Row],[PRO]] -> 202269.84 | T6: =tblPiNAnalysis[[#This Row],[ASH]] -> 381865.5 | U6: =IF(OR(tblPiNHistorical[[#This Row],[SAMV25]]="", tblPiNHistorical[[#This Row],[SAMV25]]=0, tblPiNHistorical[[#This Row],[SAMV26]]="", tblPiNHistorical[[#This Row],[SAMV26]]=0), "", tblPiNHistorical[[#This Row],[SAMV26]]-tblPiNHistorical[[#This Row],[SAMV25]]) -> 110703 | V6: =IF(OR(tblPiNHistorical[[#This Row],[NUT25]]="", tblPiNHistorical[[#This Row],[NUT25]]=0, tblPiNHistorical[[#This Row],[NUT26]]="", tblPiNHistorical[[#This Row],[NUT26]]=0), "", tblPiNHistorical[[#This Row],[NUT26]]-tblPiNHistorical[[#This Row],[NUT25]]) -> 42148.616 | W6: =IF(OR(tblPiNHistorical[[#This Row],[SAL25]]="", tblPiNHistorical[[#This Row],[SAL25]]=0, tblPiNHistorical[[#This Row],[SAL26]]="", tblPiNHistorical[[#This Row],[SAL26]]=0), "", tblPiNHistorical[[#This Row],[SAL26]]-tblPiNHistorical[[#This Row],[SAL25]]) -> 307348.53 | X6: =IF(OR(tblPiNHistorical[[#This Row],[EDU25]]="", tblPiNHistorical[[#This Row],[EDU25]]=0, tblPiNHistorical[[#This Row],[EDU26]]="", tblPiNHistorical[[#This Row],[EDU26]]=0), "", tblPiNHistorical[[#This Row],[EDU26]]-tblPiNHistorical[[#This Row],[EDU25]]) -> 127411 | Y6: =IF(OR(tblPiNHistorical[[#This Row],[PRO25]]="", tblPiNHistorical[[#This Row],[PRO25]]=0, tblPiNHistorical[[#This Row],[PRO26]]="", tblPiNHistorical[[#This Row],[PRO26]]=0), "", tblPiNHistorical[[#This Row],[PRO26]]-tblPiNHistorical[[#This Row],[PRO25]]) -> 200279.21 | Z6: =IF(OR(tblPiNHistorical[[#This Row],[ASH25]]="", tblPiNHistorical[[#This Row],[ASH25]]=0, tblPiNHistorical[[#This Row],[ASH26]]="", tblPiNHistorical[[#This Row],[ASH26]]=0), "", tblPiNHistorical[[#This Row],[ASH26]]-tblPiNHistorical[[#This Row],[ASH25]]) -> 377280.5 | AA6: =IF(AND(tblPiNHistorical[[#This Row],[SAMV25]]=0,tblPiNHistorical[[#This Row],[SAMV26]]>0),"New26 "&tblPiNHistorical[[#This Row],[SAMV26]], IF(AND(tblPiNHistorical[[#This Row],[SAMV25]]>0,tblPiNHistorical[[#This Row],[SAMV26]]=0),"NoPIN26 "&tblPiNHistorical[[#This Row],[SAMV25]], IFERROR(ROUND((tblPiNHistorical[[#This Row],[SAMV26]]-tblPiNHistorical[[#This Row],[SAMV25]])/tblPiNHistorical[[#This Row],[SAMV25]], 1), "") )) -> 60.4 | AB6: =IF(AND(tblPiNHistorical[[#This Row],[NUT25]]=0,tblPiNHistorical[[#This Row],[NUT26]]>0),"New26 "&tblPiNHistorical[[#This Row],[NUT26]], IF(AND(tblPiNHistorical[[#This Row],[NUT25]]>0,tblPiNHistorical[[#This Row],[NUT26]]=0),"NoPIN26 "&tblPiNHistorical[[#This Row],[NUT25]], IFERROR(ROUND((tblPiNHistorical[[#This Row],[NUT26]]-tblPiNHistorical[[#This Row],[NUT25]])/tblPiNHistorical[[#This Row],[NUT25]], 1), "") )) -> 71.3 | AC6: =IF(AND(tblPiNHistorical[[#This Row],[SAL25]]=0,tblPiNHistorical[[#This Row],[SAL26]]>0),"New26 "&tblPiNHistorical[[#This Row],[SAL26]], IF(AND(tblPiNHistorical[[#This Row],[SAL25]]>0,tblPiNHistorical[[#This Row],[SAL26]]=0),"NoPIN26 "&tblPiNHistorical[[#This Row],[SAL25]], IFERROR(ROUND((tblPiNHistorical[[#This Row],[SAL26]]-tblPiNHistorical[[#This Row],[SAL25]])/tblPiNHistorical[[#This Row],[SAL25]], 1), "") )) -> 128.8 | AD6: =IF(AND(tblPiNHistorical[[#This Row],[EDU25]]=0,tblPiNHistorical[[#This Row],[EDU26]]>0),"New26 "&tblPiNHistorical[[#This Row],[EDU26]], IF(AND(tblPiNHistorical[[#This Row],[EDU25]]>0,tblPiNHistorical[[#This Row],[EDU26]]=0),"NoPIN26 "&tblPiNHistorical[[#This Row],[EDU25]], IFERROR(ROUND((tblPiNHistorical[[#This Row],[EDU26]]-tblPiNHistorical[[#This Row],[EDU25]])/tblPiNHistorical[[#This Row],[EDU25]], 1), "") )) -> 102.2 | AE6: =IF(AND(tblPiNHistorical[[#This Row],[PRO25]]=0,tblPiNHistorical[[#This Row],[PRO26]]>0),"New26 "&tblPiNHistorical[[#This Row],[PRO26]], IF(AND(tblPiNHistorical[[#This Row],[PRO25]]>0,tblPiNHistorical[[#This Row],[PRO26]]=0),"NoPIN26 "&tblPiNHistorical[[#This Row],[PRO25]], IFERROR(ROUND((tblPiNHistorical[[#This Row],[PRO26]]-tblPiNHistorical[[#This Row],[PRO25]])/tblPiNHistorical[[#This Row],[PRO25]], 1), "") )) -> 100.6 | AF6: =IF(AND(tblPiNHistorical[[#This Row],[ASH25]]=0,tblPiNHistorical[[#This Row],[ASH26]]>0),"New26 "&tblPiNHistorical[[#This Row],[ASH26]], IF(AND(tblPiNHistorical[[#This Row],[ASH25]]>0,tblPiNHistorical[[#This Row],[ASH26]]=0),"NoPIN26 "&tblPiNHistorical[[#This Row],[ASH25]], IFERROR(ROUND((tblPiNHistorical[[#This Row],[ASH26]]-tblPiNHistorical[[#This Row],[ASH25]])/tblPiNHistorical[[#This Row],[ASH25]], 1), "") )) -> 82.3
A7: =IFERROR(_xlfn.CONCAT(IF(tblPiNHistorical[[#This Row],[Grupo de población]]="", "",tblPiNHistorical[[#This Row],[Grupo de población]] ), IF(tblPiNHistorical[[#This Row],[Foco de necesidades]]<>"",tblPiNHistorical[[#This Row],[Foco de necesidades]],), _xlfn.IFS(tblPiNHistorical[[#This Row],[Admin 2 Código P]]<>"", tblPiNHistorical[[#This Row],[Admin 2 Código P]], tblPiNHistorical[[#This Row],[Admin 1 Código P]]<>"", tblPiNHistorical[[#This Row],[Admin 1 Código P]])),"") -> VenezolanosVE0203 | B7: Amazonas | C7: VE02 | D7: Autónomo Atures | E7: VE0203 | G7: 104228 | H7: Venezolanos | I7: 20846 | J7: 4752 | K7: 27136.845 | L7: 9983.9079 | M7: 10714.9 | N7: 52114 | O7: =tblPiNAnalysis[[#This Row],[SAMV]] -> 92924 | P7: =tblPiNAnalysis[[#This Row],[NUT]] -> 43618.731 | Q7: =tblPiNAnalysis[[#This Row],[SAL]] -> 371835.72 | R7: =tblPiNAnalysis[[#This Row],[EDU]] -> 106430.13 | S7: =tblPiNAnalysis[[#This Row],[PRO]] -> 202318.84 | T7: =tblPiNAnalysis[[#This Row],[ASH]] -> 0 | U7: =IF(OR(tblPiNHistorical[[#This Row],[SAMV25]]="", tblPiNHistorical[[#This Row],[SAMV25]]=0, tblPiNHistorical[[#This Row],[SAMV26]]="", tblPiNHistorical[[#This Row],[SAMV26]]=0), "", tblPiNHistorical[[#This Row],[SAMV26]]-tblPiNHistorical[[#This Row],[SAMV25]]) -> 72078 | V7: =IF(OR(tblPiNHistorical[[#This Row],[NUT25]]="", tblPiNHistorical[[#This Row],[NUT25]]=0, tblPiNHistorical[[#This Row],[NUT26]]="", tblPiNHistorical[[#This Row],[NUT26]]=0), "", tblPiNHistorical[[#This Row],[NUT26]]-tblPiNHistorical[[#This Row],[NUT25]]) -> 38866.731 | W7: =IF(OR(tblPiNHistorical[[#This Row],[SAL25]]="", tblPiNHistorical[[#This Row],[SAL25]]=0, tblPiNHistorical[[#This Row],[SAL26]]="", tblPiNHistorical[[#This Row],[SAL26]]=0), "", tblPiNHistorical[[#This Row],[SAL26]]-tblPiNHistorical[[#This Row],[SAL25]]) -> 344698.88 | X7: =IF(OR(tblPiNHistorical[[#This Row],[EDU25]]="", tblPiNHistorical[[#This Row],[EDU25]]=0, tblPiNHistorical[[#This Row],[EDU26]]="", tblPiNHistorical[[#This Row],[EDU26]]=0), "", tblPiNHistorical[[#This Row],[EDU26]]-tblPiNHistorical[[#This Row],[EDU25]]) -> 96446.224 | Y7: =IF(OR(tblPiNHistorical[[#This Row],[PRO25]]="", tblPiNHistorical[[#This Row],[PRO25]]=0, tblPiNHistorical[[#This Row],[PRO26]]="", tblPiNHistorical[[#This Row],[PRO26]]=0), "", tblPiNHistorical[[#This Row],[PRO26]]-tblPiNHistorical[[#This Row],[PRO25]]) -> 191603.94 | Z7: =IF(OR(tblPiNHistorical[[#This Row],[ASH25]]="", tblPiNHistorical[[#This Row],[ASH25]]=0, tblPiNHistorical[[#This Row],[ASH26]]="", tblPiNHistorical[[#This Row],[ASH26]]=0), "", tblPiNHistorical[[#This Row],[ASH26]]-tblPiNHistorical[[#This Row],[ASH25]]) | AA7: =IF(AND(tblPiNHistorical[[#This Row],[SAMV25]]=0,tblPiNHistorical[[#This Row],[SAMV26]]>0),"New26 "&tblPiNHistorical[[#This Row],[SAMV26]], IF(AND(tblPiNHistorical[[#This Row],[SAMV25]]>0,tblPiNHistorical[[#This Row],[SAMV26]]=0),"NoPIN26 "&tblPiNHistorical[[#This Row],[SAMV25]], IFERROR(ROUND((tblPiNHistorical[[#This Row],[SAMV26]]-tblPiNHistorical[[#This Row],[SAMV25]])/tblPiNHistorical[[#This Row],[SAMV25]], 1), "") )) -> 3.5 | AB7: =IF(AND(tblPiNHistorical[[#This Row],[NUT25]]=0,tblPiNHistorical[[#This Row],[NUT26]]>0),"New26 "&tblPiNHistorical[[#This Row],[NUT26]], IF(AND(tblPiNHistorical[[#This Row],[NUT25]]>0,tblPiNHistorical[[#This Row],[NUT26]]=0),"NoPIN26 "&tblPiNHistorical[[#This Row],[NUT25]], IFERROR(ROUND((tblPiNHistorical[[#This Row],[NUT26]]-tblPiNHistorical[[#This Row],[NUT25]])/tblPiNHistorical[[#This Row],[NUT25]], 1), "") )) -> 8.2 | AC7: =IF(AND(tblPiNHistorical[[#This Row],[SAL25]]=0,tblPiNHistorical[[#This Row],[SAL26]]>0),"New26 "&tblPiNHistorical[[#This Row],[SAL26]], IF(AND(tblPiNHistorical[[#This Row],[SAL25]]>0,tblPiNHistorical[[#This Row],[SAL26]]=0),"NoPIN26 "&tblPiNHistorical[[#This Row],[SAL25]], IFERROR(ROUND((tblPiNHistorical[[#This Row],[SAL26]]-tblPiNHistorical[[#This Row],[SAL25]])/tblPiNHistorical[[#This Row],[SAL25]], 1), "") )) -> 12.7 | AD7: =IF(AND(tblPiNHistorical[[#This Row],[EDU25]]=0,tblPiNHistorical[[#This Row],[EDU26]]>0),"New26 "&tblPiNHistorical[[#This Row],[EDU26]], IF(AND(tblPiNHistorical[[#This Row],[EDU25]]>0,tblPiNHistorical[[#This Row],[EDU26]]=0),"NoPIN26 "&tblPiNHistorical[[#This Row],[EDU25]], IFERROR(ROUND((tblPiNHistorical[[#This Row],[EDU26]]-tblPiNHistorical[[#This Row],[EDU25]])/tblPiNHistorical[[#This Row],[EDU25]], 1), "") )) -> 9.7 | AE7: =IF(AND(tblPiNHistorical[[#This Row],[PRO25]]=0,tblPiNHistorical[[#This Row],[PRO26]]>0),"New26 "&tblPiNHistorical[[#This Row],[PRO26]], IF(AND(tblPiNHistorical[[#This Row],[PRO25]]>0,tblPiNHistorical[[#This Row],[PRO26]]=0),"NoPIN26 "&tblPiNHistorical[[#This Row],[PRO25]], IFERROR(ROUND((tblPiNHistorical[[#This Row],[PRO26]]-tblPiNHistorical[[#This Row],[PRO25]])/tblPiNHistorical[[#This Row],[PRO25]], 1), "") )) -> 17.9 | AF7: =IF(AND(tblPiNHistorical[[#This Row],[ASH25]]=0,tblPiNHistorical[[#This Row],[ASH26]]>0),"New26 "&tblPiNHistorical[[#This Row],[ASH26]], IF(AND(tblPiNHistorical[[#This Row],[ASH25]]>0,tblPiNHistorical[[#This Row],[ASH26]]=0),"NoPIN26 "&tblPiNHistorical[[#This Row],[ASH25]], IFERROR(ROUND((tblPiNHistorical[[#This Row],[ASH26]]-tblPiNHistorical[[#This Row],[ASH25]])/tblPiNHistorical[[#This Row],[ASH25]], 1), "") )) -> NoPIN26 52114
A8: =IFERROR(_xlfn.CONCAT(IF(tblPiNHistorical[[#This Row],[Grupo de población]]="", "",tblPiNHistorical[[#This Row],[Grupo de población]] ), IF(tblPiNHistorical[[#This Row],[Foco de necesidades]]<>"",tblPiNHistorical[[#This Row],[Foco de necesidades]],), _xlfn.IFS(tblPiNHistorical[[#This Row],[Admin 2 Código P]]<>"", tblPiNHistorical[[#This Row],[Admin 2 Código P]], tblPiNHistorical[[#This Row],[Admin 1 Código P]]<>"", tblPiNHistorical[[#This Row],[Admin 1 Código P]])),"") -> VenezolanosVE0204 | B8: Amazonas | C8: VE02 | D8: Autónomo Autana | E8: VE0204 | G8: 8352 | H8: Venezolanos | I8: 1670 | J8: 589 | K8: 2174.7919 | L8: 984.59197 | M8: 4082.8764 | N8: 4176 | O8: =tblPiNAnalysis[[#This Row],[SAMV]] -> 146423 | P8: =tblPiNAnalysis[[#This Row],[NUT]] -> 55309.996 | Q8: =tblPiNAnalysis[[#This Row],[SAL]] -> 263785.86 | R8: =tblPiNAnalysis[[#This Row],[EDU]] -> 84391.478 | S8: =tblPiNAnalysis[[#This Row],[PRO]] -> 173168.1 | T8: =tblPiNAnalysis[[#This Row],[ASH]] -> 325215.45 | U8: =IF(OR(tblPiNHistorical[[#This Row],[SAMV25]]="", tblPiNHistorical[[#This Row],[SAMV25]]=0, tblPiNHistorical[[#This Row],[SAMV26]]="", tblPiNHistorical[[#This Row],[SAMV26]]=0), "", tblPiNHistorical[[#This Row],[SAMV26]]-tblPiNHistorical[[#This Row],[SAMV25]]) -> 144753 | V8: =IF(OR(tblPiNHistorical[[#This Row],[NUT25]]="", tblPiNHistorical[[#This Row],[NUT25]]=0, tblPiNHistorical[[#This Row],[NUT26]]="", tblPiNHistorical[[#This Row],[NUT26]]=0), "", tblPiNHistorical[[#This Row],[NUT26]]-tblPiNHistorical[[#This Row],[NUT25]]) -> 54720.996 | W8: =IF(OR(tblPiNHistorical[[#This Row],[SAL25]]="", tblPiNHistorical[[#This Row],[SAL25]]=0, tblPiNHistorical[[#This Row],[SAL26]]="", tblPiNHistorical[[#This Row],[SAL26]]=0), "", tblPiNHistorical[[#This Row],[SAL26]]-tblPiNHistorical[[#This Row],[SAL25]]) -> 261611.07 | X8: =IF(OR(tblPiNHistorical[[#This Row],[EDU25]]="", tblPiNHistorical[[#This Row],[EDU25]]=0, tblPiNHistorical[[#This Row],[EDU26]]="", tblPiNHistorical[[#This Row],[EDU26]]=0), "", tblPiNHistorical[[#This Row],[EDU26]]-tblPiNHistorical[[#This Row],[EDU25]]) -> 83406.886 | Y8: =IF(OR(tblPiNHistorical[[#This Row],[PRO25]]="", tblPiNHistorical[[#This Row],[PRO25]]=0, tblPiNHistorical[[#This Row],[PRO26]]="", tblPiNHistorical[[#This Row],[PRO26]]=0), "", tblPiNHistorical[[#This Row],[PRO26]]-tblPiNHistorical[[#This Row],[PRO25]]) -> 169085.23 | Z8: =IF(OR(tblPiNHistorical[[#This Row],[ASH25]]="", tblPiNHistorical[[#This Row],[ASH25]]=0, tblPiNHistorical[[#This Row],[ASH26]]="", tblPiNHistorical[[#This Row],[ASH26]]=0), "", tblPiNHistorical[[#This Row],[ASH26]]-tblPiNHistorical[[#This Row],[ASH25]]) -> 321039.45 | AA8: =IF(AND(tblPiNHistorical[[#This Row],[SAMV25]]=0,tblPiNHistorical[[#This Row],[SAMV26]]>0),"New26 "&tblPiNHistorical[[#This Row],[SAMV26]], IF(AND(tblPiNHistorical[[#This Row],[SAMV25]]>0,tblPiNHistorical[[#This Row],[SAMV26]]=0),"NoPIN26 "&tblPiNHistorical[[#This Row],[SAMV25]], IFERROR(ROUND((tblPiNHistorical[[#This Row],[SAMV26]]-tblPiNHistorical[[#This Row],[SAMV25]])/tblPiNHistorical[[#This Row],[SAMV25]], 1), "") )) -> 86.7 | AB8: =IF(AND(tblPiNHistorical[[#This Row],[NUT25]]=0,tblPiNHistorical[[#This Row],[NUT26]]>0),"New26 "&tblPiNHistorical[[#This Row],[NUT26]], IF(AND(tblPiNHistorical[[#This Row],[NUT25]]>0,tblPiNHistorical[[#This Row],[NUT26]]=0),"NoPIN26 "&tblPiNHistorical[[#This Row],[NUT25]], IFERROR(ROUND((tblPiNHistorical[[#This Row],[NUT26]]-tblPiNHistorical[[#This Row],[NUT25]])/tblPiNHistorical[[#This Row],[NUT25]], 1), "") )) -> 92.9 | AC8: =IF(AND(tblPiNHistorical[[#This Row],[SAL25]]=0,tblPiNHistorical[[#This Row],[SAL26]]>0),"New26 "&tblPiNHistorical[[#This Row],[SAL26]], IF(AND(tblPiNHistorical[[#This Row],[SAL25]]>0,tblPiNHistorical[[#This Row],[SAL26]]=0),"NoPIN26 "&tblPiNHistorical[[#This Row],[SAL25]], IFERROR(ROUND((tblPiNHistorical[[#This Row],[SAL26]]-tblPiNHistorical[[#This Row],[SAL25]])/tblPiNHistorical[[#This Row],[SAL25]], 1), "") )) -> 120.3 | AD8: =IF(AND(tblPiNHistorical[[#This Row],[EDU25]]=0,tblPiNHistorical[[#This Row],[EDU26]]>0),"New26 "&tblPiNHistorical[[#This Row],[EDU26]], IF(AND(tblPiNHistorical[[#This Row],[EDU25]]>0,tblPiNHistorical[[#This Row],[EDU26]]=0),"NoPIN26 "&tblPiNHistorical[[#This Row],[EDU25]], IFERROR(ROUND((tblPiNHistorical[[#This Row],[EDU26]]-tblPiNHistorical[[#This Row],[EDU25]])/tblPiNHistorical[[#This Row],[EDU25]], 1), "") )) -> 84.7 | AE8: =IF(AND(tblPiNHistorical[[#This Row],[PRO25]]=0,tblPiNHistorical[[#This Row],[PRO26]]>0),"New26 "&tblPiNHistorical[[#This Row],[PRO26]], IF(AND(tblPiNHistorical[[#This Row],[PRO25]]>0,tblPiNHistorical[[#This Row],[PRO26]]=0),"NoPIN26 "&tblPiNHistorical[[#This Row],[PRO25]], IFERROR(ROUND((tblPiNHistorical[[#This Row],[PRO26]]-tblPiNHistorical[[#This Row],[PRO25]])/tblPiNHistorical[[#This Row],[PRO25]], 1), "") )) -> 41.4 | AF8: =IF(AND(tblPiNHistorical[[#This Row],[ASH25]]=0,tblPiNHistorical[[#This Row],[ASH26]]>0),"New26 "&tblPiNHistorical[[#This Row],[ASH26]], IF(AND(tblPiNHistorical[[#This Row],[ASH25]]>0,tblPiNHistorical[[#This Row],[ASH26]]=0),"NoPIN26 "&tblPiNHistorical[[#This Row],[ASH25]], IFERROR(ROUND((tblPiNHistorical[[#This Row],[ASH26]]-tblPiNHistorical[[#This Row],[ASH25]])/tblPiNHistorical[[#This Row],[ASH25]], 1), "") )) -> 76.9
A9: =IFERROR(_xlfn.CONCAT(IF(tblPiNHistorical[[#This Row],[Grupo de población]]="", "",tblPiNHistorical[[#This Row],[Grupo de población]] ), IF(tblPiNHistorical[[#This Row],[Foco de necesidades]]<>"",tblPiNHistorical[[#This Row],[Foco de necesidades]],), _xlfn.IFS(tblPiNHistorical[[#This Row],[Admin 2 Código P]]<>"", tblPiNHistorical[[#This Row],[Admin 2 Código P]], tblPiNHistorical[[#This Row],[Admin 1 Código P]]<>"", tblPiNHistorical[[#This Row],[Admin 1 Código P]])),"") -> VenezolanosVE0205 | B9: Amazonas | C9: VE02 | D9: Autónomo Maroa | E9: VE0205 | G9: 2029 | H9: Venezolanos | I9: 406 | J9: 126 | K9: 528.09296 | L9: 305.44782 | M9: 991.87694 | N9: 1217 | O9: =tblPiNAnalysis[[#This Row],[SAMV]] -> 95637 | P9: =tblPiNAnalysis[[#This Row],[NUT]] -> 32923.263 | Q9: =tblPiNAnalysis[[#This Row],[SAL]] -> 224074.23 | R9: =tblPiNAnalysis[[#This Row],[EDU]] -> 89542.975 | S9: =tblPiNAnalysis[[#This Row],[PRO]] -> 146863.51 | T9: =tblPiNAnalysis[[#This Row],[ASH]] -> 276255.9 | U9: =IF(OR(tblPiNHistorical[[#This Row],[SAMV25]]="", tblPiNHistorical[[#This Row],[SAMV25]]=0, tblPiNHistorical[[#This Row],[SAMV26]]="", tblPiNHistorical[[#This Row],[SAMV26]]=0), "", tblPiNHistorical[[#This Row],[SAMV26]]-tblPiNHistorical[[#This Row],[SAMV25]]) -> 95231 | V9: =IF(OR(tblPiNHistorical[[#This Row],[NUT25]]="", tblPiNHistorical[[#This Row],[NUT25]]=0, tblPiNHistorical[[#This Row],[NUT26]]="", tblPiNHistorical[[#This Row],[NUT26]]=0), "", tblPiNHistorical[[#This Row],[NUT26]]-tblPiNHistorical[[#This Row],[NUT25]]) -> 32797.263 | W9: =IF(OR(tblPiNHistorical[[#This Row],[SAL25]]="", tblPiNHistorical[[#This Row],[SAL25]]=0, tblPiNHistorical[[#This Row],[SAL26]]="", tblPiNHistorical[[#This Row],[SAL26]]=0), "", tblPiNHistorical[[#This Row],[SAL26]]-tblPiNHistorical[[#This Row],[SAL25]]) -> 223546.14 | X9: =IF(OR(tblPiNHistorical[[#This Row],[EDU25]]="", tblPiNHistorical[[#This Row],[EDU25]]=0, tblPiNHistorical[[#This Row],[EDU26]]="", tblPiNHistorical[[#This Row],[EDU26]]=0), "", tblPiNHistorical[[#This Row],[EDU26]]-tblPiNHistorical[[#This Row],[EDU25]]) -> 89237.527 | Y9: =IF(OR(tblPiNHistorical[[#This Row],[PRO25]]="", tblPiNHistorical[[#This Row],[PRO25]]=0, tblPiNHistorical[[#This Row],[PRO26]]="", tblPiNHistorical[[#This Row],[PRO26]]=0), "", tblPiNHistorical[[#This Row],[PRO26]]-tblPiNHistorical[[#This Row],[PRO25]]) -> 145871.63 | Z9: =IF(OR(tblPiNHistorical[[#This Row],[ASH25]]="", tblPiNHistorical[[#This Row],[ASH25]]=0, tblPiNHistorical[[#This Row],[ASH26]]="", tblPiNHistorical[[#This Row],[ASH26]]=0), "", tblPiNHistorical[[#This Row],[ASH26]]-tblPiNHistorical[[#This Row],[ASH25]]) -> 275038.9 | AA9: =IF(AND(tblPiNHistorical[[#This Row],[SAMV25]]=0,tblPiNHistorical[[#This Row],[SAMV26]]>0),"New26 "&tblPiNHistorical[[#This Row],[SAMV26]], IF(AND(tblPiNHistorical[[#This Row],[SAMV25]]>0,tblPiNHistorical[[#This Row],[SAMV26]]=0),"NoPIN26 "&tblPiNHistorical[[#This Row],[SAMV25]], IFERROR(ROUND((tblPiNHistorical[[#This Row],[SAMV26]]-tblPiNHistorical[[#This Row],[SAMV25]])/tblPiNHistorical[[#This Row],[SAMV25]], 1), "") )) -> 234.6 | AB9: =IF(AND(tblPiNHistorical[[#This Row],[NUT25]]=0,tblPiNHistorical[[#This Row],[NUT26]]>0),"New26 "&tblPiNHistorical[[#This Row],[NUT26]], IF(AND(tblPiNHistorical[[#This Row],[NUT25]]>0,tblPiNHistorical[[#This Row],[NUT26]]=0),"NoPIN26 "&tblPiNHistorical[[#This Row],[NUT25]], IFERROR(ROUND((tblPiNHistorical[[#This Row],[NUT26]]-tblPiNHistorical[[#This Row],[NUT25]])/tblPiNHistorical[[#This Row],[NUT25]], 1), "") )) -> 260.3 | AC9: =IF(AND(tblPiNHistorical[[#This Row],[SAL25]]=0,tblPiNHistorical[[#This Row],[SAL26]]>0),"New26 "&tblPiNHistorical[[#This Row],[SAL26]], IF(AND(tblPiNHistorical[[#This Row],[SAL25]]>0,tblPiNHistorical[[#This Row],[SAL26]]=0),"NoPIN26 "&tblPiNHistorical[[#This Row],[SAL25]], IFERROR(ROUND((tblPiNHistorical[[#This Row],[SAL26]]-tblPiNHistorical[[#This Row],[SAL25]])/tblPiNHistorical[[#This Row],[SAL25]], 1), "") )) -> 423.3 | AD9: =IF(AND(tblPiNHistorical[[#This Row],[EDU25]]=0,tblPiNHistorical[[#This Row],[EDU26]]>0),"New26 "&tblPiNHistorical[[#This Row],[EDU26]], IF(AND(tblPiNHistorical[[#This Row],[EDU25]]>0,tblPiNHistorical[[#This Row],[EDU26]]=0),"NoPIN26 "&tblPiNHistorical[[#This Row],[EDU25]], IFERROR(ROUND((tblPiNHistorical[[#This Row],[EDU26]]-tblPiNHistorical[[#This Row],[EDU25]])/tblPiNHistorical[[#This Row],[EDU25]], 1), "") )) -> 292.2 | AE9: =IF(AND(tblPiNHistorical[[#This Row],[PRO25]]=0,tblPiNHistorical[[#This Row],[PRO26]]>0),"New26 "&tblPiNHistorical[[#This Row],[PRO26]], IF(AND(tblPiNHistorical[[#This Row],[PRO25]]>0,tblPiNHistorical[[#This Row],[PRO26]]=0),"NoPIN26 "&tblPiNHistorical[[#This Row],[PRO25]], IFERROR(ROUND((tblPiNHistorical[[#This Row],[PRO26]]-tblPiNHistorical[[#This Row],[PRO25]])/tblPiNHistorical[[#This Row],[PRO25]], 1), "") )) -> 147.1 | AF9: =IF(AND(tblPiNHistorical[[#This Row],[ASH25]]=0,tblPiNHistorical[[#This Row],[ASH26]]>0),"New26 "&tblPiNHistorical[[#This Row],[ASH26]], IF(AND(tblPiNHistorical[[#This Row],[ASH25]]>0,tblPiNHistorical[[#This Row],[ASH26]]=0),"NoPIN26 "&tblPiNHistorical[[#This Row],[ASH25]], IFERROR(ROUND((tblPiNHistorical[[#This Row],[ASH26]]-tblPiNHistorical[[#This Row],[ASH25]])/tblPiNHistorical[[#This Row],[ASH25]], 1), "") )) -> 226
A10: =IFERROR(_xlfn.CONCAT(IF(tblPiNHistorical[[#This Row],[Grupo de población]]="", "",tblPiNHistorical[[#This Row],[Grupo de población]] ), IF(tblPiNHistorical[[#This Row],[Foco de necesidades]]<>"",tblPiNHistorical[[#This Row],[Foco de necesidades]],), _xlfn.IFS(tblPiNHistorical[[#This Row],[Admin 2 Código P]]<>"", tblPiNHistorical[[#This Row],[Admin 2 Código P]], tblPiNHistorical[[#This Row],[Admin 1 Código P]]<>"", tblPiNHistorical[[#This Row],[Admin 1 Código P]])),"") -> VenezolanosVE0206 | B10: Amazonas | C10: VE02 | D10: Autónomo Manapiare | E10: VE0206 | G10: 7715 | H10: Venezolanos | I10: 1543 | J10: 511 | K10: 2008.3385 | L10: 2095.883 | M10: 6171.5108 | N10: 3858 | O10: =tblPiNAnalysis[[#This Row],[SAMV]] -> 102118 | P10: =tblPiNAnalysis[[#This Row],[NUT]] -> 15306.588 | Q10: =tblPiNAnalysis[[#This Row],[SAL]] -> 157292.37 | R10: =tblPiNAnalysis[[#This Row],[EDU]] -> 47018.272 | S10: =tblPiNAnalysis[[#This Row],[PRO]] -> 102856.01 | T10: =tblPiNAnalysis[[#This Row],[ASH]] -> 258562.8 | U10: =IF(OR(tblPiNHistorical[[#This Row],[SAMV25]]="", tblPiNHistorical[[#This Row],[SAMV25]]=0, tblPiNHistorical[[#This Row],[SAMV26]]="", tblPiNHistorical[[#This Row],[SAMV26]]=0), "", tblPiNHistorical[[#This Row],[SAMV26]]-tblPiNHistorical[[#This Row],[SAMV25]]) -> 100575 | V10: =IF(OR(tblPiNHistorical[[#This Row],[NUT25]]="", tblPiNHistorical[[#This Row],[NUT25]]=0, tblPiNHistorical[[#This Row],[NUT26]]="", tblPiNHistorical[[#This Row],[NUT26]]=0), "", tblPiNHistorical[[#This Row],[NUT26]]-tblPiNHistorical[[#This Row],[NUT25]]) -> 14795.588 | W10: =IF(OR(tblPiNHistorical[[#This Row],[SAL25]]="", tblPiNHistorical[[#This Row],[SAL25]]=0, tblPiNHistorical[[#This Row],[SAL26]]="", tblPiNHistorical[[#This Row],[SAL26]]=0), "", tblPiNHistorical[[#This Row],[SAL26]]-tblPiNHistorical[[#This Row],[SAL25]]) -> 155284.03 | X10: =IF(OR(tblPiNHistorical[[#This Row],[EDU25]]="", tblPiNHistorical[[#This Row],[EDU25]]=0, tblPiNHistorical[[#This Row],[EDU26]]="", tblPiNHistorical[[#This Row],[EDU26]]=0), "", tblPiNHistorical[[#This Row],[EDU26]]-tblPiNHistorical[[#This Row],[EDU25]]) -> 44922.389 | Y10: =IF(OR(tblPiNHistorical[[#This Row],[PRO25]]="", tblPiNHistorical[[#This Row],[PRO25]]=0, tblPiNHistorical[[#This Row],[PRO26]]="", tblPiNHistorical[[#This Row],[PRO26]]=0), "", tblPiNHistorical[[#This Row],[PRO26]]-tblPiNHistorical[[#This Row],[PRO25]]) -> 96684.504 | Z10: =IF(OR(tblPiNHistorical[[#This Row],[ASH25]]="", tblPiNHistorical[[#This Row],[ASH25]]=0, tblPiNHistorical[[#This Row],[ASH26]]="", tblPiNHistorical[[#This Row],[ASH26]]=0), "", tblPiNHistorical[[#This Row],[ASH26]]-tblPiNHistorical[[#This Row],[ASH25]]) -> 254704.8 | AA10: =IF(AND(tblPiNHistorical[[#This Row],[SAMV25]]=0,tblPiNHistorical[[#This Row],[SAMV26]]>0),"New26 "&tblPiNHistorical[[#This Row],[SAMV26]], IF(AND(tblPiNHistorical[[#This Row],[SAMV25]]>0,tblPiNHistorical[[#This Row],[SAMV26]]=0),"NoPIN26 "&tblPiNHistorical[[#This Row],[SAMV25]], IFERROR(ROUND((tblPiNHistorical[[#This Row],[SAMV26]]-tblPiNHistorical[[#This Row],[SAMV25]])/tblPiNHistorical[[#This Row],[SAMV25]], 1), "") )) -> 65.2 | AB10: =IF(AND(tblPiNHistorical[[#This Row],[NUT25]]=0,tblPiNHistorical[[#This Row],[NUT26]]>0),"New26 "&tblPiNHistorical[[#This Row],[NUT26]], IF(AND(tblPiNHistorical[[#This Row],[NUT25]]>0,tblPiNHistorical[[#This Row],[NUT26]]=0),"NoPIN26 "&tblPiNHistorical[[#This Row],[NUT25]], IFERROR(ROUND((tblPiNHistorical[[#This Row],[NUT26]]-tblPiNHistorical[[#This Row],[NUT25]])/tblPiNHistorical[[#This Row],[NUT25]], 1), "") )) -> 29 | AC10: =IF(AND(tblPiNHistorical[[#This Row],[SAL25]]=0,tblPiNHistorical[[#This Row],[SAL26]]>0),"New26 "&tblPiNHistorical[[#This Row],[SAL26]], IF(AND(tblPiNHistorical[[#This Row],[SAL25]]>0,tblPiNHistorical[[#This Row],[SAL26]]=0),"NoPIN26 "&tblPiNHistorical[[#This Row],[SAL25]], IFERROR(ROUND((tblPiNHistorical[[#This Row],[SAL26]]-tblPiNHistorical[[#This Row],[SAL25]])/tblPiNHistorical[[#This Row],[SAL25]], 1), "") )) -> 77.3 | AD10: =IF(AND(tblPiNHistorical[[#This Row],[EDU25]]=0,tblPiNHistorical[[#This Row],[EDU26]]>0),"New26 "&tblPiNHistorical[[#This Row],[EDU26]], IF(AND(tblPiNHistorical[[#This Row],[EDU25]]>0,tblPiNHistorical[[#This Row],[EDU26]]=0),"NoPIN26 "&tblPiNHistorical[[#This Row],[EDU25]], IFERROR(ROUND((tblPiNHistorical[[#This Row],[EDU26]]-tblPiNHistorical[[#This Row],[EDU25]])/tblPiNHistorical[[#This Row],[EDU25]], 1), "") )) -> 21.4 | AE10: =IF(AND(tblPiNHistorical[[#This Row],[PRO25]]=0,tblPiNHistorical[[#This Row],[PRO26]]>0),"New26 "&tblPiNHistorical[[#This Row],[PRO26]], IF(AND(tblPiNHistorical[[#This Row],[PRO25]]>0,tblPiNHistorical[[#This Row],[PRO26]]=0),"NoPIN26 "&tblPiNHistorical[[#This Row],[PRO25]], IFERROR(ROUND((tblPiNHistorical[[#This Row],[PRO26]]-tblPiNHistorical[[#This Row],[PRO25]])/tblPiNHistorical[[#This Row],[PRO25]], 1), "") )) -> 15.7 | AF10: =IF(AND(tblPiNHistorical[[#This Row],[ASH25]]=0,tblPiNHistorical[[#This Row],[ASH26]]>0),"New26 "&tblPiNHistorical[[#This Row],[ASH26]], IF(AND(tblPiNHistorical[[#This Row],[ASH25]]>0,tblPiNHistorical[[#This Row],[ASH26]]=0),"NoPIN26 "&tblPiNHistorical[[#This Row],[ASH25]], IFERROR(ROUND((tblPiNHistorical[[#This Row],[ASH26]]-tblPiNHistorical[[#This Row],[ASH25]])/tblPiNHistorical[[#This Row],[ASH25]], 1), "") )) -> 66
A11: =IFERROR(_xlfn.CONCAT(IF(tblPiNHistorical[[#This Row],[Grupo de población]]="", "",tblPiNHistorical[[#This Row],[Grupo de población]] ), IF(tblPiNHistorical[[#This Row],[Foco de necesidades]]<>"",tblPiNHistorical[[#This Row],[Foco de necesidades]],), _xlfn.IFS(tblPiNHistorical[[#This Row],[Admin 2 Código P]]<>"", tblPiNHistorical[[#This Row],[Admin 2 Código P]], tblPiNHistorical[[#This Row],[Admin 1 Código P]]<>"", tblPiNHistorical[[#This Row],[Admin 1 Código P]])),"") -> VenezolanosVE0207 | B11: Amazonas | C11: VE02 | D11: Autónomo Río Negro | E11: VE0207 | G11: 2300 | H11: Venezolanos | I11: 460 | J11: 152 | K11: 598.43931 | L11: 402.21319 | M11: 1124.3553 | N11: 1380 | O11: =tblPiNAnalysis[[#This Row],[SAMV]] -> 112245 | P11: =tblPiNAnalysis[[#This Row],[NUT]] -> 12970.937 | Q11: =tblPiNAnalysis[[#This Row],[SAL]] -> 127753.65 | R11: =tblPiNAnalysis[[#This Row],[EDU]] -> 44158.5 | S11: =tblPiNAnalysis[[#This Row],[PRO]] -> 83866.728 | T11: =tblPiNAnalysis[[#This Row],[ASH]] -> 210006 | U11: =IF(OR(tblPiNHistorical[[#This Row],[SAMV25]]="", tblPiNHistorical[[#This Row],[SAMV25]]=0, tblPiNHistorical[[#This Row],[SAMV26]]="", tblPiNHistorical[[#This Row],[SAMV26]]=0), "", tblPiNHistorical[[#This Row],[SAMV26]]-tblPiNHistorical[[#This Row],[SAMV25]]) -> 111785 | V11: =IF(OR(tblPiNHistorical[[#This Row],[NUT25]]="", tblPiNHistorical[[#This Row],[NUT25]]=0, tblPiNHistorical[[#This Row],[NUT26]]="", tblPiNHistorical[[#This Row],[NUT26]]=0), "", tblPiNHistorical[[#This Row],[NUT26]]-tblPiNHistorical[[#This Row],[NUT25]]) -> 12818.937 | W11: =IF(OR(tblPiNHistorical[[#This Row],[SAL25]]="", tblPiNHistorical[[#This Row],[SAL25]]=0, tblPiNHistorical[[#This Row],[SAL26]]="", tblPiNHistorical[[#This Row],[SAL26]]=0), "", tblPiNHistorical[[#This Row],[SAL26]]-tblPiNHistorical[[#This Row],[SAL25]]) -> 127155.21 | X11: =IF(OR(tblPiNHistorical[[#This Row],[EDU25]]="", tblPiNHistorical[[#This Row],[EDU25]]=0, tblPiNHistorical[[#This Row],[EDU26]]="", tblPiNHistorical[[#This Row],[EDU26]]=0), "", tblPiNHistorical[[#This Row],[EDU26]]-tblPiNHistorical[[#This Row],[EDU25]]) -> 43756.287 | Y11: =IF(OR(tblPiNHistorical[[#This Row],[PRO25]]="", tblPiNHistorical[[#This Row],[PRO25]]=0, tblPiNHistorical[[#This Row],[PRO26]]="", tblPiNHistorical[[#This Row],[PRO26]]=0), "", tblPiNHistorical[[#This Row],[PRO26]]-tblPiNHistorical[[#This Row],[PRO25]]) -> 82742.372 | Z11: =IF(OR(tblPiNHistorical[[#This Row],[ASH25]]="", tblPiNHistorical[[#This Row],[ASH25]]=0, tblPiNHistorical[[#This Row],[ASH26]]="", tblPiNHistorical[[#This Row],[ASH26]]=0), "", tblPiNHistorical[[#This Row],[ASH26]]-tblPiNHistorical[[#This Row],[ASH25]]) -> 208626 | AA11: =IF(AND(tblPiNHistorical[[#This Row],[SAMV25]]=0,tblPiNHistorical[[#This Row],[SAMV26]]>0),"New26 "&tblPiNHistorical[[#This Row],[SAMV26]], IF(AND(tblPiNHistorical[[#This Row],[SAMV25]]>0,tblPiNHistorical[[#This Row],[SAMV26]]=0),"NoPIN26 "&tblPiNHistorical[[#This Row],[SAMV25]], IFERROR(ROUND((tblPiNHistorical[[#This Row],[SAMV26]]-tblPiNHistorical[[#This Row],[SAMV25]])/tblPiNHistorical[[#This Row],[SAMV25]], 1), "") )) -> 243 | AB11: =IF(AND(tblPiNHistorical[[#This Row],[NUT25]]=0,tblPiNHistorical[[#This Row],[NUT26]]>0),"New26 "&tblPiNHistorical[[#This Row],[NUT26]], IF(AND(tblPiNHistorical[[#This Row],[NUT25]]>0,tblPiNHistorical[[#This Row],[NUT26]]=0),"NoPIN26 "&tblPiNHistorical[[#This Row],[NUT25]], IFERROR(ROUND((tblPiNHistorical[[#This Row],[NUT26]]-tblPiNHistorical[[#This Row],[NUT25]])/tblPiNHistorical[[#This Row],[NUT25]], 1), "") )) -> 84.3 | AC11: =IF(AND(tblPiNHistorical[[#This Row],[SAL25]]=0,tblPiNHistorical[[#This Row],[SAL26]]>0),"New26 "&tblPiNHistorical[[#This Row],[SAL26]], IF(AND(tblPiNHistorical[[#This Row],[SAL25]]>0,tblPiNHistorical[[#This Row],[SAL26]]=0),"NoPIN26 "&tblPiNHistorical[[#This Row],[SAL25]], IFERROR(ROUND((tblPiNHistorical[[#This Row],[SAL26]]-tblPiNHistorical[[#This Row],[SAL25]])/tblPiNHistorical[[#This Row],[SAL25]], 1), "") )) -> 212.5 | AD11: =IF(AND(tblPiNHistorical[[#This Row],[EDU25]]=0,tblPiNHistorical[[#This Row],[EDU26]]>0),"New26 "&tblPiNHistorical[[#This Row],[EDU26]], IF(AND(tblPiNHistorical[[#This Row],[EDU25]]>0,tblPiNHistorical[[#This Row],[EDU26]]=0),"NoPIN26 "&tblPiNHistorical[[#This Row],[EDU25]], IFERROR(ROUND((tblPiNHistorical[[#This Row],[EDU26]]-tblPiNHistorical[[#This Row],[EDU25]])/tblPiNHistorical[[#This Row],[EDU25]], 1), "") )) -> 108.8 | AE11: =IF(AND(tblPiNHistorical[[#This Row],[PRO25]]=0,tblPiNHistorical[[#This Row],[PRO26]]>0),"New26 "&tblPiNHistorical[[#This Row],[PRO26]], IF(AND(tblPiNHistorical[[#This Row],[PRO25]]>0,tblPiNHistorical[[#This Row],[PRO26]]=0),"NoPIN26 "&tblPiNHistorical[[#This Row],[PRO25]], IFERROR(ROUND((tblPiNHistorical[[#This Row],[PRO26]]-tblPiNHistorical[[#This Row],[PRO25]])/tblPiNHistorical[[#This Row],[PRO25]], 1), "") )) -> 73.6 | AF11: =IF(AND(tblPiNHistorical[[#This Row],[ASH25]]=0,tblPiNHistorical[[#This Row],[ASH26]]>0),"New26 "&tblPiNHistorical[[#This Row],[ASH26]], IF(AND(tblPiNHistorical[[#This Row],[ASH25]]>0,tblPiNHistorical[[#This Row],[ASH26]]=0),"NoPIN26 "&tblPiNHistorical[[#This Row],[ASH25]], IFERROR(ROUND((tblPiNHistorical[[#This Row],[ASH26]]-tblPiNHistorical[[#This Row],[ASH25]])/tblPiNHistorical[[#This Row],[ASH25]], 1), "") )) -> 151.2
A12: =IFERROR(_xlfn.CONCAT(IF(tblPiNHistorical[[#This Row],[Grupo de población]]="", "",tblPiNHistorical[[#This Row],[Grupo de población]] ), IF(tblPiNHistorical[[#This Row],[Foco de necesidades]]<>"",tblPiNHistorical[[#This Row],[Foco de necesidades]],), _xlfn.IFS(tblPiNHistorical[[#This Row],[Admin 2 Código P]]<>"", tblPiNHistorical[[#This Row],[Admin 2 Código P]], tblPiNHistorical[[#This Row],[Admin 1 Código P]]<>"", tblPiNHistorical[[#This Row],[Admin 1 Código P]])),"") -> VenezolanosVE0301 | B12: Anzoátegui | C12: VE03 | D12: Anaco | E12: VE0301 | G12: 122634 | H12: Venezolanos | I12: 21611 | J12: 5177 | K12: 31928.322 | L12: 12841.341 | M12: 13695.896 | N12: 24527 | O12: =tblPiNAnalysis[[#This Row],[SAMV]] -> 161344 | P12: =tblPiNAnalysis[[#This Row],[NUT]] -> 21117.765 | Q12: =tblPiNAnalysis[[#This Row],[SAL]] -> 202395.05 | R12: =tblPiNAnalysis[[#This Row],[EDU]] -> 43027.272 | S12: =tblPiNAnalysis[[#This Row],[PRO]] -> 110727.55 | T12: =tblPiNAnalysis[[#This Row],[ASH]] -> 0 | U12: =IF(OR(tblPiNHistorical[[#This Row],[SAMV25]]="", tblPiNHistorical[[#This Row],[SAMV25]]=0, tblPiNHistorical[[#This Row],[SAMV26]]="", tblPiNHistorical[[#This Row],[SAMV26]]=0), "", tblPiNHistorical[[#This Row],[SAMV26]]-tblPiNHistorical[[#This Row],[SAMV25]]) -> 139733 | V12: =IF(OR(tblPiNHistorical[[#This Row],[NUT25]]="", tblPiNHistorical[[#This Row],[NUT25]]=0, tblPiNHistorical[[#This Row],[NUT26]]="", tblPiNHistorical[[#This Row],[NUT26]]=0), "", tblPiNHistorical[[#This Row],[NUT26]]-tblPiNHistorical[[#This Row],[NUT25]]) -> 15940.765 | W12: =IF(OR(tblPiNHistorical[[#This Row],[SAL25]]="", tblPiNHistorical[[#This Row],[SAL25]]=0, tblPiNHistorical[[#This Row],[SAL26]]="", tblPiNHistorical[[#This Row],[SAL26]]=0), "", tblPiNHistorical[[#This Row],[SAL26]]-tblPiNHistorical[[#This Row],[SAL25]]) -> 170466.73 | X12: =IF(OR(tblPiNHistorical[[#This Row],[EDU25]]="", tblPiNHistorical[[#This Row],[EDU25]]=0, tblPiNHistorical[[#This Row],[EDU26]]="", tblPiNHistorical[[#This Row],[EDU26]]=0), "", tblPiNHistorical[[#This Row],[EDU26]]-tblPiNHistorical[[#This Row],[EDU25]]) -> 30185.932 | Y12: =IF(OR(tblPiNHistorical[[#This Row],[PRO25]]="", tblPiNHistorical[[#This Row],[PRO25]]=0, tblPiNHistorical[[#This Row],[PRO26]]="", tblPiNHistorical[[#This Row],[PRO26]]=0), "", tblPiNHistorical[[#This Row],[PRO26]]-tblPiNHistorical[[#This Row],[PRO25]]) -> 97031.654 | Z12: =IF(OR(tblPiNHistorical[[#This Row],[ASH25]]="", tblPiNHistorical[[#This Row],[ASH25]]=0, tblPiNHistorical[[#This Row],[ASH26]]="", tblPiNHistorical[[#This Row],[ASH26]]=0), "", tblPiNHistorical[[#This Row],[ASH26]]-tblPiNHistorical[[#This Row],[ASH25]]) | AA12: =IF(AND(tblPiNHistorical[[#This Row],[SAMV25]]=0,tblPiNHistorical[[#This Row],[SAMV26]]>0),"New26 "&tblPiNHistorical[[#This Row],[SAMV26]], IF(AND(tblPiNHistorical[[#This Row],[SAMV25]]>0,tblPiNHistorical[[#This Row],[SAMV26]]=0),"NoPIN26 "&tblPiNHistorical[[#This Row],[SAMV25]], IFERROR(ROUND((tblPiNHistorical[[#This Row],[SAMV26]]-tblPiNHistorical[[#This Row],[SAMV25]])/tblPiNHistorical[[#This Row],[SAMV25]], 1), "") )) -> 6.5 | AB12: =IF(AND(tblPiNHistorical[[#This Row],[NUT25]]=0,tblPiNHistorical[[#This Row],[NUT26]]>0),"New26 "&tblPiNHistorical[[#This Row],[NUT26]], IF(AND(tblPiNHistorical[[#This Row],[NUT25]]>0,tblPiNHistorical[[#This Row],[NUT26]]=0),"NoPIN26 "&tblPiNHistorical[[#This Row],[NUT25]], IFERROR(ROUND((tblPiNHistorical[[#This Row],[NUT26]]-tblPiNHistorical[[#This Row],[NUT25]])/tblPiNHistorical[[#This Row],[NUT25]], 1), "") )) -> 3.1 | AC12: =IF(AND(tblPiNHistorical[[#This Row],[SAL25]]=0,tblPiNHistorical[[#This Row],[SAL26]]>0),"New26 "&tblPiNHistorical[[#This Row],[SAL26]], IF(AND(tblPiNHistorical[[#This Row],[SAL25]]>0,tblPiNHistorical[[#This Row],[SAL26]]=0),"NoPIN26 "&tblPiNHistorical[[#This Row],[SAL25]], IFERROR(ROUND((tblPiNHistorical[[#This Row],[SAL26]]-tblPiNHistorical[[#This Row],[SAL25]])/tblPiNHistorical[[#This Row],[SAL25]], 1), "") )) -> 5.3 | AD12: =IF(AND(tblPiNHistorical[[#This Row],[EDU25]]=0,tblPiNHistorical[[#This Row],[EDU26]]>0),"New26 "&tblPiNHistorical[[#This Row],[EDU26]], IF(AND(tblPiNHistorical[[#This Row],[EDU25]]>0,tblPiNHistorical[[#This Row],[EDU26]]=0),"NoPIN26 "&tblPiNHistorical[[#This Row],[EDU25]], IFERROR(ROUND((tblPiNHistorical[[#This Row],[EDU26]]-tblPiNHistorical[[#This Row],[EDU25]])/tblPiNHistorical[[#This Row],[EDU25]], 1), "") )) -> 2.4 | AE12: =IF(AND(tblPiNHistorical[[#This Row],[PRO25]]=0,tblPiNHistorical[[#This Row],[PRO26]]>0),"New26 "&tblPiNHistorical[[#This Row],[PRO26]], IF(AND(tblPiNHistorical[[#This Row],[PRO25]]>0,tblPiNHistorical[[#This Row],[PRO26]]=0),"NoPIN26 "&tblPiNHistorical[[#This Row],[PRO25]], IFERROR(ROUND((tblPiNHistorical[[#This Row],[PRO26]]-tblPiNHistorical[[#This Row],[PRO25]])/tblPiNHistorical[[#This Row],[PRO25]], 1), "") )) -> 7.1 | AF12: =IF(AND(tblPiNHistorical[[#This Row],[ASH25]]=0,tblPiNHistorical[[#This Row],[ASH26]]>0),"New26 "&tblPiNHistorical[[#This Row],[ASH26]], IF(AND(tblPiNHistorical[[#This Row],[ASH25]]>0,tblPiNHistorical[[#This Row],[ASH26]]=0),"NoPIN26 "&tblPiNHistorical[[#This Row],[ASH25]], IFERROR(ROUND((tblPiNHistorical[[#This Row],[ASH26]]-tblPiNHistorical[[#This Row],[ASH25]])/tblPiNHistorical[[#This Row],[ASH25]], 1), "") )) -> NoPIN26 24527
A13: =IFERROR(_xlfn.CONCAT(IF(tblPiNHistorical[[#This Row],[Grupo de población]]="", "",tblPiNHistorical[[#This Row],[Grupo de población]] ), IF(tblPiNHistorical[[#This Row],[Foco de necesidades]]<>"",tblPiNHistorical[[#This Row],[Foco de necesidades]],), _xlfn.IFS(tblPiNHistorical[[#This Row],[Admin 2 Código P]]<>"", tblPiNHistorical[[#This Row],[Admin 2 Código P]], tblPiNHistorical[[#This Row],[Admin 1 Código P]]<>"", tblPiNHistorical[[#This Row],[Admin 1 Código P]])),"") -> VenezolanosVE0302 | B13: Anzoátegui | C13: VE03 | D13: Aragua | E13: VE0302 | G13: 29168 | H13: Venezolanos | I13: 5140 | J13: 1227 | K13: 7594.4326 | L13: 2909.8664 | M13: 14258.781 | N13: 5834 | O13: =tblPiNAnalysis[[#This Row],[SAMV]] -> 137605 | P13: =tblPiNAnalysis[[#This Row],[NUT]] -> 27277.489 | Q13: =tblPiNAnalysis[[#This Row],[SAL]] -> 166747.7 | R13: =tblPiNAnalysis[[#This Row],[EDU]] -> 78557.706 | S13: =tblPiNAnalysis[[#This Row],[PRO]] -> 108885.15 | T13: =tblPiNAnalysis[[#This Row],[ASH]] -> 61673.805 | U13: =IF(OR(tblPiNHistorical[[#This Row],[SAMV25]]="", tblPiNHistorical[[#This Row],[SAMV25]]=0, tblPiNHistorical[[#This Row],[SAMV26]]="", tblPiNHistorical[[#This Row],[SAMV26]]=0), "", tblPiNHistorical[[#This Row],[SAMV26]]-tblPiNHistorical[[#This Row],[SAMV25]]) -> 132465 | V13: =IF(OR(tblPiNHistorical[[#This Row],[NUT25]]="", tblPiNHistorical[[#This Row],[NUT25]]=0, tblPiNHistorical[[#This Row],[NUT26]]="", tblPiNHistorical[[#This Row],[NUT26]]=0), "", tblPiNHistorical[[#This Row],[NUT26]]-tblPiNHistorical[[#This Row],[NUT25]]) -> 26050.489 | W13: =IF(OR(tblPiNHistorical[[#This Row],[SAL25]]="", tblPiNHistorical[[#This Row],[SAL25]]=0, tblPiNHistorical[[#This Row],[SAL26]]="", tblPiNHistorical[[#This Row],[SAL26]]=0), "", tblPiNHistorical[[#This Row],[SAL26]]-tblPiNHistorical[[#This Row],[SAL25]]) -> 159153.26 | X13: =IF(OR(tblPiNHistorical[[#This Row],[EDU25]]="", tblPiNHistorical[[#This Row],[EDU25]]=0, tblPiNHistorical[[#This Row],[EDU26]]="", tblPiNHistorical[[#This Row],[EDU26]]=0), "", tblPiNHistorical[[#This Row],[EDU26]]-tblPiNHistorical[[#This Row],[EDU25]]) -> 75647.84 | Y13: =IF(OR(tblPiNHistorical[[#This Row],[PRO25]]="", tblPiNHistorical[[#This Row],[PRO25]]=0, tblPiNHistorical[[#This Row],[PRO26]]="", tblPiNHistorical[[#This Row],[PRO26]]=0), "", tblPiNHistorical[[#This Row],[PRO26]]-tblPiNHistorical[[#This Row],[PRO25]]) -> 94626.366 | Z13: =IF(OR(tblPiNHistorical[[#This Row],[ASH25]]="", tblPiNHistorical[[#This Row],[ASH25]]=0, tblPiNHistorical[[#This Row],[ASH26]]="", tblPiNHistorical[[#This Row],[ASH26]]=0), "", tblPiNHistorical[[#This Row],[ASH26]]-tblPiNHistorical[[#This Row],[ASH25]]) -> 55839.805 | AA13: =IF(AND(tblPiNHistorical[[#This Row],[SAMV25]]=0,tblPiNHistorical[[#This Row],[SAMV26]]>0),"New26 "&tblPiNHistorical[[#This Row],[SAMV26]], IF(AND(tblPiNHistorical[[#This Row],[SAMV25]]>0,tblPiNHistorical[[#This Row],[SAMV26]]=0),"NoPIN26 "&tblPiNHistorical[[#This Row],[SAMV25]], IFERROR(ROUND((tblPiNHistorical[[#This Row],[SAMV26]]-tblPiNHistorical[[#This Row],[SAMV25]])/tblPiNHistorical[[#This Row],[SAMV25]], 1), "") )) -> 25.8 | AB13: =IF(AND(tblPiNHistorical[[#This Row],[NUT25]]=0,tblPiNHistorical[[#This Row],[NUT26]]>0),"New26 "&tblPiNHistorical[[#This Row],[NUT26]], IF(AND(tblPiNHistorical[[#This Row],[NUT25]]>0,tblPiNHistorical[[#This Row],[NUT26]]=0),"NoPIN26 "&tblPiNHistorical[[#This Row],[NUT25]], IFERROR(ROUND((tblPiNHistorical[[#This Row],[NUT26]]-tblPiNHistorical[[#This Row],[NUT25]])/tblPiNHistorical[[#This Row],[NUT25]], 1), "") )) -> 21.2 | AC13: =IF(AND(tblPiNHistorical[[#This Row],[SAL25]]=0,tblPiNHistorical[[#This Row],[SAL26]]>0),"New26 "&tblPiNHistorical[[#This Row],[SAL26]], IF(AND(tblPiNHistorical[[#This Row],[SAL25]]>0,tblPiNHistorical[[#This Row],[SAL26]]=0),"NoPIN26 "&tblPiNHistorical[[#This Row],[SAL25]], IFERROR(ROUND((tblPiNHistorical[[#This Row],[SAL26]]-tblPiNHistorical[[#This Row],[SAL25]])/tblPiNHistorical[[#This Row],[SAL25]], 1), "") )) -> 21 | AD13: =IF(AND(tblPiNHistorical[[#This Row],[EDU25]]=0,tblPiNHistorical[[#This Row],[EDU26]]>0),"New26 "&tblPiNHistorical[[#This Row],[EDU26]], IF(AND(tblPiNHistorical[[#This Row],[EDU25]]>0,tblPiNHistorical[[#This Row],[EDU26]]=0),"NoPIN26 "&tblPiNHistorical[[#This Row],[EDU25]], IFERROR(ROUND((tblPiNHistorical[[#This Row],[EDU26]]-tblPiNHistorical[[#This Row],[EDU25]])/tblPiNHistorical[[#This Row],[EDU25]], 1), "") )) -> 26 | AE13: =IF(AND(tblPiNHistorical[[#This Row],[PRO25]]=0,tblPiNHistorical[[#This Row],[PRO26]]>0),"New26 "&tblPiNHistorical[[#This Row],[PRO26]], IF(AND(tblPiNHistorical[[#This Row],[PRO25]]>0,tblPiNHistorical[[#This Row],[PRO26]]=0),"NoPIN26 "&tblPiNHistorical[[#This Row],[PRO25]], IFERROR(ROUND((tblPiNHistorical[[#This Row],[PRO26]]-tblPiNHistorical[[#This Row],[PRO25]])/tblPiNHistorical[[#This Row],[PRO25]], 1), "") )) -> 6.6 | AF13: =IF(AND(tblPiNHistorical[[#This Row],[ASH25]]=0,tblPiNHistorical[[#This Row],[ASH26]]>0),"New26 "&tblPiNHistorical[[#This Row],[ASH26]], IF(AND(tblPiNHistorical[[#This Row],[ASH25]]>0,tblPiNHistorical[[#This Row],[ASH26]]=0),"NoPIN26 "&tblPiNHistorical[[#This Row],[ASH25]], IFERROR(ROUND((tblPiNHistorical[[#This Row],[ASH26]]-tblPiNHistorical[[#This Row],[ASH25]])/tblPiNHistorical[[#This Row],[ASH25]], 1), "") )) -> 9.6
A14: =IFERROR(_xlfn.CONCAT(IF(tblPiNHistorical[[#This Row],[Grupo de población]]="", "",tblPiNHistorical[[#This Row],[Grupo de población]] ), IF(tblPiNHistorical[[#This Row],[Foco de necesidades]]<>"",tblPiNHistorical[[#This Row],[Foco de necesidades]],), _xlfn.IFS(tblPiNHistorical[[#This Row],[Admin 2 Código P]]<>"", tblPiNHistorical[[#This Row],[Admin 2 Código P]], tblPiNHistorical[[#This Row],[Admin 1 Código P]]<>"", tblPiNHistorical[[#This Row],[Admin 1 Código P]])),"") -> VenezolanosVE0303 | B14: Anzoátegui | C14: VE03 | D14: Fernando de Peñalver | E14: VE0303 | G14: 33437 | H14: Venezolanos | I14: 5892 | J14: 1407 | K14: 8705.1122 | L14: 2990.9095 | M14: 11887.769 | N14: 6687 | O14: =tblPiNAnalysis[[#This Row],[SAMV]] -> 16275 | P14: =tblPiNAnalysis[[#This Row],[NUT]] -> 18458.622 | Q14: =tblPiNAnalysis[[#This Row],[SAL]] -> 131724.12 | R14: =tblPiNAnalysis[[#This Row],[EDU]] -> 30713.057 | S14: =tblPiNAnalysis[[#This Row],[PRO]] -> 143848.23 | T14: =tblPiNAnalysis[[#This Row],[ASH]] -> 162399.6 | U14: =IF(OR(tblPiNHistorical[[#This Row],[SAMV25]]="", tblPiNHistorical[[#This Row],[SAMV25]]=0, tblPiNHistorical[[#This Row],[SAMV26]]="", tblPiNHistorical[[#This Row],[SAMV26]]=0), "", tblPiNHistorical[[#This Row],[SAMV26]]-tblPiNHistorical[[#This Row],[SAMV25]]) -> 10383 | V14: =IF(OR(tblPiNHistorical[[#This Row],[NUT25]]="", tblPiNHistorical[[#This Row],[NUT25]]=0, tblPiNHistorical[[#This Row],[NUT26]]="", tblPiNHistorical[[#This Row],[NUT26]]=0), "", tblPiNHistorical[[#This Row],[NUT26]]-tblPiNHistorical[[#This Row],[NUT25]]) -> 17051.622 | W14: =IF(OR(tblPiNHistorical[[#This Row],[SAL25]]="", tblPiNHistorical[[#This Row],[SAL25]]=0, tblPiNHistorical[[#This Row],[SAL26]]="", tblPiNHistorical[[#This Row],[SAL26]]=0), "", tblPiNHistorical[[#This Row],[SAL26]]-tblPiNHistorical[[#This Row],[SAL25]]) -> 123019.01 | X14: =IF(OR(tblPiNHistorical[[#This Row],[EDU25]]="", tblPiNHistorical[[#This Row],[EDU25]]=0, tblPiNHistorical[[#This Row],[EDU26]]="", tblPiNHistorical[[#This Row],[EDU26]]=0), "", tblPiNHistorical[[#This Row],[EDU26]]-tblPiNHistorical[[#This Row],[EDU25]]) -> 27722.148 | Y14: =IF(OR(tblPiNHistorical[[#This Row],[PRO25]]="", tblPiNHistorical[[#This Row],[PRO25]]=0, tblPiNHistorical[[#This Row],[PRO26]]="", tblPiNHistorical[[#This Row],[PRO26]]=0), "", tblPiNHistorical[[#This Row],[PRO26]]-tblPiNHistorical[[#This Row],[PRO25]]) -> 131960.46 | Z14: =IF(OR(tblPiNHistorical[[#This Row],[ASH25]]="", tblPiNHistorical[[#This Row],[ASH25]]=0, tblPiNHistorical[[#This Row],[ASH26]]="", tblPiNHistorical[[#This Row],[ASH26]]=0), "", tblPiNHistorical[[#This Row],[ASH26]]-tblPiNHistorical[[#This Row],[ASH25]]) -> 155712.6 | AA14: =IF(AND(tblPiNHistorical[[#This Row],[SAMV25]]=0,tblPiNHistorical[[#This Row],[SAMV26]]>0),"New26 "&tblPiNHistorical[[#This Row],[SAMV26]], IF(AND(tblPiNHistorical[[#This Row],[SAMV25]]>0,tblPiNHistorical[[#This Row],[SAMV26]]=0),"NoPIN26 "&tblPiNHistorical[[#This Row],[SAMV25]], IFERROR(ROUND((tblPiNHistorical[[#This Row],[SAMV26]]-tblPiNHistorical[[#This Row],[SAMV25]])/tblPiNHistorical[[#This Row],[SAMV25]], 1), "") )) -> 1.8 | AB14: =IF(AND(tblPiNHistorical[[#This Row],[NUT25]]=0,tblPiNHistorical[[#This Row],[NUT26]]>0),"New26 "&tblPiNHistorical[[#This Row],[NUT26]], IF(AND(tblPiNHistorical[[#This Row],[NUT25]]>0,tblPiNHistorical[[#This Row],[NUT26]]=0),"NoPIN26 "&tblPiNHistorical[[#This Row],[NUT25]], IFERROR(ROUND((tblPiNHistorical[[#This Row],[NUT26]]-tblPiNHistorical[[#This Row],[NUT25]])/tblPiNHistorical[[#This Row],[NUT25]], 1), "") )) -> 12.1 | AC14: =IF(AND(tblPiNHistorical[[#This Row],[SAL25]]=0,tblPiNHistorical[[#This Row],[SAL26]]>0),"New26 "&tblPiNHistorical[[#This Row],[SAL26]], IF(AND(tblPiNHistorical[[#This Row],[SAL25]]>0,tblPiNHistorical[[#This Row],[SAL26]]=0),"NoPIN26 "&tblPiNHistorical[[#This Row],[SAL25]], IFERROR(ROUND((tblPiNHistorical[[#This Row],[SAL26]]-tblPiNHistorical[[#This Row],[SAL25]])/tblPiNHistorical[[#This Row],[SAL25]], 1), "") )) -> 14.1 | AD14: =IF(AND(tblPiNHistorical[[#This Row],[EDU25]]=0,tblPiNHistorical[[#This Row],[EDU26]]>0),"New26 "&tblPiNHistorical[[#This Row],[EDU26]], IF(AND(tblPiNHistorical[[#This Row],[EDU25]]>0,tblPiNHistorical[[#This Row],[EDU26]]=0),"NoPIN26 "&tblPiNHistorical[[#This Row],[EDU25]], IFERROR(ROUND((tblPiNHistorical[[#This Row],[EDU26]]-tblPiNHistorical[[#This Row],[EDU25]])/tblPiNHistorical[[#This Row],[EDU25]], 1), "") )) -> 9.3 | AE14: =IF(AND(tblPiNHistorical[[#This Row],[PRO25]]=0,tblPiNHistorical[[#This Row],[PRO26]]>0),"New26 "&tblPiNHistorical[[#This Row],[PRO26]], IF(AND(tblPiNHistorical[[#This Row],[PRO25]]>0,tblPiNHistorical[[#This Row],[PRO26]]=0),"NoPIN26 "&tblPiNHistorical[[#This Row],[PRO25]], IFERROR(ROUND((tblPiNHistorical[[#This Row],[PRO26]]-tblPiNHistorical[[#This Row],[PRO25]])/tblPiNHistorical[[#This Row],[PRO25]], 1), "") )) -> 11.1 | AF14: =IF(AND(tblPiNHistorical[[#This Row],[ASH25]]=0,tblPiNHistorical[[#This Row],[ASH26]]>0),"New26 "&tblPiNHistorical[[#This Row],[ASH26]], IF(AND(tblPiNHistorical[[#This Row],[ASH25]]>0,tblPiNHistorical[[#This Row],[ASH26]]=0),"NoPIN26 "&tblPiNHistorical[[#This Row],[ASH25]], IFERROR(ROUND((tblPiNHistorical[[#This Row],[ASH26]]-tblPiNHistorical[[#This Row],[ASH25]])/tblPiNHistorical[[#This Row],[ASH25]], 1), "") )) -> 23.3
A15: =IFERROR(_xlfn.CONCAT(IF(tblPiNHistorical[[#This Row],[Grupo de población]]="", "",tblPiNHistorical[[#This Row],[Grupo de población]] ), IF(tblPiNHistorical[[#This Row],[Foco de necesidades]]<>"",tblPiNHistorical[[#This Row],[Foco de necesidades]],), _xlfn.IFS(tblPiNHistorical[[#This Row],[Admin 2 Código P]]<>"", tblPiNHistorical[[#This Row],[Admin 2 Código P]], tblPiNHistorical[[#This Row],[Admin 1 Código P]]<>"", tblPiNHistorical[[#This Row],[Admin 1 Código P]])),"") -> VenezolanosVE0304 | B15: Anzoátegui | C15: VE03 | D15: Francisco del Carmen Carvajal | E15: VE0304 | G15: 14653 | H15: Venezolanos | I15: 2582 | J15: 659 | K15: 3814.5552 | L15: 1839.9812 | M15: 7163.1211 | N15: 2931 | O15: =tblPiNAnalysis[[#This Row],[SAMV]] -> 14759 | P15: =tblPiNAnalysis[[#This Row],[NUT]] -> 12650.699 | Q15: =tblPiNAnalysis[[#This Row],[SAL]] -> 98180.62 | R15: =tblPiNAnalysis[[#This Row],[EDU]] -> 45790.256 | S15: =tblPiNAnalysis[[#This Row],[PRO]] -> 64111.299 | T15: =tblPiNAnalysis[[#This Row],[ASH]] -> 161392.8 | U15: =IF(OR(tblPiNHistorical[[#This Row],[SAMV25]]="", tblPiNHistorical[[#This Row],[SAMV25]]=0, tblPiNHistorical[[#This Row],[SAMV26]]="", tblPiNHistorical[[#This Row],[SAMV26]]=0), "", tblPiNHistorical[[#This Row],[SAMV26]]-tblPiNHistorical[[#This Row],[SAMV25]]) -> 12177 | V15: =IF(OR(tblPiNHistorical[[#This Row],[NUT25]]="", tblPiNHistorical[[#This Row],[NUT25]]=0, tblPiNHistorical[[#This Row],[NUT26]]="", tblPiNHistorical[[#This Row],[NUT26]]=0), "", tblPiNHistorical[[#This Row],[NUT26]]-tblPiNHistorical[[#This Row],[NUT25]]) -> 11991.699 | W15: =IF(OR(tblPiNHistorical[[#This Row],[SAL25]]="", tblPiNHistorical[[#This Row],[SAL25]]=0, tblPiNHistorical[[#This Row],[SAL26]]="", tblPiNHistorical[[#This Row],[SAL26]]=0), "", tblPiNHistorical[[#This Row],[SAL26]]-tblPiNHistorical[[#This Row],[SAL25]]) -> 94366.065 | X15: =IF(OR(tblPiNHistorical[[#This Row],[EDU25]]="", tblPiNHistorical[[#This Row],[EDU25]]=0, tblPiNHistorical[[#This Row],[EDU26]]="", tblPiNHistorical[[#This Row],[EDU26]]=0), "", tblPiNHistorical[[#This Row],[EDU26]]-tblPiNHistorical[[#This Row],[EDU25]]) -> 43950.274 | Y15: =IF(OR(tblPiNHistorical[[#This Row],[PRO25]]="", tblPiNHistorical[[#This Row],[PRO25]]=0, tblPiNHistorical[[#This Row],[PRO26]]="", tblPiNHistorical[[#This Row],[PRO26]]=0), "", tblPiNHistorical[[#This Row],[PRO26]]-tblPiNHistorical[[#This Row],[PRO25]]) -> 56948.177 | Z15: =IF(OR(tblPiNHistorical[[#This Row],[ASH25]]="", tblPiNHistorical[[#This Row],[ASH25]]=0, tblPiNHistorical[[#This Row],[ASH26]]="", tblPiNHistorical[[#This Row],[ASH26]]=0), "", tblPiNHistorical[[#This Row],[ASH26]]-tblPiNHistorical[[#This Row],[ASH25]]) -> 158461.8 | AA15: =IF(AND(tblPiNHistorical[[#This Row],[SAMV25]]=0,tblPiNHistorical[[#This Row],[SAMV26]]>0),"New26 "&tblPiNHistorical[[#This Row],[SAMV26]], IF(AND(tblPiNHistorical[[#This Row],[SAMV25]]>0,tblPiNHistorical[[#This Row],[SAMV26]]=0),"NoPIN26 "&tblPiNHistorical[[#This Row],[SAMV25]], IFERROR(ROUND((tblPiNHistorical[[#This Row],[SAMV26]]-tblPiNHistorical[[#This Row],[SAMV25]])/tblPiNHistorical[[#This Row],[SAMV25]], 1), "") )) -> 4.7 | AB15: =IF(AND(tblPiNHistorical[[#This Row],[NUT25]]=0,tblPiNHistorical[[#This Row],[NUT26]]>0),"New26 "&tblPiNHistorical[[#This Row],[NUT26]], IF(AND(tblPiNHistorical[[#This Row],[NUT25]]>0,tblPiNHistorical[[#This Row],[NUT26]]=0),"NoPIN26 "&tblPiNHistorical[[#This Row],[NUT25]], IFERROR(ROUND((tblPiNHistorical[[#This Row],[NUT26]]-tblPiNHistorical[[#This Row],[NUT25]])/tblPiNHistorical[[#This Row],[NUT25]], 1), "") )) -> 18.2 | AC15: =IF(AND(tblPiNHistorical[[#This Row],[SAL25]]=0,tblPiNHistorical[[#This Row],[SAL26]]>0),"New26 "&tblPiNHistorical[[#This Row],[SAL26]], IF(AND(tblPiNHistorical[[#This Row],[SAL25]]>0,tblPiNHistorical[[#This Row],[SAL26]]=0),"NoPIN26 "&tblPiNHistorical[[#This Row],[SAL25]], IFERROR(ROUND((tblPiNHistorical[[#This Row],[SAL26]]-tblPiNHistorical[[#This Row],[SAL25]])/tblPiNHistorical[[#This Row],[SAL25]], 1), "") )) -> 24.7 | AD15: =IF(AND(tblPiNHistorical[[#This Row],[EDU25]]=0,tblPiNHistorical[[#This Row],[EDU26]]>0),"New26 "&tblPiNHistorical[[#This Row],[EDU26]], IF(AND(tblPiNHistorical[[#This Row],[EDU25]]>0,tblPiNHistorical[[#This Row],[EDU26]]=0),"NoPIN26 "&tblPiNHistorical[[#This Row],[EDU25]], IFERROR(ROUND((tblPiNHistorical[[#This Row],[EDU26]]-tblPiNHistorical[[#This Row],[EDU25]])/tblPiNHistorical[[#This Row],[EDU25]], 1), "") )) -> 23.9 | AE15: =IF(AND(tblPiNHistorical[[#This Row],[PRO25]]=0,tblPiNHistorical[[#This Row],[PRO26]]>0),"New26 "&tblPiNHistorical[[#This Row],[PRO26]], IF(AND(tblPiNHistorical[[#This Row],[PRO25]]>0,tblPiNHistorical[[#This Row],[PRO26]]=0),"NoPIN26 "&tblPiNHistorical[[#This Row],[PRO25]], IFERROR(ROUND((tblPiNHistorical[[#This Row],[PRO26]]-tblPiNHistorical[[#This Row],[PRO25]])/tblPiNHistorical[[#This Row],[PRO25]], 1), "") )) -> 8 | AF15: =IF(AND(tblPiNHistorical[[#This Row],[ASH25]]=0,tblPiNHistorical[[#This Row],[ASH26]]>0),"New26 "&tblPiNHistorical[[#This Row],[ASH26]], IF(AND(tblPiNHistorical[[#This Row],[ASH25]]>0,tblPiNHistorical[[#This Row],[ASH26]]=0),"NoPIN26 "&tblPiNHistorical[[#This Row],[ASH25]], IFERROR(ROUND((tblPiNHistorical[[#This Row],[ASH26]]-tblPiNHistorical[[#This Row],[ASH25]])/tblPiNHistorical[[#This Row],[ASH25]], 1), "") )) -> 54.1
... A338: =IFERROR(_xlfn.CONCAT(IF(tblPiNHistorical[[#This Row],[Grupo de población]]="", "",tblPiNHistorical[[#This Row],[Grupo de población]] ), IF(tblPiNHistorical[[#This Row],[Foco de necesidades]]<>"",tblPiNHistorical[[#This Row],[Foco de necesidades]],), _xlfn.IFS(tblPiNHistorical[[#This Row],[Admin 2 Código P]]<>"", tblPiNHistorical[[#This Row],[Admin 2 Código P]], tblPiNHistorical[[#This Row],[Admin 1 Código P]]<>"", tblPiNHistorical[[#This Row],[Admin 1 Código P]])),"") -> VenezolanosVE2401 | B338: La Guaira | C338: VE24 | D338: Vargas | E338: VE2401 | G338: 352920 | H338: Venezolanos | I338: 38500 | J338: 14659 | K338: 91885.203 | L338: 19642.079 | M338: 94724.451 | N338: 70584 | O338: =tblPiNAnalysis[[#This Row],[SAMV]] -> 691 | P338: =tblPiNAnalysis[[#This Row],[NUT]] -> 2649.6575 | Q338: =tblPiNAnalysis[[#This Row],[SAL]] -> 22703.73 | R338: =tblPiNAnalysis[[#This Row],[EDU]] -> 8064.0541 | S338: =tblPiNAnalysis[[#This Row],[PRO]] -> 14825.386 | T338: =tblPiNAnalysis[[#This Row],[ASH]] -> 0 | U338: =IF(OR(tblPiNHistorical[[#This Row],[SAMV25]]="", tblPiNHistorical[[#This Row],[SAMV25]]=0, tblPiNHistorical[[#This Row],[SAMV26]]="", tblPiNHistorical[[#This Row],[SAMV26]]=0), "", tblPiNHistorical[[#This Row],[SAMV26]]-tblPiNHistorical[[#This Row],[SAMV25]]) -> -37809 | V338: =IF(OR(tblPiNHistorical[[#This Row],[NUT25]]="", tblPiNHistorical[[#This Row],[NUT25]]=0, tblPiNHistorical[[#This Row],[NUT26]]="", tblPiNHistorical[[#This Row],[NUT26]]=0), "", tblPiNHistorical[[#This Row],[NUT26]]-tblPiNHistorical[[#This Row],[NUT25]]) -> -12009.343 | W338: =IF(OR(tblPiNHistorical[[#This Row],[SAL25]]="", tblPiNHistorical[[#This Row],[SAL25]]=0, tblPiNHistorical[[#This Row],[SAL26]]="", tblPiNHistorical[[#This Row],[SAL26]]=0), "", tblPiNHistorical[[#This Row],[SAL26]]-tblPiNHistorical[[#This Row],[SAL25]]) -> -69181.473 | X338: =IF(OR(tblPiNHistorical[[#This Row],[EDU25]]="", tblPiNHistorical[[#This Row],[EDU25]]=0, tblPiNHistorical[[#This Row],[EDU26]]="", tblPiNHistorical[[#This Row],[EDU26]]=0), "", tblPiNHistorical[[#This Row],[EDU26]]-tblPiNHistorical[[#This Row],[EDU25]]) -> -11578.025 | Y338: =IF(OR(tblPiNHistorical[[#This Row],[PRO25]]="", tblPiNHistorical[[#This Row],[PRO25]]=0, tblPiNHistorical[[#This Row],[PRO26]]="", tblPiNHistorical[[#This Row],[PRO26]]=0), "", tblPiNHistorical[[#This Row],[PRO26]]-tblPiNHistorical[[#This Row],[PRO25]]) -> -79899.065 | Z338: =IF(OR(tblPiNHistorical[[#This Row],[ASH25]]="", tblPiNHistorical[[#This Row],[ASH25]]=0, tblPiNHistorical[[#This Row],[ASH26]]="", tblPiNHistorical[[#This Row],[ASH26]]=0), "", tblPiNHistorical[[#This Row],[ASH26]]-tblPiNHistorical[[#This Row],[ASH25]]) | AA338: =IF(AND(tblPiNHistorical[[#This Row],[SAMV25]]=0,tblPiNHistorical[[#This Row],[SAMV26]]>0),"New26 "&tblPiNHistorical[[#This Row],[SAMV26]], IF(AND(tblPiNHistorical[[#This Row],[SAMV25]]>0,tblPiNHistorical[[#This Row],[SAMV26]]=0),"NoPIN26 "&tblPiNHistorical[[#This Row],[SAMV25]], IFERROR(ROUND((tblPiNHistorical[[#This Row],[SAMV26]]-tblPiNHistorical[[#This Row],[SAMV25]])/tblPiNHistorical[[#This Row],[SAMV25]], 1), "") )) -> -1 | AB338: =IF(AND(tblPiNHistorical[[#This Row],[NUT25]]=0,tblPiNHistorical[[#This Row],[NUT26]]>0),"New26 "&tblPiNHistorical[[#This Row],[NUT26]], IF(AND(tblPiNHistorical[[#This Row],[NUT25]]>0,tblPiNHistorical[[#This Row],[NUT26]]=0),"NoPIN26 "&tblPiNHistorical[[#This Row],[NUT25]], IFERROR(ROUND((tblPiNHistorical[[#This Row],[NUT26]]-tblPiNHistorical[[#This Row],[NUT25]])/tblPiNHistorical[[#This Row],[NUT25]], 1), "") )) -> -0.8 | AC338: =IF(AND(tblPiNHistorical[[#This Row],[SAL25]]=0,tblPiNHistorical[[#This Row],[SAL26]]>0),"New26 "&tblPiNHistorical[[#This Row],[SAL26]], IF(AND(tblPiNHistorical[[#This Row],[SAL25]]>0,tblPiNHistorical[[#This Row],[SAL26]]=0),"NoPIN26 "&tblPiNHistorical[[#This Row],[SAL25]], IFERROR(ROUND((tblPiNHistorical[[#This Row],[SAL26]]-tblPiNHistorical[[#This Row],[SAL25]])/tblPiNHistorical[[#This Row],[SAL25]], 1), "") )) -> -0.8 | AD338: =IF(AND(tblPiNHistorical[[#This Row],[EDU25]]=0,tblPiNHistorical[[#This Row],[EDU26]]>0),"New26 "&tblPiNHistorical[[#This Row],[EDU26]], IF(AND(tblPiNHistorical[[#This Row],[EDU25]]>0,tblPiNHistorical[[#This Row],[EDU26]]=0),"NoPIN26 "&tblPiNHistorical[[#This Row],[EDU25]], IFERROR(ROUND((tblPiNHistorical[[#This Row],[EDU26]]-tblPiNHistorical[[#This Row],[EDU25]])/tblPiNHistorical[[#This Row],[EDU25]], 1), "") )) -> -0.6 | AE338: =IF(AND(tblPiNHistorical[[#This Row],[PRO25]]=0,tblPiNHistorical[[#This Row],[PRO26]]>0),"New26 "&tblPiNHistorical[[#This Row],[PRO26]], IF(AND(tblPiNHistorical[[#This Row],[PRO25]]>0,tblPiNHistorical[[#This Row],[PRO26]]=0),"NoPIN26 "&tblPiNHistorical[[#This Row],[PRO25]], IFERROR(ROUND((tblPiNHistorical[[#This Row],[PRO26]]-tblPiNHistorical[[#This Row],[PRO25]])/tblPiNHistorical[[#This Row],[PRO25]], 1), "") )) -> -0.8 | AF338: =IF(AND(tblPiNHistorical[[#This Row],[ASH25]]=0,tblPiNHistorical[[#This Row],[ASH26]]>0),"New26 "&tblPiNHistorical[[#This Row],[ASH26]], IF(AND(tblPiNHistorical[[#This Row],[ASH25]]>0,tblPiNHistorical[[#This Row],[ASH26]]=0),"NoPIN26 "&tblPiNHistorical[[#This Row],[ASH25]], IFERROR(ROUND((tblPiNHistorical[[#This Row],[ASH26]]-tblPiNHistorical[[#This Row],[ASH25]])/tblPiNHistorical[[#This Row],[ASH25]], 1), "") )) -> NoPIN26 70584

Sheet WS - 3.1 PiN Total
G1: =SUM(tblPiNAnalysis[Población]) -> 27840326 | H1: =G1*13% -> 3619242.4 | I1: =SUM(tblPiNAnalysis[SAMV]) -> 5099878.7 | J1: =SUM(tblPiNAnalysis[NUT]) -> 1282418.4 | K1: =SUM(tblPiNAnalysis[SAL]) -> 10537415 | L1: =SUM(tblPiNAnalysis[EDU]) -> 3254789.7 | M1: =SUM(tblPiNAnalysis[PRO]) -> 5969598.4 | N1: =SUM(tblPiNAnalysis[ASH]) -> 5179743.4 | O1: =SUM(tblPiNAnalysis[NNA]) -> 1912472.5 | P1: =SUM(tblPiNAnalysis[VBG]) -> 2089359.4 | AB1: =_xlfn.CONCAT(COUNTIF(tblPiNAnalysis[Número de PiN ausentes/cero superior al umbral - Calidad de los datos],"Flagged"), "/", COUNTA(tblPiNAnalysis[Número de PiN ausentes/cero superior al umbral - Calidad de los datos]), " (", ROUND((COUNTIF(tblPiNAnalysis[Número de PiN ausentes/cero superior al umbral - Calidad de los datos],"Flagged")/(COUNTA(tblPiNAnalysis[Número de PiN ausentes/cero superior al umbral - Calidad de los datos]) + COUNTBLANK(tblPiNAnalysis[Número de PiN ausentes/cero superior al umbral - Calidad de los datos])))*100, 0), "%) flagged") -> 5/335 (1%) flagged | AC1: =_xlfn.CONCAT(COUNTIF(tblPiNAnalysis[PiN superior al 90 % de la población total afectada],"Flagged"), "/", COUNTA(tblPiNAnalysis[Admin1]), " (", ROUND((COUNTIF(tblPiNAnalysis[PiN superior al 90 % de la población total afectada],"Flagged")/(COUNTA(tblPiNAnalysis[PiN superior al 90 % de la población total afectada]) + COUNTBLANK(tblPiNAnalysis[PiN superior al 90 % de la población total afectada])))*100, 0), "%) flagged") -> 0/335 (0%) flagged | AD1: =_xlfn.CONCAT(COUNTIF(tblPiNAnalysis[El sector más alto se dirige a subgrupos de población],"Flagged"), "/", COUNTA(tblPiNAnalysis[Admin1]), " (", ROUND((COUNTIF(tblPiNAnalysis[El sector más alto se dirige a subgrupos de población],"Flagged")/(COUNTA(tblPiNAnalysis[El sector más alto se dirige a subgrupos de población]) + COUNTBLANK(tblPiNAnalysis[El sector más alto se dirige a subgrupos de población])))*100, 0), "%) flagged") -> 0/335 (0%) flagged | AJ1: =_xlfn.CONCAT(COUNTIF(tblPiNAnalysis[% de diferencia por encima de un umbral especificado entre el más alto y el segundo más alto],"Flagged"), "/", COUNTA(tblPiNAnalysis[Admin1]), " (", ROUND((COUNTIF(tblPiNAnalysis[% de diferencia por encima de un umbral especificado entre el más alto y el segundo más alto],"Flagged")/(COUNTA(tblPiNAnalysis[% de diferencia por encima de un umbral especificado entre el más alto y el segundo más alto]) + COUNTBLANK(tblPiNAnalysis[% de diferencia por encima de un umbral especificado entre el más alto y el segundo más alto])))*100, 0), "%) flagged") -> 255/335 (61%) flagged | AP1: =_xlfn.CONCAT(COUNTIF(tblPiNAnalysis[% de diferencia por encima de un umbral especificado entre el más alto y el 3° más alto],"Flagged"), "/", COUNTA(tblPiNAnalysis[Admin1]), " (", ROUND((COUNTIF(tblPiNAnalysis[% de diferencia por encima de un umbral especificado entre el más alto y el 3° más alto],"Flagged")/(COUNTA(tblPiNAnalysis[% de diferencia por encima de un umbral especificado entre el más alto y el 3° más alto]) + COUNTBLANK(tblPiNAnalysis[% de diferencia por encima de un umbral especificado entre el más alto y el 3° más alto])))*100, 0), "%) flagged") -> 328/335 (96%) flagged | AR1: =_xlfn.CONCAT(COUNTIF(tblPiNAnalysis[La variación con respecto al año pasado para el sector o sectores más altos ha aumentado o disminuido significativamente],"Flagged"), "/", COUNTA(tblPiNAnalysis[Admin1]), " (", ROUND((COUNTIF(tblPiNAnalysis[La variación con respecto al año pasado para el sector o sectores más altos ha aumentado o disminuido significativamente],"Flagged")/(COUNTA(tblPiNAnalysis[La variación con respecto al año pasado para el sector o sectores más altos ha aumentado o disminuido significativamente]) + COUNTBLANK(tblPiNAnalysis[La variación con respecto al año pasado para el sector o sectores más altos ha aumentado o disminuido significativamente])))*100, 0), "%) flagged") -> 130/335 (24%) flagged | AT1: =_xlfn.CONCAT(COUNTIF(tblPiNAnalysis[[ ]],"Flagged"), "/", COUNTA(tblPiNAnalysis[Admin1]), " (", ROUND((COUNTIF(tblPiNAnalysis[[ ]],"Flagged")/(COUNTA(tblPiNAnalysis[[ ]]) + COUNTBLANK(tblPiNAnalysis[[ ]])))*100, 0), "%) flagged") -> 115/335 (21%) flagged | AV1: =SUM(tblPiNAnalysis[PiN preliminar]) -> 9599374.4 | AW1: =_xlfn.CONCAT(COUNTIF(tblPiNAnalysis[Marcador manual],"Flagged"), "/", COUNTA(tblPiNAnalysis[Admin1]), " (", ROUND((COUNTIF(tblPiNAnalysis[Marcador manual],"Flagged")/(COUNTA(tblPiNAnalysis[Marcador manual]) + COUNTBLANK(tblPiNAnalysis[Marcador manual])))*100, 0), "%) flagged") -> 0/335 (0%) flagged | AY1: =_xlfn.CONCAT(COUNTIF(tblPiNAnalysis[Marcado],"Flagged"), "/", COUNTA(tblPiNAnalysis[Admin1]), " (", ROUND((COUNTIF(tblPiNAnalysis[Marcado],"Flagged")/(COUNTA(tblPiNAnalysis[Marcado]) + COUNTBLANK(tblPiNAnalysis[Marcado])))*100, 0), "%) flagged") -> 331/335 (98%) flagged | BA1: =SUM(tblPiNAnalysis[PiN final]) -> 9599374.4 | BC1: =SUM(tblPiNAnalysis[Población meta]) -> 5453577.5 | BD1: =SUM(tblPiNAnalysis[Población priorizada]) -> 1307780.6
B2: Ubicación | G2: Población | I2: PiN clusteres | O2: Área de responsabilidad de protección | Q2: % PiN de grupos (sobre la población total) | W2: % áreas de responsabilidad de Protección | Y2: Sectores más altos | AE2: 2º Sectores más altos | AH2: Diferencia entre el PiN más alto y el segundo más alto | AK2: 3º Sectores más altos | AN2: Diferencia entre el PiN más alto y el 3º más alto | AQ2: PiN histórico | AW2: Marcador manual | AY2: Todos los marcadores | BC2: Meta
A3: ID | B3: Admin1 | C3: Admin1PCODE | D3: Admin2 | E3: Admin2PCODE | F3: Foco de necesidades | G3: Población | H3: Grupo | I3: SAMV | J3: NUT | K3: SAL | L3: EDU | M3: PRO | N3: ASH | O3: NNA | P3: VBG | Q3: % SAMV | R3: % NUT | S3: % SAL | T3: % EDU | U3: % PRO | V3: % WASH | W3: % NNA | X3: % VBG | Y3: PiN más alto | Z3: Sectores más altos | AA3: % PiN Sectores más altos | AB3: Número de PiN ausentes/cero superior al umbral - Calidad de los datos | AC3: PiN superior al 90 % de la población total afectada | AD3: El sector más alto se dirige a subgrupos de población | AE3: 2º PiN más alto | AF3: 2º Sectores más altos | AG3: 2º Sector más alto % PiN | AH3: Diferencia de PiN entre el más alto y el segundo más alto | AI3: % Diferencia entre el más alto y el segundo más alto | AJ3: % de diferencia por encima de un umbral especificado entre el más alto y el segundo más alto | AK3: 3º PiN más alto | AL3: 3º Sectores más altos | AM3: 3º sector con porcentaje de PiN más alto | AN3: Diferencia de PiN entre el más alto y el 3º más alto | AO3: Porcentaje de diferencia entre el más alto y el 3º más alto | AP3: % de diferencia por encima de un umbral especificado entre el más alto y el 3° más alto | AQ3: La variación con respecto al año pasado para el sector o sectores más altos | AR3: La variación con respecto al año pasado para el sector o sectores más altos ha aumentado o disminuido significativamente | AS3: La variación con respecto al año pasado para el o los 2º sectores más altos | AU3: Severidad | AV3: PiN preliminar | AW3: Marcador manual | AX3: Explicación del marcador manual | AY3: Número de marcadores | AZ3: Marcado | BA3: PiN final | BB3: Pruebas y comentarios | BC3: Población meta | BD3: Población priorizada
A4: =IFERROR(_xlfn.CONCAT(IF(tblPiNAnalysis[[#This Row],[Grupo]]="", "",tblPiNAnalysis[[#This Row],[Grupo]] ), _xlfn.IFS(tblPiNAnalysis[[#This Row],[Admin2PCODE]]<>"", tblPiNAnalysis[[#This Row],[Admin2PCODE]], tblPiNAnalysis[[#This Row],[Admin1PCODE]]<>"", tblPiNAnalysis[[#This Row],[Admin1PCODE]])),"") -> VenezolanosVE0101 | B4: Distrito Capital | C4: VE01 | D4: Libertador | E4: VE0101 | G4: 1987792 | H4: Venezolanos | I4: 407399 | J4: 72481.959 | K4: 725544.08 | L4: 246169.73 | M4: 475623.18 | N4: 268351.92 | O4: 152199.42 | P4: 166468.11 | Q4: =IFERROR(IF(tblPiNAnalysis[[#This Row],[SAMV]]="", "", MROUND(tblPiNAnalysis[[#This Row],[SAMV]]/tblPiNAnalysis[[#This Row],[Población]], 0.05)), "") -> 0.2 | R4: =IFERROR(IF(tblPiNAnalysis[[#This Row],[NUT]]="", "", MROUND(tblPiNAnalysis[[#This Row],[NUT]]/tblPiNAnalysis[[#This Row],[Población]], 0.05)), "") -> 0.05 | S4: =IFERROR(IF(tblPiNAnalysis[[#This Row],[SAL]]="", "", MROUND(tblPiNAnalysis[[#This Row],[SAL]]/tblPiNAnalysis[[#This Row],[Población]], 0.05)), "") -> 0.35 | T4: =IFERROR(IF(tblPiNAnalysis[[#This Row],[EDU]]="", "", MROUND(tblPiNAnalysis[[#This Row],[EDU]]/tblPiNAnalysis[[#This Row],[Población]], 0.05)), "") -> 0.1 | U4: =IFERROR(IF(tblPiNAnalysis[[#This Row],[PRO]]="", "", MROUND(tblPiNAnalysis[[#This Row],[PRO]]/tblPiNAnalysis[[#This Row],[Población]], 0.05)), "") -> 0.25 | V4: =IFERROR(IF(tblPiNAnalysis[[#This Row],[ASH]]="", "", MROUND(tblPiNAnalysis[[#This Row],[ASH]]/tblPiNAnalysis[[#This Row],[Población]], 0.05)), "") -> 0.15 | W4: =IFERROR(MROUND(tblPiNAnalysis[[#This Row],[NNA]]/tblPiNAnalysis[[#This Row],[Población]], 0.05), "") -> 0.1 | X4: =IFERROR(MROUND(tblPiNAnalysis[[#This Row],[VBG]]/tblPiNAnalysis[[#This Row],[Población]], 0.05), "") -> 0.1 | Y4: =IFERROR(LARGE(tblPiNAnalysis[[#This Row],[SAMV]:[ASH]], 1), "") -> 725544.08 | Z4: {=IF(tblPiNAnalysis[[#This Row],[PiN más alto]]="", "", _xlfn.TEXTJOIN(CHAR(10), TRUE, IF(tblPiNAnalysis[[#This Row],[PiN más alto]]=tblPiNAnalysis[[#This Row],[SAMV]:[ASH]], tblPiNAnalysis[[#Headers],[SAMV]:[ASH]], "")))} -> SAL | AA4: =IF(tblPiNAnalysis[[#This Row],[PiN más alto]]="", "", tblPiNAnalysis[[#This Row],[PiN más alto]]/tblPiNAnalysis[[#This Row],[Población]]) -> 0.365 | AB4: =IF(SUM(tblPiNAnalysis[[#This Row],[SAMV]:[ASH]])=0, "",IF(COUNTIF(tblPiNAnalysis[[#This Row],[SAMV]:[ASH]],"=0")+COUNTIF(tblPiNAnalysis[[#This Row],[SAMV]:[ASH]],"")>=zero_pin_thresh, "Flagged", "")) | AC4: =IFERROR(IF(tblPiNAnalysis[[#This Row],[PiN más alto]]="", "", IF(tblPiNAnalysis[[#This Row],[% PiN Sectores más altos]]>=flag_pin_perc, "Flagged", "")), "") | AD4: {=IF(tblPiNAnalysis[[#This Row],[PiN más alto]]=0, "", IF(OR(COUNTIF(tblPiNAnalysis[[#This Row],[Sectores más altos]],tblSubSectorPopulation[Sector])), "Flagged", ""))} | AE4: {=IFERROR(_xlfn.IFS(tblPiNAnalysis[[#This Row],[PiN más alto]]="", "", LARGE(tblPiNAnalysis[[#This Row],[SAMV]:[ASH]], 2) < tblPiNAnalysis[[#This Row],[PiN más alto]], LARGE(tblPiNAnalysis[[#This Row],[SAMV]:[ASH]], 2), LARGE(tblPiNAnalysis[[#This Row],[SAMV]:[ASH]], 3) < tblPiNAnalysis[[#This Row],[PiN más alto]], LARGE(tblPiNAnalysis[[#This Row],[SAMV]:[ASH]], 3), LARGE(tblPiNAnalysis[[#This Row],[SAMV]:[ASH]], 4) < tblPiNAnalysis[[#This Row],[PiN más alto]], LARGE(tblPiNAnalysis[[#This Row],[SAMV]:[ASH]], 4), LARGE(tblPiNAnalysis[[#This Row],[SAMV]:[ASH]], 5) < tblPiNAnalysis[[#This Row],[PiN más alto]], LARGE(tblPiNAnalysis[[#This Row],[SAMV]:[ASH]], 5), LARGE(tblPiNAnalysis[[#This Row],[SAMV]:[ASH]], 6) < tblPiNAnalysis[[#This Row],[PiN más alto]], LARGE(tblPiNAnalysis[[#This Row],[SAMV]:[ASH]], 6), LARGE(tblPiNAnalysis[[#This Row],[SAMV]:[ASH]], 7) <tblPiNAnalysis[[#This Row],[PiN más alto]], LARGE(tblPiNAnalysis[[#This Row],[SAMV]:[ASH]], 7), LARGE(tblPiNAnalysis[[#This Row],[SAMV]:[ASH]], 8) <= tblPiNAnalysis[[#This Row],[PiN más alto]], LARGE(tblPiNAnalysis[[#This Row],[SAMV]:[ASH]], 8)), "NA")} -> 475623.18 | AF4: {=IF(tblPiNAnalysis[[#This Row],[2º PiN más alto]]="", "", _xlfn.TEXTJOIN(CHAR(10), TRUE, IF(tblPiNAnalysis[[#This Row],[2º PiN más alto]]=tblPiNAnalysis[[#This Row],[SAMV]:[ASH]], tblPiNAnalysis[[#Headers],[SAMV]:[ASH]], "")))} -> PRO | AG4: =IFERROR(tblPiNAnalysis[[#This Row],[2º PiN más alto]]/tblPiNAnalysis[[#This Row],[Población]], "") -> 0.23927211 | AH4: =IFERROR(tblPiNAnalysis[[#This Row],[PiN más alto]]-tblPiNAnalysis[[#This Row],[2º PiN más alto]], "") -> 249920.9 | AI4: =IFERROR(((tblPiNAnalysis[[#This Row],[PiN más alto]]-tblPiNAnalysis[[#This Row],[2º PiN más alto]])/tblPiNAnalysis[[#This Row],[2º PiN más alto]]),"") -> 0.52545988 | AJ4: {=_xlfn.IFS(tblPiNAnalysis[[#This Row],[% Diferencia entre el más alto y el segundo más alto]]="", "", SUM(IF(IF(tblPiNAnalysis[[#This Row],[PiN más alto]]=tblPiNAnalysis[[#This Row],[SAMV]:[ASH]], tblPiNAnalysis[[#Headers],[SAMV]:[ASH]], "")<>"", 1, 0))>1, "",tblPiNAnalysis[[#This Row],[% Diferencia entre el más alto y el segundo más alto]]>=perc_1st_2nd, "Flagged", TRUE(), "")} -> Flagged | AK4: {=IFERROR(_xlfn.IFS(tblPiNAnalysis[[#This Row],[2º PiN más alto]]="", "", LARGE(tblPiNAnalysis[[#This Row],[SAMV]:[ASH]], 3) < tblPiNAnalysis[[#This Row],[2º PiN más alto]], LARGE(tblPiNAnalysis[[#This Row],[SAMV]:[ASH]], 3), LARGE(tblPiNAnalysis[[#This Row],[SAMV]:[ASH]], 4) < tblPiNAnalysis[[#This Row],[2º PiN más alto]], LARGE(tblPiNAnalysis[[#This Row],[SAMV]:[ASH]], 4), LARGE(tblPiNAnalysis[[#This Row],[SAMV]:[ASH]], 5) < tblPiNAnalysis[[#This Row],[2º PiN más alto]], LARGE(tblPiNAnalysis[[#This Row],[SAMV]:[ASH]], 5), LARGE(tblPiNAnalysis[[#This Row],[SAMV]:[ASH]], 6) < tblPiNAnalysis[[#This Row],[2º PiN más alto]], LARGE(tblPiNAnalysis[[#This Row],[SAMV]:[ASH]], 6), LARGE(tblPiNAnalysis[[#This Row],[SAMV]:[ASH]], 7) <tblPiNAnalysis[[#This Row],[2º PiN más alto]], LARGE(tblPiNAnalysis[[#This Row],[SAMV]:[ASH]], 7), LARGE(tblPiNAnalysis[[#This Row],[SAMV]:[ASH]], 8) <= tblPiNAnalysis[[#This Row],[2º PiN más alto]], LARGE(tblPiNAnalysis[[#This Row],[SAMV]:[ASH]], 8)), "NA")} -> 407399 | AL4: {=IF(tblPiNAnalysis[[#This Row],[3º PiN más alto]]="", "", _xlfn.TEXTJOIN(CHAR(10), TRUE, IF(tblPiNAnalysis[[#This Row],[3º PiN más alto]]=tblPiNAnalysis[[#This Row],[SAMV]:[ASH]], tblPiNAnalysis[[#Headers],[SAMV]:[ASH]], "")))} -> SAMV | AM4: =IFERROR(tblPiNAnalysis[[#This Row],[3º PiN más alto]]/tblPiNAnalysis[[#This Row],[Población]], "") -> 0.20495052 | AN4: =IFERROR(tblPiNAnalysis[[#This Row],[PiN más alto]]-tblPiNAnalysis[[#This Row],[3º PiN más alto]],"") -> 318145.08 | AO4: =IFERROR(tblPiNAnalysis[[#This Row],[Diferencia de PiN entre el más alto y el 3º más alto]]/tblPiNAnalysis[[#This Row],[3º PiN más alto]], "") -> 0.78091768 | AP4: {=_xlfn.IFS(tblPiNAnalysis[[#This Row],[Diferencia de PiN entre el más alto y el 3º más alto]]="", "", SUM(IF(IF(tblPiNAnalysis[[#This Row],[PiN más alto]]=tblPiNAnalysis[[#This Row],[SAMV]:[ASH]], tblPiNAnalysis[[#Headers],[SAMV]:[ASH]], "")<>"", 1, 0))>1, "",tblPiNAnalysis[[#This Row],[Porcentaje de diferencia entre el más alto y el 3º más alto]]>=perc_1st_3rd, "Flagged", 1=1, "")} -> Flagged | AQ4: {=IFERROR(IF(tblPiNAnalysis[[#This Row],[ID]]="", "", INDEX(tblPiNHistorical[[SAMV]:[ASH]], MATCH(tblPiNAnalysis[[#This Row],[ID]],tblPiNHistorical[ID], 0),MATCH(_xlfn._xlws.FILTER(tblPiNAnalysis[[#Headers],[SAMV]:[ASH]], tblPiNAnalysis[[#This Row],[PiN más alto]]=tblPiNAnalysis[[#This Row],[SAMV]:[ASH]]), tblPiNHistorical[[#Headers],[SAMV]:[ASH]], 0))), "")} -> 0.4 | AR4: {=IFERROR(IF(SUM(IF(ABS(INDEX(tblPiNHistorical[[SAMV]:[ASH]], MATCH(tblPiNAnalysis[[#This Row],[ID]],tblPiNHistorical[ID], 0),MATCH(_xlfn._xlws.FILTER(tblPiNAnalysis[[#Headers],[SAMV]:[ASH]], tblPiNAnalysis[[#This Row],[PiN más alto]]=tblPiNAnalysis[[#This Row],[SAMV]:[ASH]]), tblPiNHistorical[[#Headers],[SAMV]:[ASH]], 0)))>=flag_pin_historical, 1, 0))>0, "Flagged", ""), "")} | AS4: {=IFERROR(IF(tblPiNAnalysis[[#This Row],[ID]]="", "", INDEX(tblPiNHistorical[[SAMV]:[ASH]], MATCH(tblPiNAnalysis[[#This Row],[ID]],tblPiNHistorical[ID], 0),MATCH(_xlfn._xlws.FILTER(tblPiNAnalysis[[#Headers],[SAMV]:[ASH]], tblPiNAnalysis[[#This Row],[2º PiN más alto]]=tblPiNAnalysis[[#This Row],[SAMV]:[ASH]]), tblPiNHistorical[[#Headers],[SAMV]:[ASH]], 0))), "")} -> -0.1 | AT4: {=IFERROR(IF(SUM(IF(ABS(INDEX(tblPiNHistorical[[SAMV]:[ASH]], MATCH(tblPiNAnalysis[[#This Row],[ID]],tblPiNHistorical[ID], 0),MATCH(_xlfn._xlws.FILTER(tblPiNAnalysis[[#Headers],[SAMV]:[ASH]], tblPiNAnalysis[[#This Row],[2º PiN más alto]]=tblPiNAnalysis[[#This Row],[SAMV]:[ASH]]), tblPiNHistorical[[#Headers],[SAMV]:[ASH]], 0)))>=flag_pin_historical, 1, 0))>0, "Flagged", ""), "")} | AU4: =INDEX(tblSeverityAnalysis[Severidad final], MATCH(tblPiNAnalysis[[#This Row],[ID]],tblSeverityAnalysis[ID], 0)) -> 3 | AV4: =IF(tblPiNAnalysis[[#This Row],[Severidad]]>2,tblPiNAnalysis[[#This Row],[PiN más alto]],) -> 725544.08 | AY4: =COUNTIFS(tblPiNAnalysis[[#This Row],[Número de PiN ausentes/cero superior al umbral - Calidad de los datos]:[Marcador manual]],"Flagged") -> 2 | AZ4: =IF(tblPiNAnalysis[[#This Row],[Número de marcadores]]>0, "Flagged", "") -> Flagged | BA4: =tblPiNAnalysis[[#This Row],[PiN preliminar]] -> 725544.08 | BC4: =IFERROR(IF(tblPiNAnalysis[[#This Row],[Severidad]]=3,tblPiNAnalysis[[#This Row],[PiN final]]*Umbrales!$D$33,tblPiNAnalysis[[#This Row],[PiN final]]*Umbrales!$D$34),) -> 362772.04 | BD4: =IFERROR(IF(tblPiNAnalysis[[#This Row],[Severidad]]>3,tblPiNAnalysis[[#This Row],[PiN final]]*Umbrales!$D$34,),) -> 0
A5: =IFERROR(_xlfn.CONCAT(IF(tblPiNAnalysis[[#This Row],[Grupo]]="", "",tblPiNAnalysis[[#This Row],[Grupo]] ), _xlfn.IFS(tblPiNAnalysis[[#This Row],[Admin2PCODE]]<>"", tblPiNAnalysis[[#This Row],[Admin2PCODE]], tblPiNAnalysis[[#This Row],[Admin1PCODE]]<>"", tblPiNAnalysis[[#This Row],[Admin1PCODE]])),"") -> VenezolanosVE2313 | B5: Zulia | C5: VE23 | D5: Maracaibo | E5: VE2313 | G5: 1492399 | H5: Venezolanos | I5: 236854 | J5: 74440.982 | K5: 544725.64 | L5: 276989.54 | M5: 355702.25 | N5: 201473.87 | O5: 114180.42 | P5: 124495.79 | Q5: =IFERROR(IF(tblPiNAnalysis[[#This Row],[SAMV]]="", "", MROUND(tblPiNAnalysis[[#This Row],[SAMV]]/tblPiNAnalysis[[#This Row],[Población]], 0.05)), "") -> 0.15 | R5: =IFERROR(IF(tblPiNAnalysis[[#This Row],[NUT]]="", "", MROUND(tblPiNAnalysis[[#This Row],[NUT]]/tblPiNAnalysis[[#This Row],[Población]], 0.05)), "") -> 0.05 | S5: =IFERROR(IF(tblPiNAnalysis[[#This Row],[SAL]]="", "", MROUND(tblPiNAnalysis[[#This Row],[SAL]]/tblPiNAnalysis[[#This Row],[Población]], 0.05)), "") -> 0.35 | T5: =IFERROR(IF(tblPiNAnalysis[[#This Row],[EDU]]="", "", MROUND(tblPiNAnalysis[[#This Row],[EDU]]/tblPiNAnalysis[[#This Row],[Población]], 0.05)), "") -> 0.2 | U5: =IFERROR(IF(tblPiNAnalysis[[#This Row],[PRO]]="", "", MROUND(tblPiNAnalysis[[#This Row],[PRO]]/tblPiNAnalysis[[#This Row],[Población]], 0.05)), "") -> 0.25 | V5: =IFERROR(IF(tblPiNAnalysis[[#This Row],[ASH]]="", "", MROUND(tblPiNAnalysis[[#This Row],[ASH]]/tblPiNAnalysis[[#This Row],[Población]], 0.05)), "") -> 0.15 | W5: =IFERROR(MROUND(tblPiNAnalysis[[#This Row],[NNA]]/tblPiNAnalysis[[#This Row],[Población]], 0.05), "") -> 0.1 | X5: =IFERROR(MROUND(tblPiNAnalysis[[#This Row],[VBG]]/tblPiNAnalysis[[#This Row],[Población]], 0.05), "") -> 0.1 | Y5: =IFERROR(LARGE(tblPiNAnalysis[[#This Row],[SAMV]:[ASH]], 1), "") -> 544725.64 | Z5: {=IF(tblPiNAnalysis[[#This Row],[PiN más alto]]="", "", _xlfn.TEXTJOIN(CHAR(10), TRUE, IF(tblPiNAnalysis[[#This Row],[PiN más alto]]=tblPiNAnalysis[[#This Row],[SAMV]:[ASH]], tblPiNAnalysis[[#Headers],[SAMV]:[ASH]], "")))} -> SAL | AA5: =IF(tblPiNAnalysis[[#This Row],[PiN más alto]]="", "", tblPiNAnalysis[[#This Row],[PiN más alto]]/tblPiNAnalysis[[#This Row],[Población]]) -> 0.365 | AB5: =IF(SUM(tblPiNAnalysis[[#This Row],[SAMV]:[ASH]])=0, "",IF(COUNTIF(tblPiNAnalysis[[#This Row],[SAMV]:[ASH]],"=0")+COUNTIF(tblPiNAnalysis[[#This Row],[SAMV]:[ASH]],"")>=zero_pin_thresh, "Flagged", "")) | AC5: =IFERROR(IF(tblPiNAnalysis[[#This Row],[PiN más alto]]="", "", IF(tblPiNAnalysis[[#This Row],[% PiN Sectores más altos]]>=flag_pin_perc, "Flagged", "")), "") | AD5: {=IF(tblPiNAnalysis[[#This Row],[PiN más alto]]=0, "", IF(OR(COUNTIF(tblPiNAnalysis[[#This Row],[Sectores más altos]],tblSubSectorPopulation[Sector])), "Flagged", ""))} | AE5: {=IFERROR(_xlfn.IFS(tblPiNAnalysis[[#This Row],[PiN más alto]]="", "", LARGE(tblPiNAnalysis[[#This Row],[SAMV]:[ASH]], 2) < tblPiNAnalysis[[#This Row],[PiN más alto]], LARGE(tblPiNAnalysis[[#This Row],[SAMV]:[ASH]], 2), LARGE(tblPiNAnalysis[[#This Row],[SAMV]:[ASH]], 3) < tblPiNAnalysis[[#This Row],[PiN más alto]], LARGE(tblPiNAnalysis[[#This Row],[SAMV]:[ASH]], 3), LARGE(tblPiNAnalysis[[#This Row],[SAMV]:[ASH]], 4) < tblPiNAnalysis[[#This Row],[PiN más alto]], LARGE(tblPiNAnalysis[[#This Row],[SAMV]:[ASH]], 4), LARGE(tblPiNAnalysis[[#This Row],[SAMV]:[ASH]], 5) < tblPiNAnalysis[[#This Row],[PiN más alto]], LARGE(tblPiNAnalysis[[#This Row],[SAMV]:[ASH]], 5), LARGE(tblPiNAnalysis[[#This Row],[SAMV]:[ASH]], 6) < tblPiNAnalysis[[#This Row],[PiN más alto]], LARGE(tblPiNAnalysis[[#This Row],[SAMV]:[ASH]], 6), LARGE(tblPiNAnalysis[[#This Row],[SAMV]:[ASH]], 7) <tblPiNAnalysis[[#This Row],[PiN más alto]], LARGE(tblPiNAnalysis[[#This Row],[SAMV]:[ASH]], 7), LARGE(tblPiNAnalysis[[#This Row],[SAMV]:[ASH]], 8) <= tblPiNAnalysis[[#This Row],[PiN más alto]], LARGE(tblPiNAnalysis[[#This Row],[SAMV]:[ASH]], 8)), "NA")} -> 355702.25 | AF5: {=IF(tblPiNAnalysis[[#This Row],[2º PiN más alto]]="", "", _xlfn.TEXTJOIN(CHAR(10), TRUE, IF(tblPiNAnalysis[[#This Row],[2º PiN más alto]]=tblPiNAnalysis[[#This Row],[SAMV]:[ASH]], tblPiNAnalysis[[#Headers],[SAMV]:[ASH]], "")))} -> PRO | AG5: =IFERROR(tblPiNAnalysis[[#This Row],[2º PiN más alto]]/tblPiNAnalysis[[#This Row],[Población]], "") -> 0.2383426 | AH5: =IFERROR(tblPiNAnalysis[[#This Row],[PiN más alto]]-tblPiNAnalysis[[#This Row],[2º PiN más alto]], "") -> 189023.38 | AI5: =IFERROR(((tblPiNAnalysis[[#This Row],[PiN más alto]]-tblPiNAnalysis[[#This Row],[2º PiN más alto]])/tblPiNAnalysis[[#This Row],[2º PiN más alto]]),"") -> 0.53140901 | AJ5: {=_xlfn.IFS(tblPiNAnalysis[[#This Row],[% Diferencia entre el más alto y el segundo más alto]]="", "", SUM(IF(IF(tblPiNAnalysis[[#This Row],[PiN más alto]]=tblPiNAnalysis[[#This Row],[SAMV]:[ASH]], tblPiNAnalysis[[#Headers],[SAMV]:[ASH]], "")<>"", 1, 0))>1, "",tblPiNAnalysis[[#This Row],[% Diferencia entre el más alto y el segundo más alto]]>=perc_1st_2nd, "Flagged", TRUE(), "")} -> Flagged | AK5: {=IFERROR(_xlfn.IFS(tblPiNAnalysis[[#This Row],[2º PiN más alto]]="", "", LARGE(tblPiNAnalysis[[#This Row],[SAMV]:[ASH]], 3) < tblPiNAnalysis[[#This Row],[2º PiN más alto]], LARGE(tblPiNAnalysis[[#This Row],[SAMV]:[ASH]], 3), LARGE(tblPiNAnalysis[[#This Row],[SAMV]:[ASH]], 4) < tblPiNAnalysis[[#This Row],[2º PiN más alto]], LARGE(tblPiNAnalysis[[#This Row],[SAMV]:[ASH]], 4), LARGE(tblPiNAnalysis[[#This Row],[SAMV]:[ASH]], 5) < tblPiNAnalysis[[#This Row],[2º PiN más alto]], LARGE(tblPiNAnalysis[[#This Row],[SAMV]:[ASH]], 5), LARGE(tblPiNAnalysis[[#This Row],[SAMV]:[ASH]], 6) < tblPiNAnalysis[[#This Row],[2º PiN más alto]], LARGE(tblPiNAnalysis[[#This Row],[SAMV]:[ASH]], 6), LARGE(tblPiNAnalysis[[#This Row],[SAMV]:[ASH]], 7) <tblPiNAnalysis[[#This Row],[2º PiN más alto]], LARGE(tblPiNAnalysis[[#This Row],[SAMV]:[ASH]], 7), LARGE(tblPiNAnalysis[[#This Row],[SAMV]:[ASH]], 8) <= tblPiNAnalysis[[#This Row],[2º PiN más alto]], LARGE(tblPiNAnalysis[[#This Row],[SAMV]:[ASH]], 8)), "NA")} -> 276989.54 | AL5: {=IF(tblPiNAnalysis[[#This Row],[3º PiN más alto]]="", "", _xlfn.TEXTJOIN(CHAR(10), TRUE, IF(tblPiNAnalysis[[#This Row],[3º PiN más alto]]=tblPiNAnalysis[[#This Row],[SAMV]:[ASH]], tblPiNAnalysis[[#Headers],[SAMV]:[ASH]], "")))} -> EDU | AM5: =IFERROR(tblPiNAnalysis[[#This Row],[3º PiN más alto]]/tblPiNAnalysis[[#This Row],[Población]], "") -> 0.18560019 | AN5: =IFERROR(tblPiNAnalysis[[#This Row],[PiN más alto]]-tblPiNAnalysis[[#This Row],[3º PiN más alto]],"") -> 267736.09 | AO5: =IFERROR(tblPiNAnalysis[[#This Row],[Diferencia de PiN entre el más alto y el 3º más alto]]/tblPiNAnalysis[[#This Row],[3º PiN más alto]], "") -> 0.96659277 | AP5: {=_xlfn.IFS(tblPiNAnalysis[[#This Row],[Diferencia de PiN entre el más alto y el 3º más alto]]="", "", SUM(IF(IF(tblPiNAnalysis[[#This Row],[PiN más alto]]=tblPiNAnalysis[[#This Row],[SAMV]:[ASH]], tblPiNAnalysis[[#Headers],[SAMV]:[ASH]], "")<>"", 1, 0))>1, "",tblPiNAnalysis[[#This Row],[Porcentaje de diferencia entre el más alto y el 3º más alto]]>=perc_1st_3rd, "Flagged", 1=1, "")} -> Flagged | AQ5: {=IFERROR(IF(tblPiNAnalysis[[#This Row],[ID]]="", "", INDEX(tblPiNHistorical[[SAMV]:[ASH]], MATCH(tblPiNAnalysis[[#This Row],[ID]],tblPiNHistorical[ID], 0),MATCH(_xlfn._xlws.FILTER(tblPiNAnalysis[[#Headers],[SAMV]:[ASH]], tblPiNAnalysis[[#This Row],[PiN más alto]]=tblPiNAnalysis[[#This Row],[SAMV]:[ASH]]), tblPiNHistorical[[#Headers],[SAMV]:[ASH]], 0))), "")} -> -0.9 | AR5: {=IFERROR(IF(SUM(IF(ABS(INDEX(tblPiNHistorical[[SAMV]:[ASH]], MATCH(tblPiNAnalysis[[#This Row],[ID]],tblPiNHistorical[ID], 0),MATCH(_xlfn._xlws.FILTER(tblPiNAnalysis[[#Headers],[SAMV]:[ASH]], tblPiNAnalysis[[#This Row],[PiN más alto]]=tblPiNAnalysis[[#This Row],[SAMV]:[ASH]]), tblPiNHistorical[[#Headers],[SAMV]:[ASH]], 0)))>=flag_pin_historical, 1, 0))>0, "Flagged", ""), "")} | AS5: {=IFERROR(IF(tblPiNAnalysis[[#This Row],[ID]]="", "", INDEX(tblPiNHistorical[[SAMV]:[ASH]], MATCH(tblPiNAnalysis[[#This Row],[ID]],tblPiNHistorical[ID], 0),MATCH(_xlfn._xlws.FILTER(tblPiNAnalysis[[#Headers],[SAMV]:[ASH]], tblPiNAnalysis[[#This Row],[2º PiN más alto]]=tblPiNAnalysis[[#This Row],[SAMV]:[ASH]]), tblPiNHistorical[[#Headers],[SAMV]:[ASH]], 0))), "")} -> -0.7 | AT5: {=IFERROR(IF(SUM(IF(ABS(INDEX(tblPiNHistorical[[SAMV]:[ASH]], MATCH(tblPiNAnalysis[[#This Row],[ID]],tblPiNHistorical[ID], 0),MATCH(_xlfn._xlws.FILTER(tblPiNAnalysis[[#Headers],[SAMV]:[ASH]], tblPiNAnalysis[[#This Row],[2º PiN más alto]]=tblPiNAnalysis[[#This Row],[SAMV]:[ASH]]), tblPiNHistorical[[#Headers],[SAMV]:[ASH]], 0)))>=flag_pin_historical, 1, 0))>0, "Flagged", ""), "")} | AU5: =INDEX(tblSeverityAnalysis[Severidad final], MATCH(tblPiNAnalysis[[#This Row],[ID]],tblSeverityAnalysis[ID], 0)) -> 3 | AV5: =IF(tblPiNAnalysis[[#This Row],[Severidad]]>2,tblPiNAnalysis[[#This Row],[PiN más alto]],) -> 544725.64 | AY5: =COUNTIFS(tblPiNAnalysis[[#This Row],[Número de PiN ausentes/cero superior al umbral - Calidad de los datos]:[Marcador manual]],"Flagged") -> 2 | AZ5: =IF(tblPiNAnalysis[[#This Row],[Número de marcadores]]>0, "Flagged", "") -> Flagged | BA5: =tblPiNAnalysis[[#This Row],[PiN preliminar]] -> 544725.64 | BC5: =IFERROR(IF(tblPiNAnalysis[[#This Row],[Severidad]]=3,tblPiNAnalysis[[#This Row],[PiN final]]*Umbrales!$D$33,tblPiNAnalysis[[#This Row],[PiN final]]*Umbrales!$D$34),) -> 272362.82 | BD5: =IFERROR(IF(tblPiNAnalysis[[#This Row],[Severidad]]>3,tblPiNAnalysis[[#This Row],[PiN final]]*Umbrales!$D$34,),) -> 0
A6: =IFERROR(_xlfn.CONCAT(IF(tblPiNAnalysis[[#This Row],[Grupo]]="", "",tblPiNAnalysis[[#This Row],[Grupo]] ), _xlfn.IFS(tblPiNAnalysis[[#This Row],[Admin2PCODE]]<>"", tblPiNAnalysis[[#This Row],[Admin2PCODE]], tblPiNAnalysis[[#This Row],[Admin1PCODE]]<>"", tblPiNAnalysis[[#This Row],[Admin1PCODE]])),"") -> VenezolanosVE0814 | B6: Carabobo | C6: VE08 | D6: Valencia | E6: VE0814 | G6: 848590 | H6: Venezolanos | I6: 112537 | J6: 42739.616 | K6: 309735.35 | L6: 128658.03 | M6: 202269.84 | N6: 381865.5 | O6: 64928.617 | P6: 70794.442 | Q6: =IFERROR(IF(tblPiNAnalysis[[#This Row],[SAMV]]="", "", MROUND(tblPiNAnalysis[[#This Row],[SAMV]]/tblPiNAnalysis[[#This Row],[Población]], 0.05)), "") -> 0.15 | R6: =IFERROR(IF(tblPiNAnalysis[[#This Row],[NUT]]="", "", MROUND(tblPiNAnalysis[[#This Row],[NUT]]/tblPiNAnalysis[[#This Row],[Población]], 0.05)), "") -> 0.05 | S6: =IFERROR(IF(tblPiNAnalysis[[#This Row],[SAL]]="", "", MROUND(tblPiNAnalysis[[#This Row],[SAL]]/tblPiNAnalysis[[#This Row],[Población]], 0.05)), "") -> 0.35 | T6: =IFERROR(IF(tblPiNAnalysis[[#This Row],[EDU]]="", "", MROUND(tblPiNAnalysis[[#This Row],[EDU]]/tblPiNAnalysis[[#This Row],[Población]], 0.05)), "") -> 0.15 | U6: =IFERROR(IF(tblPiNAnalysis[[#This Row],[PRO]]="", "", MROUND(tblPiNAnalysis[[#This Row],[PRO]]/tblPiNAnalysis[[#This Row],[Población]], 0.05)), "") -> 0.25 | V6: =IFERROR(IF(tblPiNAnalysis[[#This Row],[ASH]]="", "", MROUND(tblPiNAnalysis[[#This Row],[ASH]]/tblPiNAnalysis[[#This Row],[Población]], 0.05)), "") -> 0.45 | W6: =IFERROR(MROUND(tblPiNAnalysis[[#This Row],[NNA]]/tblPiNAnalysis[[#This Row],[Población]], 0.05), "") -> 0.1 | X6: =IFERROR(MROUND(tblPiNAnalysis[[#This Row],[VBG]]/tblPiNAnalysis[[#This Row],[Población]], 0.05), "") -> 0.1 | Y6: =IFERROR(LARGE(tblPiNAnalysis[[#This Row],[SAMV]:[ASH]], 1), "") -> 381865.5 | Z6: {=IF(tblPiNAnalysis[[#This Row],[PiN más alto]]="", "", _xlfn.TEXTJOIN(CHAR(10), TRUE, IF(tblPiNAnalysis[[#This Row],[PiN más alto]]=tblPiNAnalysis[[#This Row],[SAMV]:[ASH]], tblPiNAnalysis[[#Headers],[SAMV]:[ASH]], "")))} -> ASH | AA6: =IF(tblPiNAnalysis[[#This Row],[PiN más alto]]="", "", tblPiNAnalysis[[#This Row],[PiN más alto]]/tblPiNAnalysis[[#This Row],[Población]]) -> 0.45 | AB6: =IF(SUM(tblPiNAnalysis[[#This Row],[SAMV]:[ASH]])=0, "",IF(COUNTIF(tblPiNAnalysis[[#This Row],[SAMV]:[ASH]],"=0")+COUNTIF(tblPiNAnalysis[[#This Row],[SAMV]:[ASH]],"")>=zero_pin_thresh, "Flagged", "")) | AC6: =IFERROR(IF(tblPiNAnalysis[[#This Row],[PiN más alto]]="", "", IF(tblPiNAnalysis[[#This Row],[% PiN Sectores más altos]]>=flag_pin_perc, "Flagged", "")), "") | AD6: {=IF(tblPiNAnalysis[[#This Row],[PiN más alto]]=0, "", IF(OR(COUNTIF(tblPiNAnalysis[[#This Row],[Sectores más altos]],tblSubSectorPopulation[Sector])), "Flagged", ""))} | AE6: {=IFERROR(_xlfn.IFS(tblPiNAnalysis[[#This Row],[PiN más alto]]="", "", LARGE(tblPiNAnalysis[[#This Row],[SAMV]:[ASH]], 2) < tblPiNAnalysis[[#This Row],[PiN más alto]], LARGE(tblPiNAnalysis[[#This Row],[SAMV]:[ASH]], 2), LARGE(tblPiNAnalysis[[#This Row],[SAMV]:[ASH]], 3) < tblPiNAnalysis[[#This Row],[PiN más alto]], LARGE(tblPiNAnalysis[[#This Row],[SAMV]:[ASH]], 3), LARGE(tblPiNAnalysis[[#This Row],[SAMV]:[ASH]], 4) < tblPiNAnalysis[[#This Row],[PiN más alto]], LARGE(tblPiNAnalysis[[#This Row],[SAMV]:[ASH]], 4), LARGE(tblPiNAnalysis[[#This Row],[SAMV]:[ASH]], 5) < tblPiNAnalysis[[#This Row],[PiN más alto]], LARGE(tblPiNAnalysis[[#This Row],[SAMV]:[ASH]], 5), LARGE(tblPiNAnalysis[[#This Row],[SAMV]:[ASH]], 6) < tblPiNAnalysis[[#This Row],[PiN más alto]], LARGE(tblPiNAnalysis[[#This Row],[SAMV]:[ASH]], 6), LARGE(tblPiNAnalysis[[#This Row],[SAMV]:[ASH]], 7) <tblPiNAnalysis[[#This Row],[PiN más alto]], LARGE(tblPiNAnalysis[[#This Row],[SAMV]:[ASH]], 7), LARGE(tblPiNAnalysis[[#This Row],[SAMV]:[ASH]], 8) <= tblPiNAnalysis[[#This Row],[PiN más alto]], LARGE(tblPiNAnalysis[[#This Row],[SAMV]:[ASH]], 8)), "NA")} -> 309735.35 | AF6: {=IF(tblPiNAnalysis[[#This Row],[2º PiN más alto]]="", "", _xlfn.TEXTJOIN(CHAR(10), TRUE, IF(tblPiNAnalysis[[#This Row],[2º PiN más alto]]=tblPiNAnalysis[[#This Row],[SAMV]:[ASH]], tblPiNAnalysis[[#Headers],[SAMV]:[ASH]], "")))} -> SAL | AG6: =IFERROR(tblPiNAnalysis[[#This Row],[2º PiN más alto]]/tblPiNAnalysis[[#This Row],[Población]], "") -> 0.365 | AH6: =IFERROR(tblPiNAnalysis[[#This Row],[PiN más alto]]-tblPiNAnalysis[[#This Row],[2º PiN más alto]], "") -> 72130.15 | AI6: =IFERROR(((tblPiNAnalysis[[#This Row],[PiN más alto]]-tblPiNAnalysis[[#This Row],[2º PiN más alto]])/tblPiNAnalysis[[#This Row],[2º PiN más alto]]),"") -> 0.23287671 | AJ6: {=_xlfn.IFS(tblPiNAnalysis[[#This Row],[% Diferencia entre el más alto y el segundo más alto]]="", "", SUM(IF(IF(tblPiNAnalysis[[#This Row],[PiN más alto]]=tblPiNAnalysis[[#This Row],[SAMV]:[ASH]], tblPiNAnalysis[[#Headers],[SAMV]:[ASH]], "")<>"", 1, 0))>1, "",tblPiNAnalysis[[#This Row],[% Diferencia entre el más alto y el segundo más alto]]>=perc_1st_2nd, "Flagged", TRUE(), "")} | AK6: {=IFERROR(_xlfn.IFS(tblPiNAnalysis[[#This Row],[2º PiN más alto]]="", "", LARGE(tblPiNAnalysis[[#This Row],[SAMV]:[ASH]], 3) < tblPiNAnalysis[[#This Row],[2º PiN más alto]], LARGE(tblPiNAnalysis[[#This Row],[SAMV]:[ASH]], 3), LARGE(tblPiNAnalysis[[#This Row],[SAMV]:[ASH]], 4) < tblPiNAnalysis[[#This Row],[2º PiN más alto]], LARGE(tblPiNAnalysis[[#This Row],[SAMV]:[ASH]], 4), LARGE(tblPiNAnalysis[[#This Row],[SAMV]:[ASH]], 5) < tblPiNAnalysis[[#This Row],[2º PiN más alto]], LARGE(tblPiNAnalysis[[#This Row],[SAMV]:[ASH]], 5), LARGE(tblPiNAnalysis[[#This Row],[SAMV]:[ASH]], 6) < tblPiNAnalysis[[#This Row],[2º PiN más alto]], LARGE(tblPiNAnalysis[[#This Row],[SAMV]:[ASH]], 6), LARGE(tblPiNAnalysis[[#This Row],[SAMV]:[ASH]], 7) <tblPiNAnalysis[[#This Row],[2º PiN más alto]], LARGE(tblPiNAnalysis[[#This Row],[SAMV]:[ASH]], 7), LARGE(tblPiNAnalysis[[#This Row],[SAMV]:[ASH]], 8) <= tblPiNAnalysis[[#This Row],[2º PiN más alto]], LARGE(tblPiNAnalysis[[#This Row],[SAMV]:[ASH]], 8)), "NA")} -> 202269.84 | AL6: {=IF(tblPiNAnalysis[[#This Row],[3º PiN más alto]]="", "", _xlfn.TEXTJOIN(CHAR(10), TRUE, IF(tblPiNAnalysis[[#This Row],[3º PiN más alto]]=tblPiNAnalysis[[#This Row],[SAMV]:[ASH]], tblPiNAnalysis[[#Headers],[SAMV]:[ASH]], "")))} -> PRO | AM6: =IFERROR(tblPiNAnalysis[[#This Row],[3º PiN más alto]]/tblPiNAnalysis[[#This Row],[Población]], "") -> 0.23835991 | AN6: =IFERROR(tblPiNAnalysis[[#This Row],[PiN más alto]]-tblPiNAnalysis[[#This Row],[3º PiN más alto]],"") -> 179595.66 | AO6: =IFERROR(tblPiNAnalysis[[#This Row],[Diferencia de PiN entre el más alto y el 3º más alto]]/tblPiNAnalysis[[#This Row],[3º PiN más alto]], "") -> 0.88790137 | AP6: {=_xlfn.IFS(tblPiNAnalysis[[#This Row],[Diferencia de PiN entre el más alto y el 3º más alto]]="", "", SUM(IF(IF(tblPiNAnalysis[[#This Row],[PiN más alto]]=tblPiNAnalysis[[#This Row],[SAMV]:[ASH]], tblPiNAnalysis[[#Headers],[SAMV]:[ASH]], "")<>"", 1, 0))>1, "",tblPiNAnalysis[[#This Row],[Porcentaje de diferencia entre el más alto y el 3º más alto]]>=perc_1st_3rd, "Flagged", 1=1, "")} -> Flagged | AQ6: {=IFERROR(IF(tblPiNAnalysis[[#This Row],[ID]]="", "", INDEX(tblPiNHistorical[[SAMV]:[ASH]], MATCH(tblPiNAnalysis[[#This Row],[ID]],tblPiNHistorical[ID], 0),MATCH(_xlfn._xlws.FILTER(tblPiNAnalysis[[#Headers],[SAMV]:[ASH]], tblPiNAnalysis[[#This Row],[PiN más alto]]=tblPiNAnalysis[[#This Row],[SAMV]:[ASH]]), tblPiNHistorical[[#Headers],[SAMV]:[ASH]], 0))), "")} -> -1 | AR6: {=IFERROR(IF(SUM(IF(ABS(INDEX(tblPiNHistorical[[SAMV]:[ASH]], MATCH(tblPiNAnalysis[[#This Row],[ID]],tblPiNHistorical[ID], 0),MATCH(_xlfn._xlws.FILTER(tblPiNAnalysis[[#Headers],[SAMV]:[ASH]], tblPiNAnalysis[[#This Row],[PiN más alto]]=tblPiNAnalysis[[#This Row],[SAMV]:[ASH]]), tblPiNHistorical[[#Headers],[SAMV]:[ASH]], 0)))>=flag_pin_historical, 1, 0))>0, "Flagged", ""), "")} -> Flagged | AS6: {=IFERROR(IF(tblPiNAnalysis[[#This Row],[ID]]="", "", INDEX(tblPiNHistorical[[SAMV]:[ASH]], MATCH(tblPiNAnalysis[[#This Row],[ID]],tblPiNHistorical[ID], 0),MATCH(_xlfn._xlws.FILTER(tblPiNAnalysis[[#Headers],[SAMV]:[ASH]], tblPiNAnalysis[[#This Row],[2º PiN más alto]]=tblPiNAnalysis[[#This Row],[SAMV]:[ASH]]), tblPiNHistorical[[#Headers],[SAMV]:[ASH]], 0))), "")} -> -0.9 | AT6: {=IFERROR(IF(SUM(IF(ABS(INDEX(tblPiNHistorical[[SAMV]:[ASH]], MATCH(tblPiNAnalysis[[#This Row],[ID]],tblPiNHistorical[ID], 0),MATCH(_xlfn._xlws.FILTER(tblPiNAnalysis[[#Headers],[SAMV]:[ASH]], tblPiNAnalysis[[#This Row],[2º PiN más alto]]=tblPiNAnalysis[[#This Row],[SAMV]:[ASH]]), tblPiNHistorical[[#Headers],[SAMV]:[ASH]], 0)))>=flag_pin_historical, 1, 0))>0, "Flagged", ""), "")} | AU6: =INDEX(tblSeverityAnalysis[Severidad final], MATCH(tblPiNAnalysis[[#This Row],[ID]],tblSeverityAnalysis[ID], 0)) -> 4 | AV6: =IF(tblPiNAnalysis[[#This Row],[Severidad]]>2,tblPiNAnalysis[[#This Row],[PiN más alto]],) -> 381865.5 | AY6: =COUNTIFS(tblPiNAnalysis[[#This Row],[Número de PiN ausentes/cero superior al umbral - Calidad de los datos]:[Marcador manual]],"Flagged") -> 2 | AZ6: =IF(tblPiNAnalysis[[#This Row],[Número de marcadores]]>0, "Flagged", "") -> Flagged | BA6: =tblPiNAnalysis[[#This Row],[PiN preliminar]] -> 381865.5 | BC6: =IFERROR(IF(tblPiNAnalysis[[#This Row],[Severidad]]=3,tblPiNAnalysis[[#This Row],[PiN final]]*Umbrales!$D$33,tblPiNAnalysis[[#This Row],[PiN final]]*Umbrales!$D$34),) -> 381865.5 | BD6: =IFERROR(IF(tblPiNAnalysis[[#This Row],[Severidad]]>3,tblPiNAnalysis[[#This Row],[PiN final]]*Umbrales!$D$34,),) -> 381865.5
A7: =IFERROR(_xlfn.CONCAT(IF(tblPiNAnalysis[[#This Row],[Grupo]]="", "",tblPiNAnalysis[[#This Row],[Grupo]] ), _xlfn.IFS(tblPiNAnalysis[[#This Row],[Admin2PCODE]]<>"", tblPiNAnalysis[[#This Row],[Admin2PCODE]], tblPiNAnalysis[[#This Row],[Admin1PCODE]]<>"", tblPiNAnalysis[[#This Row],[Admin1PCODE]])),"") -> VenezolanosVE1303 | B7: Lara | C7: VE13 | D7: Iribarren | E7: VE1303 | G7: 1018728 | H7: Venezolanos | I7: 92924 | J7: 43618.731 | K7: 371835.72 | L7: 106430.13 | M7: 202318.84 | N7: 0 | O7: 64944.349 | P7: 70811.595 | Q7: =IFERROR(IF(tblPiNAnalysis[[#This Row],[SAMV]]="", "", MROUND(tblPiNAnalysis[[#This Row],[SAMV]]/tblPiNAnalysis[[#This Row],[Población]], 0.05)), "") -> 0.1 | R7: =IFERROR(IF(tblPiNAnalysis[[#This Row],[NUT]]="", "", MROUND(tblPiNAnalysis[[#This Row],[NUT]]/tblPiNAnalysis[[#This Row],[Población]], 0.05)), "") -> 0.05 | S7: =IFERROR(IF(tblPiNAnalysis[[#This Row],[SAL]]="", "", MROUND(tblPiNAnalysis[[#This Row],[SAL]]/tblPiNAnalysis[[#This Row],[Población]], 0.05)), "") -> 0.35 | T7: =IFERROR(IF(tblPiNAnalysis[[#This Row],[EDU]]="", "", MROUND(tblPiNAnalysis[[#This Row],[EDU]]/tblPiNAnalysis[[#This Row],[Población]], 0.05)), "") -> 0.1 | U7: =IFERROR(IF(tblPiNAnalysis[[#This Row],[PRO]]="", "", MROUND(tblPiNAnalysis[[#This Row],[PRO]]/tblPiNAnalysis[[#This Row],[Población]], 0.05)), "") -> 0.2 | V7: =IFERROR(IF(tblPiNAnalysis[[#This Row],[ASH]]="", "", MROUND(tblPiNAnalysis[[#This Row],[ASH]]/tblPiNAnalysis[[#This Row],[Población]], 0.05)), "") -> 0 | W7: =IFERROR(MROUND(tblPiNAnalysis[[#This Row],[NNA]]/tblPiNAnalysis[[#This Row],[Población]], 0.05), "") -> 0.05 | X7: =IFERROR(MROUND(tblPiNAnalysis[[#This Row],[VBG]]/tblPiNAnalysis[[#This Row],[Población]], 0.05), "") -> 0.05 | Y7: =IFERROR(LARGE(tblPiNAnalysis[[#This Row],[SAMV]:[ASH]], 1), "") -> 371835.72 | Z7: {=IF(tblPiNAnalysis[[#This Row],[PiN más alto]]="", "", _xlfn.TEXTJOIN(CHAR(10), TRUE, IF(tblPiNAnalysis[[#This Row],[PiN más alto]]=tblPiNAnalysis[[#This Row],[SAMV]:[ASH]], tblPiNAnalysis[[#Headers],[SAMV]:[ASH]], "")))} -> SAL | AA7: =IF(tblPiNAnalysis[[#This Row],[PiN más alto]]="", "", tblPiNAnalysis[[#This Row],[PiN más alto]]/tblPiNAnalysis[[#This Row],[Población]]) -> 0.365 | AB7: =IF(SUM(tblPiNAnalysis[[#This Row],[SAMV]:[ASH]])=0, "",IF(COUNTIF(tblPiNAnalysis[[#This Row],[SAMV]:[ASH]],"=0")+COUNTIF(tblPiNAnalysis[[#This Row],[SAMV]:[ASH]],"")>=zero_pin_thresh, "Flagged", "")) | AC7: =IFERROR(IF(tblPiNAnalysis[[#This Row],[PiN más alto]]="", "", IF(tblPiNAnalysis[[#This Row],[% PiN Sectores más altos]]>=flag_pin_perc, "Flagged", "")), "") | AD7: {=IF(tblPiNAnalysis[[#This Row],[PiN más alto]]=0, "", IF(OR(COUNTIF(tblPiNAnalysis[[#This Row],[Sectores más altos]],tblSubSectorPopulation[Sector])), "Flagged", ""))} | AE7: {=IFERROR(_xlfn.IFS(tblPiNAnalysis[[#This Row],[PiN más alto]]="", "", LARGE(tblPiNAnalysis[[#This Row],[SAMV]:[ASH]], 2) < tblPiNAnalysis[[#This Row],[PiN más alto]], LARGE(tblPiNAnalysis[[#This Row],[SAMV]:[ASH]], 2), LARGE(tblPiNAnalysis[[#This Row],[SAMV]:[ASH]], 3) < tblPiNAnalysis[[#This Row],[PiN más alto]], LARGE(tblPiNAnalysis[[#This Row],[SAMV]:[ASH]], 3), LARGE(tblPiNAnalysis[[#This Row],[SAMV]:[ASH]], 4) < tblPiNAnalysis[[#This Row],[PiN más alto]], LARGE(tblPiNAnalysis[[#This Row],[SAMV]:[ASH]], 4), LARGE(tblPiNAnalysis[[#This Row],[SAMV]:[ASH]], 5) < tblPiNAnalysis[[#This Row],[PiN más alto]], LARGE(tblPiNAnalysis[[#This Row],[SAMV]:[ASH]], 5), LARGE(tblPiNAnalysis[[#This Row],[SAMV]:[ASH]], 6) < tblPiNAnalysis[[#This Row],[PiN más alto]], LARGE(tblPiNAnalysis[[#This Row],[SAMV]:[ASH]], 6), LARGE(tblPiNAnalysis[[#This Row],[SAMV]:[ASH]], 7) <tblPiNAnalysis[[#This Row],[PiN más alto]], LARGE(tblPiNAnalysis[[#This Row],[SAMV]:[ASH]], 7), LARGE(tblPiNAnalysis[[#This Row],[SAMV]:[ASH]], 8) <= tblPiNAnalysis[[#This Row],[PiN más alto]], LARGE(tblPiNAnalysis[[#This Row],[SAMV]:[ASH]], 8)), "NA")} -> 202318.84 | AF7: {=IF(tblPiNAnalysis[[#This Row],[2º PiN más alto]]="", "", _xlfn.TEXTJOIN(CHAR(10), TRUE, IF(tblPiNAnalysis[[#This Row],[2º PiN más alto]]=tblPiNAnalysis[[#This Row],[SAMV]:[ASH]], tblPiNAnalysis[[#Headers],[SAMV]:[ASH]], "")))} -> PRO | AG7: =IFERROR(tblPiNAnalysis[[#This Row],[2º PiN más alto]]/tblPiNAnalysis[[#This Row],[Población]], "") -> 0.19859947 | AH7: =IFERROR(tblPiNAnalysis[[#This Row],[PiN más alto]]-tblPiNAnalysis[[#This Row],[2º PiN más alto]], "") -> 169516.88 | AI7: =IFERROR(((tblPiNAnalysis[[#This Row],[PiN más alto]]-tblPiNAnalysis[[#This Row],[2º PiN más alto]])/tblPiNAnalysis[[#This Row],[2º PiN más alto]]),"") -> 0.83786994 | AJ7: {=_xlfn.IFS(tblPiNAnalysis[[#This Row],[% Diferencia entre el más alto y el segundo más alto]]="", "", SUM(IF(IF(tblPiNAnalysis[[#This Row],[PiN más alto]]=tblPiNAnalysis[[#This Row],[SAMV]:[ASH]], tblPiNAnalysis[[#Headers],[SAMV]:[ASH]], "")<>"", 1, 0))>1, "",tblPiNAnalysis[[#This Row],[% Diferencia entre el más alto y el segundo más alto]]>=perc_1st_2nd, "Flagged", TRUE(), "")} -> Flagged | AK7: {=IFERROR(_xlfn.IFS(tblPiNAnalysis[[#This Row],[2º PiN más alto]]="", "", LARGE(tblPiNAnalysis[[#This Row],[SAMV]:[ASH]], 3) < tblPiNAnalysis[[#This Row],[2º PiN más alto]], LARGE(tblPiNAnalysis[[#This Row],[SAMV]:[ASH]], 3), LARGE(tblPiNAnalysis[[#This Row],[SAMV]:[ASH]], 4) < tblPiNAnalysis[[#This Row],[2º PiN más alto]], LARGE(tblPiNAnalysis[[#This Row],[SAMV]:[ASH]], 4), LARGE(tblPiNAnalysis[[#This Row],[SAMV]:[ASH]], 5) < tblPiNAnalysis[[#This Row],[2º PiN más alto]], LARGE(tblPiNAnalysis[[#This Row],[SAMV]:[ASH]], 5), LARGE(tblPiNAnalysis[[#This Row],[SAMV]:[ASH]], 6) < tblPiNAnalysis[[#This Row],[2º PiN más alto]], LARGE(tblPiNAnalysis[[#This Row],[SAMV]:[ASH]], 6), LARGE(tblPiNAnalysis[[#This Row],[SAMV]:[ASH]], 7) <tblPiNAnalysis[[#This Row],[2º PiN más alto]], LARGE(tblPiNAnalysis[[#This Row],[SAMV]:[ASH]], 7), LARGE(tblPiNAnalysis[[#This Row],[SAMV]:[ASH]], 8) <= tblPiNAnalysis[[#This Row],[2º PiN más alto]], LARGE(tblPiNAnalysis[[#This Row],[SAMV]:[ASH]], 8)), "NA")} -> 106430.13 | AL7: {=IF(tblPiNAnalysis[[#This Row],[3º PiN más alto]]="", "", _xlfn.TEXTJOIN(CHAR(10), TRUE, IF(tblPiNAnalysis[[#This Row],[3º PiN más alto]]=tblPiNAnalysis[[#This Row],[SAMV]:[ASH]], tblPiNAnalysis[[#Headers],[SAMV]:[ASH]], "")))} -> EDU | AM7: =IFERROR(tblPiNAnalysis[[#This Row],[3º PiN más alto]]/tblPiNAnalysis[[#This Row],[Población]], "") -> 0.10447355 | AN7: =IFERROR(tblPiNAnalysis[[#This Row],[PiN más alto]]-tblPiNAnalysis[[#This Row],[3º PiN más alto]],"") -> 265405.59 | AO7: =IFERROR(tblPiNAnalysis[[#This Row],[Diferencia de PiN entre el más alto y el 3º más alto]]/tblPiNAnalysis[[#This Row],[3º PiN más alto]], "") -> 2.4937072 | AP7: {=_xlfn.IFS(tblPiNAnalysis[[#This Row],[Diferencia de PiN entre el más alto y el 3º más alto]]="", "", SUM(IF(IF(tblPiNAnalysis[[#This Row],[PiN más alto]]=tblPiNAnalysis[[#This Row],[SAMV]:[ASH]], tblPiNAnalysis[[#Headers],[SAMV]:[ASH]], "")<>"", 1, 0))>1, "",tblPiNAnalysis[[#This Row],[Porcentaje de diferencia entre el más alto y el 3º más alto]]>=perc_1st_3rd, "Flagged", 1=1, "")} -> Flagged | AQ7: {=IFERROR(IF(tblPiNAnalysis[[#This Row],[ID]]="", "", INDEX(tblPiNHistorical[[SAMV]:[ASH]], MATCH(tblPiNAnalysis[[#This Row],[ID]],tblPiNHistorical[ID], 0),MATCH(_xlfn._xlws.FILTER(tblPiNAnalysis[[#Headers],[SAMV]:[ASH]], tblPiNAnalysis[[#This Row],[PiN más alto]]=tblPiNAnalysis[[#This Row],[SAMV]:[ASH]]), tblPiNHistorical[[#Headers],[SAMV]:[ASH]], 0))), "")} -> -1 | AR7: {=IFERROR(IF(SUM(IF(ABS(INDEX(tblPiNHistorical[[SAMV]:[ASH]], MATCH(tblPiNAnalysis[[#This Row],[ID]],tblPiNHistorical[ID], 0),MATCH(_xlfn._xlws.FILTER(tblPiNAnalysis[[#Headers],[SAMV]:[ASH]], tblPiNAnalysis[[#This Row],[PiN más alto]]=tblPiNAnalysis[[#This Row],[SAMV]:[ASH]]), tblPiNHistorical[[#Headers],[SAMV]:[ASH]], 0)))>=flag_pin_historical, 1, 0))>0, "Flagged", ""), "")} -> Flagged | AS7: {=IFERROR(IF(tblPiNAnalysis[[#This Row],[ID]]="", "", INDEX(tblPiNHistorical[[SAMV]:[ASH]], MATCH(tblPiNAnalysis[[#This Row],[ID]],tblPiNHistorical[ID], 0),MATCH(_xlfn._xlws.FILTER(tblPiNAnalysis[[#Headers],[SAMV]:[ASH]], tblPiNAnalysis[[#This Row],[2º PiN más alto]]=tblPiNAnalysis[[#This Row],[SAMV]:[ASH]]), tblPiNHistorical[[#Headers],[SAMV]:[ASH]], 0))), "")} -> -0.8 | AT7: {=IFERROR(IF(SUM(IF(ABS(INDEX(tblPiNHistorical[[SAMV]:[ASH]], MATCH(tblPiNAnalysis[[#This Row],[ID]],tblPiNHistorical[ID], 0),MATCH(_xlfn._xlws.FILTER(tblPiNAnalysis[[#Headers],[SAMV]:[ASH]], tblPiNAnalysis[[#This Row],[2º PiN más alto]]=tblPiNAnalysis[[#This Row],[SAMV]:[ASH]]), tblPiNHistorical[[#Headers],[SAMV]:[ASH]], 0)))>=flag_pin_historical, 1, 0))>0, "Flagged", ""), "")} | AU7: =INDEX(tblSeverityAnalysis[Severidad final], MATCH(tblPiNAnalysis[[#This Row],[ID]],tblSeverityAnalysis[ID], 0)) -> 3 | AV7: =IF(tblPiNAnalysis[[#This Row],[Severidad]]>2,tblPiNAnalysis[[#This Row],[PiN más alto]],) -> 371835.72 | AY7: =COUNTIFS(tblPiNAnalysis[[#This Row],[Número de PiN ausentes/cero superior al umbral - Calidad de los datos]:[Marcador manual]],"Flagged") -> 3 | AZ7: =IF(tblPiNAnalysis[[#This Row],[Número de marcadores]]>0, "Flagged", "") -> Flagged | BA7: =tblPiNAnalysis[[#This Row],[PiN preliminar]] -> 371835.72 | BC7: =IFERROR(IF(tblPiNAnalysis[[#This Row],[Severidad]]=3,tblPiNAnalysis[[#This Row],[PiN final]]*Umbrales!$D$33,tblPiNAnalysis[[#This Row],[PiN final]]*Umbrales!$D$34),) -> 185917.86 | BD7: =IFERROR(IF(tblPiNAnalysis[[#This Row],[Severidad]]>3,tblPiNAnalysis[[#This Row],[PiN final]]*Umbrales!$D$34,),) -> 0
A8: =IFERROR(_xlfn.CONCAT(IF(tblPiNAnalysis[[#This Row],[Grupo]]="", "",tblPiNAnalysis[[#This Row],[Grupo]] ), _xlfn.IFS(tblPiNAnalysis[[#This Row],[Admin2PCODE]]<>"", tblPiNAnalysis[[#This Row],[Admin2PCODE]], tblPiNAnalysis[[#This Row],[Admin1PCODE]]<>"", tblPiNAnalysis[[#This Row],[Admin1PCODE]])),"") -> VenezolanosVE0701 | B8: Bolívar | C8: VE07 | D8: Caroní | E8: VE0701 | G8: 722701 | H8: Venezolanos | I8: 146423 | J8: 55309.996 | K8: 263785.86 | L8: 84391.478 | M8: 173168.1 | N8: 325215.45 | O8: 55586.961 | P8: 60608.836 | Q8: =IFERROR(IF(tblPiNAnalysis[[#This Row],[SAMV]]="", "", MROUND(tblPiNAnalysis[[#This Row],[SAMV]]/tblPiNAnalysis[[#This Row],[Población]], 0.05)), "") -> 0.2 | R8: =IFERROR(IF(tblPiNAnalysis[[#This Row],[NUT]]="", "", MROUND(tblPiNAnalysis[[#This Row],[NUT]]/tblPiNAnalysis[[#This Row],[Población]], 0.05)), "") -> 0.1 | S8: =IFERROR(IF(tblPiNAnalysis[[#This Row],[SAL]]="", "", MROUND(tblPiNAnalysis[[#This Row],[SAL]]/tblPiNAnalysis[[#This Row],[Población]], 0.05)), "") -> 0.35 | T8: =IFERROR(IF(tblPiNAnalysis[[#This Row],[EDU]]="", "", MROUND(tblPiNAnalysis[[#This Row],[EDU]]/tblPiNAnalysis[[#This Row],[Población]], 0.05)), "") -> 0.1 | U8: =IFERROR(IF(tblPiNAnalysis[[#This Row],[PRO]]="", "", MROUND(tblPiNAnalysis[[#This Row],[PRO]]/tblPiNAnalysis[[#This Row],[Población]], 0.05)), "") -> 0.25 | V8: =IFERROR(IF(tblPiNAnalysis[[#This Row],[ASH]]="", "", MROUND(tblPiNAnalysis[[#This Row],[ASH]]/tblPiNAnalysis[[#This Row],[Población]], 0.05)), "") -> 0.45 | W8: =IFERROR(MROUND(tblPiNAnalysis[[#This Row],[NNA]]/tblPiNAnalysis[[#This Row],[Población]], 0.05), "") -> 0.1 | X8: =IFERROR(MROUND(tblPiNAnalysis[[#This Row],[VBG]]/tblPiNAnalysis[[#This Row],[Población]], 0.05), "") -> 0.1 | Y8: =IFERROR(LARGE(tblPiNAnalysis[[#This Row],[SAMV]:[ASH]], 1), "") -> 325215.45 | Z8: {=IF(tblPiNAnalysis[[#This Row],[PiN más alto]]="", "", _xlfn.TEXTJOIN(CHAR(10), TRUE, IF(tblPiNAnalysis[[#This Row],[PiN más alto]]=tblPiNAnalysis[[#This Row],[SAMV]:[ASH]], tblPiNAnalysis[[#Headers],[SAMV]:[ASH]], "")))} -> ASH | AA8: =IF(tblPiNAnalysis[[#This Row],[PiN más alto]]="", "", tblPiNAnalysis[[#This Row],[PiN más alto]]/tblPiNAnalysis[[#This Row],[Población]]) -> 0.45 | AB8: =IF(SUM(tblPiNAnalysis[[#This Row],[SAMV]:[ASH]])=0, "",IF(COUNTIF(tblPiNAnalysis[[#This Row],[SAMV]:[ASH]],"=0")+COUNTIF(tblPiNAnalysis[[#This Row],[SAMV]:[ASH]],"")>=zero_pin_thresh, "Flagged", "")) | AC8: =IFERROR(IF(tblPiNAnalysis[[#This Row],[PiN más alto]]="", "", IF(tblPiNAnalysis[[#This Row],[% PiN Sectores más altos]]>=flag_pin_perc, "Flagged", "")), "") | AD8: {=IF(tblPiNAnalysis[[#This Row],[PiN más alto]]=0, "", IF(OR(COUNTIF(tblPiNAnalysis[[#This Row],[Sectores más altos]],tblSubSectorPopulation[Sector])), "Flagged", ""))} | AE8: {=IFERROR(_xlfn.IFS(tblPiNAnalysis[[#This Row],[PiN más alto]]="", "", LARGE(tblPiNAnalysis[[#This Row],[SAMV]:[ASH]], 2) < tblPiNAnalysis[[#This Row],[PiN más alto]], LARGE(tblPiNAnalysis[[#This Row],[SAMV]:[ASH]], 2), LARGE(tblPiNAnalysis[[#This Row],[SAMV]:[ASH]], 3) < tblPiNAnalysis[[#This Row],[PiN más alto]], LARGE(tblPiNAnalysis[[#This Row],[SAMV]:[ASH]], 3), LARGE(tblPiNAnalysis[[#This Row],[SAMV]:[ASH]], 4) < tblPiNAnalysis[[#This Row],[PiN más alto]], LARGE(tblPiNAnalysis[[#This Row],[SAMV]:[ASH]], 4), LARGE(tblPiNAnalysis[[#This Row],[SAMV]:[ASH]], 5) < tblPiNAnalysis[[#This Row],[PiN más alto]], LARGE(tblPiNAnalysis[[#This Row],[SAMV]:[ASH]], 5), LARGE(tblPiNAnalysis[[#This Row],[SAMV]:[ASH]], 6) < tblPiNAnalysis[[#This Row],[PiN más alto]], LARGE(tblPiNAnalysis[[#This Row],[SAMV]:[ASH]], 6), LARGE(tblPiNAnalysis[[#This Row],[SAMV]:[ASH]], 7) <tblPiNAnalysis[[#This Row],[PiN más alto]], LARGE(tblPiNAnalysis[[#This Row],[SAMV]:[ASH]], 7), LARGE(tblPiNAnalysis[[#This Row],[SAMV]:[ASH]], 8) <= tblPiNAnalysis[[#This Row],[PiN más alto]], LARGE(tblPiNAnalysis[[#This Row],[SAMV]:[ASH]], 8)), "NA")} -> 263785.86 | AF8: {=IF(tblPiNAnalysis[[#This Row],[2º PiN más alto]]="", "", _xlfn.TEXTJOIN(CHAR(10), TRUE, IF(tblPiNAnalysis[[#This Row],[2º PiN más alto]]=tblPiNAnalysis[[#This Row],[SAMV]:[ASH]], tblPiNAnalysis[[#Headers],[SAMV]:[ASH]], "")))} -> SAL | AG8: =IFERROR(tblPiNAnalysis[[#This Row],[2º PiN más alto]]/tblPiNAnalysis[[#This Row],[Población]], "") -> 0.365 | AH8: =IFERROR(tblPiNAnalysis[[#This Row],[PiN más alto]]-tblPiNAnalysis[[#This Row],[2º PiN más alto]], "") -> 61429.585 | AI8: =IFERROR(((tblPiNAnalysis[[#This Row],[PiN más alto]]-tblPiNAnalysis[[#This Row],[2º PiN más alto]])/tblPiNAnalysis[[#This Row],[2º PiN más alto]]),"") -> 0.23287671 | AJ8: {=_xlfn.IFS(tblPiNAnalysis[[#This Row],[% Diferencia entre el más alto y el segundo más alto]]="", "", SUM(IF(IF(tblPiNAnalysis[[#This Row],[PiN más alto]]=tblPiNAnalysis[[#This Row],[SAMV]:[ASH]], tblPiNAnalysis[[#Headers],[SAMV]:[ASH]], "")<>"", 1, 0))>1, "",tblPiNAnalysis[[#This Row],[% Diferencia entre el más alto y el segundo más alto]]>=perc_1st_2nd, "Flagged", TRUE(), "")} | AK8: {=IFERROR(_xlfn.IFS(tblPiNAnalysis[[#This Row],[2º PiN más alto]]="", "", LARGE(tblPiNAnalysis[[#This Row],[SAMV]:[ASH]], 3) < tblPiNAnalysis[[#This Row],[2º PiN más alto]], LARGE(tblPiNAnalysis[[#This Row],[SAMV]:[ASH]], 3), LARGE(tblPiNAnalysis[[#This Row],[SAMV]:[ASH]], 4) < tblPiNAnalysis[[#This Row],[2º PiN más alto]], LARGE(tblPiNAnalysis[[#This Row],[SAMV]:[ASH]], 4), LARGE(tblPiNAnalysis[[#This Row],[SAMV]:[ASH]], 5) < tblPiNAnalysis[[#This Row],[2º PiN más alto]], LARGE(tblPiNAnalysis[[#This Row],[SAMV]:[ASH]], 5), LARGE(tblPiNAnalysis[[#This Row],[SAMV]:[ASH]], 6) < tblPiNAnalysis[[#This Row],[2º PiN más alto]], LARGE(tblPiNAnalysis[[#This Row],[SAMV]:[ASH]], 6), LARGE(tblPiNAnalysis[[#This Row],[SAMV]:[ASH]], 7) <tblPiNAnalysis[[#This Row],[2º PiN más alto]], LARGE(tblPiNAnalysis[[#This Row],[SAMV]:[ASH]], 7), LARGE(tblPiNAnalysis[[#This Row],[SAMV]:[ASH]], 8) <= tblPiNAnalysis[[#This Row],[2º PiN más alto]], LARGE(tblPiNAnalysis[[#This Row],[SAMV]:[ASH]], 8)), "NA")} -> 173168.1 | AL8: {=IF(tblPiNAnalysis[[#This Row],[3º PiN más alto]]="", "", _xlfn.TEXTJOIN(CHAR(10), TRUE, IF(tblPiNAnalysis[[#This Row],[3º PiN más alto]]=tblPiNAnalysis[[#This Row],[SAMV]:[ASH]], tblPiNAnalysis[[#Headers],[SAMV]:[ASH]], "")))} -> PRO | AM8: =IFERROR(tblPiNAnalysis[[#This Row],[3º PiN más alto]]/tblPiNAnalysis[[#This Row],[Población]], "") -> 0.23961238 | AN8: =IFERROR(tblPiNAnalysis[[#This Row],[PiN más alto]]-tblPiNAnalysis[[#This Row],[3º PiN más alto]],"") -> 152047.35 | AO8: =IFERROR(tblPiNAnalysis[[#This Row],[Diferencia de PiN entre el más alto y el 3º más alto]]/tblPiNAnalysis[[#This Row],[3º PiN más alto]], "") -> 0.87803321 | AP8: {=_xlfn.IFS(tblPiNAnalysis[[#This Row],[Diferencia de PiN entre el más alto y el 3º más alto]]="", "", SUM(IF(IF(tblPiNAnalysis[[#This Row],[PiN más alto]]=tblPiNAnalysis[[#This Row],[SAMV]:[ASH]], tblPiNAnalysis[[#Headers],[SAMV]:[ASH]], "")<>"", 1, 0))>1, "",tblPiNAnalysis[[#This Row],[Porcentaje de diferencia entre el más alto y el 3º más alto]]>=perc_1st_3rd, "Flagged", 1=1, "")} -> Flagged | AQ8: {=IFERROR(IF(tblPiNAnalysis[[#This Row],[ID]]="", "", INDEX(tblPiNHistorical[[SAMV]:[ASH]], MATCH(tblPiNAnalysis[[#This Row],[ID]],tblPiNHistorical[ID], 0),MATCH(_xlfn._xlws.FILTER(tblPiNAnalysis[[#Headers],[SAMV]:[ASH]], tblPiNAnalysis[[#This Row],[PiN más alto]]=tblPiNAnalysis[[#This Row],[SAMV]:[ASH]]), tblPiNHistorical[[#Headers],[SAMV]:[ASH]], 0))), "")} -> -0.7 | AR8: {=IFERROR(IF(SUM(IF(ABS(INDEX(tblPiNHistorical[[SAMV]:[ASH]], MATCH(tblPiNAnalysis[[#This Row],[ID]],tblPiNHistorical[ID], 0),MATCH(_xlfn._xlws.FILTER(tblPiNAnalysis[[#Headers],[SAMV]:[ASH]], tblPiNAnalysis[[#This Row],[PiN más alto]]=tblPiNAnalysis[[#This Row],[SAMV]:[ASH]]), tblPiNHistorical[[#Headers],[SAMV]:[ASH]], 0)))>=flag_pin_historical, 1, 0))>0, "Flagged", ""), "")} | AS8: {=IFERROR(IF(tblPiNAnalysis[[#This Row],[ID]]="", "", INDEX(tblPiNHistorical[[SAMV]:[ASH]], MATCH(tblPiNAnalysis[[#This Row],[ID]],tblPiNHistorical[ID], 0),MATCH(_xlfn._xlws.FILTER(tblPiNAnalysis[[#Headers],[SAMV]:[ASH]], tblPiNAnalysis[[#This Row],[2º PiN más alto]]=tblPiNAnalysis[[#This Row],[SAMV]:[ASH]]), tblPiNHistorical[[#Headers],[SAMV]:[ASH]], 0))), "")} -> -0.9 | AT8: {=IFERROR(IF(SUM(IF(ABS(INDEX(tblPiNHistorical[[SAMV]:[ASH]], MATCH(tblPiNAnalysis[[#This Row],[ID]],tblPiNHistorical[ID], 0),MATCH(_xlfn._xlws.FILTER(tblPiNAnalysis[[#Headers],[SAMV]:[ASH]], tblPiNAnalysis[[#This Row],[2º PiN más alto]]=tblPiNAnalysis[[#This Row],[SAMV]:[ASH]]), tblPiNHistorical[[#Headers],[SAMV]:[ASH]], 0)))>=flag_pin_historical, 1, 0))>0, "Flagged", ""), "")} | AU8: =INDEX(tblSeverityAnalysis[Severidad final], MATCH(tblPiNAnalysis[[#This Row],[ID]],tblSeverityAnalysis[ID], 0)) -> 3 | AV8: =IF(tblPiNAnalysis[[#This Row],[Severidad]]>2,tblPiNAnalysis[[#This Row],[PiN más alto]],) -> 325215.45 | AY8: =COUNTIFS(tblPiNAnalysis[[#This Row],[Número de PiN ausentes/cero superior al umbral - Calidad de los datos]:[Marcador manual]],"Flagged") -> 1 | AZ8: =IF(tblPiNAnalysis[[#This Row],[Número de marcadores]]>0, "Flagged", "") -> Flagged | BA8: =tblPiNAnalysis[[#This Row],[PiN preliminar]] -> 325215.45 | BC8: =IFERROR(IF(tblPiNAnalysis[[#This Row],[Severidad]]=3,tblPiNAnalysis[[#This Row],[PiN final]]*Umbrales!$D$33,tblPiNAnalysis[[#This Row],[PiN final]]*Umbrales!$D$34),) -> 162607.73 | BD8: =IFERROR(IF(tblPiNAnalysis[[#This Row],[Severidad]]>3,tblPiNAnalysis[[#This Row],[PiN final]]*Umbrales!$D$34,),) -> 0
A9: =IFERROR(_xlfn.CONCAT(IF(tblPiNAnalysis[[#This Row],[Grupo]]="", "",tblPiNAnalysis[[#This Row],[Grupo]] ), _xlfn.IFS(tblPiNAnalysis[[#This Row],[Admin2PCODE]]<>"", tblPiNAnalysis[[#This Row],[Admin2PCODE]], tblPiNAnalysis[[#This Row],[Admin1PCODE]]<>"", tblPiNAnalysis[[#This Row],[Admin1PCODE]])),"") -> VenezolanosVE1519 | B9: Miranda | C9: VE15 | D9: Sucre | E9: VE1519 | G9: 613902 | H9: Venezolanos | I9: 95637 | J9: 32923.263 | K9: 224074.23 | L9: 89542.975 | M9: 146863.51 | N9: 276255.9 | O9: 46996.323 | P9: 51402.228 | Q9: =IFERROR(IF(tblPiNAnalysis[[#This Row],[SAMV]]="", "", MROUND(tblPiNAnalysis[[#This Row],[SAMV]]/tblPiNAnalysis[[#This Row],[Población]], 0.05)), "") -> 0.15 | R9: =IFERROR(IF(tblPiNAnalysis[[#This Row],[NUT]]="", "", MROUND(tblPiNAnalysis[[#This Row],[NUT]]/tblPiNAnalysis[[#This Row],[Población]], 0.05)), "") -> 0.05 | S9: =IFERROR(IF(tblPiNAnalysis[[#This Row],[SAL]]="", "", MROUND(tblPiNAnalysis[[#This Row],[SAL]]/tblPiNAnalysis[[#This Row],[Población]], 0.05)), "") -> 0.35 | T9: =IFERROR(IF(tblPiNAnalysis[[#This Row],[EDU]]="", "", MROUND(tblPiNAnalysis[[#This Row],[EDU]]/tblPiNAnalysis[[#This Row],[Población]], 0.05)), "") -> 0.15 | U9: =IFERROR(IF(tblPiNAnalysis[[#This Row],[PRO]]="", "", MROUND(tblPiNAnalysis[[#This Row],[PRO]]/tblPiNAnalysis[[#This Row],[Población]], 0.05)), "") -> 0.25 | V9: =IFERROR(IF(tblPiNAnalysis[[#This Row],[ASH]]="", "", MROUND(tblPiNAnalysis[[#This Row],[ASH]]/tblPiNAnalysis[[#This Row],[Población]], 0.05)), "") -> 0.45 | W9: =IFERROR(MROUND(tblPiNAnalysis[[#This Row],[NNA]]/tblPiNAnalysis[[#This Row],[Población]], 0.05), "") -> 0.1 | X9: =IFERROR(MROUND(tblPiNAnalysis[[#This Row],[VBG]]/tblPiNAnalysis[[#This Row],[Población]], 0.05), "") -> 0.1 | Y9: =IFERROR(LARGE(tblPiNAnalysis[[#This Row],[SAMV]:[ASH]], 1), "") -> 276255.9 | Z9: {=IF(tblPiNAnalysis[[#This Row],[PiN más alto]]="", "", _xlfn.TEXTJOIN(CHAR(10), TRUE, IF(tblPiNAnalysis[[#This Row],[PiN más alto]]=tblPiNAnalysis[[#This Row],[SAMV]:[ASH]], tblPiNAnalysis[[#Headers],[SAMV]:[ASH]], "")))} -> ASH | AA9: =IF(tblPiNAnalysis[[#This Row],[PiN más alto]]="", "", tblPiNAnalysis[[#This Row],[PiN más alto]]/tblPiNAnalysis[[#This Row],[Población]]) -> 0.45 | AB9: =IF(SUM(tblPiNAnalysis[[#This Row],[SAMV]:[ASH]])=0, "",IF(COUNTIF(tblPiNAnalysis[[#This Row],[SAMV]:[ASH]],"=0")+COUNTIF(tblPiNAnalysis[[#This Row],[SAMV]:[ASH]],"")>=zero_pin_thresh, "Flagged", "")) | AC9: =IFERROR(IF(tblPiNAnalysis[[#This Row],[PiN más alto]]="", "", IF(tblPiNAnalysis[[#This Row],[% PiN Sectores más altos]]>=flag_pin_perc, "Flagged", "")), "") | AD9: {=IF(tblPiNAnalysis[[#This Row],[PiN más alto]]=0, "", IF(OR(COUNTIF(tblPiNAnalysis[[#This Row],[Sectores más altos]],tblSubSectorPopulation[Sector])), "Flagged", ""))} | AE9: {=IFERROR(_xlfn.IFS(tblPiNAnalysis[[#This Row],[PiN más alto]]="", "", LARGE(tblPiNAnalysis[[#This Row],[SAMV]:[ASH]], 2) < tblPiNAnalysis[[#This Row],[PiN más alto]], LARGE(tblPiNAnalysis[[#This Row],[SAMV]:[ASH]], 2), LARGE(tblPiNAnalysis[[#This Row],[SAMV]:[ASH]], 3) < tblPiNAnalysis[[#This Row],[PiN más alto]], LARGE(tblPiNAnalysis[[#This Row],[SAMV]:[ASH]], 3), LARGE(tblPiNAnalysis[[#This Row],[SAMV]:[ASH]], 4) < tblPiNAnalysis[[#This Row],[PiN más alto]], LARGE(tblPiNAnalysis[[#This Row],[SAMV]:[ASH]], 4), LARGE(tblPiNAnalysis[[#This Row],[SAMV]:[ASH]], 5) < tblPiNAnalysis[[#This Row],[PiN más alto]], LARGE(tblPiNAnalysis[[#This Row],[SAMV]:[ASH]], 5), LARGE(tblPiNAnalysis[[#This Row],[SAMV]:[ASH]], 6) < tblPiNAnalysis[[#This Row],[PiN más alto]], LARGE(tblPiNAnalysis[[#This Row],[SAMV]:[ASH]], 6), LARGE(tblPiNAnalysis[[#This Row],[SAMV]:[ASH]], 7) <tblPiNAnalysis[[#This Row],[PiN más alto]], LARGE(tblPiNAnalysis[[#This Row],[SAMV]:[ASH]], 7), LARGE(tblPiNAnalysis[[#This Row],[SAMV]:[ASH]], 8) <= tblPiNAnalysis[[#This Row],[PiN más alto]], LARGE(tblPiNAnalysis[[#This Row],[SAMV]:[ASH]], 8)), "NA")} -> 224074.23 | AF9: {=IF(tblPiNAnalysis[[#This Row],[2º PiN más alto]]="", "", _xlfn.TEXTJOIN(CHAR(10), TRUE, IF(tblPiNAnalysis[[#This Row],[2º PiN más alto]]=tblPiNAnalysis[[#This Row],[SAMV]:[ASH]], tblPiNAnalysis[[#Headers],[SAMV]:[ASH]], "")))} -> SAL | AG9: =IFERROR(tblPiNAnalysis[[#This Row],[2º PiN más alto]]/tblPiNAnalysis[[#This Row],[Población]], "") -> 0.365 | AH9: =IFERROR(tblPiNAnalysis[[#This Row],[PiN más alto]]-tblPiNAnalysis[[#This Row],[2º PiN más alto]], "") -> 52181.67 | AI9: =IFERROR(((tblPiNAnalysis[[#This Row],[PiN más alto]]-tblPiNAnalysis[[#This Row],[2º PiN más alto]])/tblPiNAnalysis[[#This Row],[2º PiN más alto]]),"") -> 0.23287671 | AJ9: {=_xlfn.IFS(tblPiNAnalysis[[#This Row],[% Diferencia entre el más alto y el segundo más alto]]="", "", SUM(IF(IF(tblPiNAnalysis[[#This Row],[PiN más alto]]=tblPiNAnalysis[[#This Row],[SAMV]:[ASH]], tblPiNAnalysis[[#Headers],[SAMV]:[ASH]], "")<>"", 1, 0))>1, "",tblPiNAnalysis[[#This Row],[% Diferencia entre el más alto y el segundo más alto]]>=perc_1st_2nd, "Flagged", TRUE(), "")} | AK9: {=IFERROR(_xlfn.IFS(tblPiNAnalysis[[#This Row],[2º PiN más alto]]="", "", LARGE(tblPiNAnalysis[[#This Row],[SAMV]:[ASH]], 3) < tblPiNAnalysis[[#This Row],[2º PiN más alto]], LARGE(tblPiNAnalysis[[#This Row],[SAMV]:[ASH]], 3), LARGE(tblPiNAnalysis[[#This Row],[SAMV]:[ASH]], 4) < tblPiNAnalysis[[#This Row],[2º PiN más alto]], LARGE(tblPiNAnalysis[[#This Row],[SAMV]:[ASH]], 4), LARGE(tblPiNAnalysis[[#This Row],[SAMV]:[ASH]], 5) < tblPiNAnalysis[[#This Row],[2º PiN más alto]], LARGE(tblPiNAnalysis[[#This Row],[SAMV]:[ASH]], 5), LARGE(tblPiNAnalysis[[#This Row],[SAMV]:[ASH]], 6) < tblPiNAnalysis[[#This Row],[2º PiN más alto]], LARGE(tblPiNAnalysis[[#This Row],[SAMV]:[ASH]], 6), LARGE(tblPiNAnalysis[[#This Row],[SAMV]:[ASH]], 7) <tblPiNAnalysis[[#This Row],[2º PiN más alto]], LARGE(tblPiNAnalysis[[#This Row],[SAMV]:[ASH]], 7), LARGE(tblPiNAnalysis[[#This Row],[SAMV]:[ASH]], 8) <= tblPiNAnalysis[[#This Row],[2º PiN más alto]], LARGE(tblPiNAnalysis[[#This Row],[SAMV]:[ASH]], 8)), "NA")} -> 146863.51 | AL9: {=IF(tblPiNAnalysis[[#This Row],[3º PiN más alto]]="", "", _xlfn.TEXTJOIN(CHAR(10), TRUE, IF(tblPiNAnalysis[[#This Row],[3º PiN más alto]]=tblPiNAnalysis[[#This Row],[SAMV]:[ASH]], tblPiNAnalysis[[#Headers],[SAMV]:[ASH]], "")))} -> PRO | AM9: =IFERROR(tblPiNAnalysis[[#This Row],[3º PiN más alto]]/tblPiNAnalysis[[#This Row],[Población]], "") -> 0.23922957 | AN9: =IFERROR(tblPiNAnalysis[[#This Row],[PiN más alto]]-tblPiNAnalysis[[#This Row],[3º PiN más alto]],"") -> 129392.39 | AO9: =IFERROR(tblPiNAnalysis[[#This Row],[Diferencia de PiN entre el más alto y el 3º más alto]]/tblPiNAnalysis[[#This Row],[3º PiN más alto]], "") -> 0.88103839 | AP9: {=_xlfn.IFS(tblPiNAnalysis[[#This Row],[Diferencia de PiN entre el más alto y el 3º más alto]]="", "", SUM(IF(IF(tblPiNAnalysis[[#This Row],[PiN más alto]]=tblPiNAnalysis[[#This Row],[SAMV]:[ASH]], tblPiNAnalysis[[#Headers],[SAMV]:[ASH]], "")<>"", 1, 0))>1, "",tblPiNAnalysis[[#This Row],[Porcentaje de diferencia entre el más alto y el 3º más alto]]>=perc_1st_3rd, "Flagged", 1=1, "")} -> Flagged | AQ9: {=IFERROR(IF(tblPiNAnalysis[[#This Row],[ID]]="", "", INDEX(tblPiNHistorical[[SAMV]:[ASH]], MATCH(tblPiNAnalysis[[#This Row],[ID]],tblPiNHistorical[ID], 0),MATCH(_xlfn._xlws.FILTER(tblPiNAnalysis[[#Headers],[SAMV]:[ASH]], tblPiNAnalysis[[#This Row],[PiN más alto]]=tblPiNAnalysis[[#This Row],[SAMV]:[ASH]]), tblPiNHistorical[[#Headers],[SAMV]:[ASH]], 0))), "")} -> NoPIN26 120070 | AR9: {=IFERROR(IF(SUM(IF(ABS(INDEX(tblPiNHistorical[[SAMV]:[ASH]], MATCH(tblPiNAnalysis[[#This Row],[ID]],tblPiNHistorical[ID], 0),MATCH(_xlfn._xlws.FILTER(tblPiNAnalysis[[#Headers],[SAMV]:[ASH]], tblPiNAnalysis[[#This Row],[PiN más alto]]=tblPiNAnalysis[[#This Row],[SAMV]:[ASH]]), tblPiNHistorical[[#Headers],[SAMV]:[ASH]], 0)))>=flag_pin_historical, 1, 0))>0, "Flagged", ""), "")} | AS9: {=IFERROR(IF(tblPiNAnalysis[[#This Row],[ID]]="", "", INDEX(tblPiNHistorical[[SAMV]:[ASH]], MATCH(tblPiNAnalysis[[#This Row],[ID]],tblPiNHistorical[ID], 0),MATCH(_xlfn._xlws.FILTER(tblPiNAnalysis[[#Headers],[SAMV]:[ASH]], tblPiNAnalysis[[#This Row],[2º PiN más alto]]=tblPiNAnalysis[[#This Row],[SAMV]:[ASH]]), tblPiNHistorical[[#Headers],[SAMV]:[ASH]], 0))), "")} -> -1 | AT9: {=IFERROR(IF(SUM(IF(ABS(INDEX(tblPiNHistorical[[SAMV]:[ASH]], MATCH(tblPiNAnalysis[[#This Row],[ID]],tblPiNHistorical[ID], 0),MATCH(_xlfn._xlws.FILTER(tblPiNAnalysis[[#Headers],[SAMV]:[ASH]], tblPiNAnalysis[[#This Row],[2º PiN más alto]]=tblPiNAnalysis[[#This Row],[SAMV]:[ASH]]), tblPiNHistorical[[#Headers],[SAMV]:[ASH]], 0)))>=flag_pin_historical, 1, 0))>0, "Flagged", ""), "")} -> Flagged | AU9: =INDEX(tblSeverityAnalysis[Severidad final], MATCH(tblPiNAnalysis[[#This Row],[ID]],tblSeverityAnalysis[ID], 0)) -> 3 | AV9: =IF(tblPiNAnalysis[[#This Row],[Severidad]]>2,tblPiNAnalysis[[#This Row],[PiN más alto]],) -> 276255.9 | AY9: =COUNTIFS(tblPiNAnalysis[[#This Row],[Número de PiN ausentes/cero superior al umbral - Calidad de los datos]:[Marcador manual]],"Flagged") -> 2 | AZ9: =IF(tblPiNAnalysis[[#This Row],[Número de marcadores]]>0, "Flagged", "") -> Flagged | BA9: =tblPiNAnalysis[[#This Row],[PiN preliminar]] -> 276255.9 | BC9: =IFERROR(IF(tblPiNAnalysis[[#This Row],[Severidad]]=3,tblPiNAnalysis[[#This Row],[PiN final]]*Umbrales!$D$33,tblPiNAnalysis[[#This Row],[PiN final]]*Umbrales!$D$34),) -> 138127.95 | BD9: =IFERROR(IF(tblPiNAnalysis[[#This Row],[Severidad]]>3,tblPiNAnalysis[[#This Row],[PiN final]]*Umbrales!$D$34,),) -> 0
A10: =IFERROR(_xlfn.CONCAT(IF(tblPiNAnalysis[[#This Row],[Grupo]]="", "",tblPiNAnalysis[[#This Row],[Grupo]] ), _xlfn.IFS(tblPiNAnalysis[[#This Row],[Admin2PCODE]]<>"", tblPiNAnalysis[[#This Row],[Admin2PCODE]], tblPiNAnalysis[[#This Row],[Admin1PCODE]]<>"", tblPiNAnalysis[[#This Row],[Admin1PCODE]])),"") -> VenezolanosVE0318 | B10: Anzoátegui | C10: VE03 | D10: Simón Bolívar | E10: VE0318 | G10: 430938 | H10: Venezolanos | I10: 102118 | J10: 15306.588 | K10: 157292.37 | L10: 47018.272 | M10: 102856.01 | N10: 258562.8 | O10: 32913.925 | P10: 35999.605 | Q10: =IFERROR(IF(tblPiNAnalysis[[#This Row],[SAMV]]="", "", MROUND(tblPiNAnalysis[[#This Row],[SAMV]]/tblPiNAnalysis[[#This Row],[Población]], 0.05)), "") -> 0.25 | R10: =IFERROR(IF(tblPiNAnalysis[[#This Row],[NUT]]="", "", MROUND(tblPiNAnalysis[[#This Row],[NUT]]/tblPiNAnalysis[[#This Row],[Población]], 0.05)), "") -> 0.05 | S10: =IFERROR(IF(tblPiNAnalysis[[#This Row],[SAL]]="", "", MROUND(tblPiNAnalysis[[#This Row],[SAL]]/tblPiNAnalysis[[#This Row],[Población]], 0.05)), "") -> 0.35 | T10: =IFERROR(IF(tblPiNAnalysis[[#This Row],[EDU]]="", "", MROUND(tblPiNAnalysis[[#This Row],[EDU]]/tblPiNAnalysis[[#This Row],[Población]], 0.05)), "") -> 0.1 | U10: =IFERROR(IF(tblPiNAnalysis[[#This Row],[PRO]]="", "", MROUND(tblPiNAnalysis[[#This Row],[PRO]]/tblPiNAnalysis[[#This Row],[Población]], 0.05)), "") -> 0.25 | V10: =IFERROR(IF(tblPiNAnalysis[[#This Row],[ASH]]="", "", MROUND(tblPiNAnalysis[[#This Row],[ASH]]/tblPiNAnalysis[[#This Row],[Población]], 0.05)), "") -> 0.6 | W10: =IFERROR(MROUND(tblPiNAnalysis[[#This Row],[NNA]]/tblPiNAnalysis[[#This Row],[Población]], 0.05), "") -> 0.1 | X10: =IFERROR(MROUND(tblPiNAnalysis[[#This Row],[VBG]]/tblPiNAnalysis[[#This Row],[Población]], 0.05), "") -> 0.1 | Y10: =IFERROR(LARGE(tblPiNAnalysis[[#This Row],[SAMV]:[ASH]], 1), "") -> 258562.8 | Z10: {=IF(tblPiNAnalysis[[#This Row],[PiN más alto]]="", "", _xlfn.TEXTJOIN(CHAR(10), TRUE, IF(tblPiNAnalysis[[#This Row],[PiN más alto]]=tblPiNAnalysis[[#This Row],[SAMV]:[ASH]], tblPiNAnalysis[[#Headers],[SAMV]:[ASH]], "")))} -> ASH | AA10: =IF(tblPiNAnalysis[[#This Row],[PiN más alto]]="", "", tblPiNAnalysis[[#This Row],[PiN más alto]]/tblPiNAnalysis[[#This Row],[Población]]) -> 0.6 | AB10: =IF(SUM(tblPiNAnalysis[[#This Row],[SAMV]:[ASH]])=0, "",IF(COUNTIF(tblPiNAnalysis[[#This Row],[SAMV]:[ASH]],"=0")+COUNTIF(tblPiNAnalysis[[#This Row],[SAMV]:[ASH]],"")>=zero_pin_thresh, "Flagged", "")) | AC10: =IFERROR(IF(tblPiNAnalysis[[#This Row],[PiN más alto]]="", "", IF(tblPiNAnalysis[[#This Row],[% PiN Sectores más altos]]>=flag_pin_perc, "Flagged", "")), "") | AD10: {=IF(tblPiNAnalysis[[#This Row],[PiN más alto]]=0, "", IF(OR(COUNTIF(tblPiNAnalysis[[#This Row],[Sectores más altos]],tblSubSectorPopulation[Sector])), "Flagged", ""))} | AE10: {=IFERROR(_xlfn.IFS(tblPiNAnalysis[[#This Row],[PiN más alto]]="", "", LARGE(tblPiNAnalysis[[#This Row],[SAMV]:[ASH]], 2) < tblPiNAnalysis[[#This Row],[PiN más alto]], LARGE(tblPiNAnalysis[[#This Row],[SAMV]:[ASH]], 2), LARGE(tblPiNAnalysis[[#This Row],[SAMV]:[ASH]], 3) < tblPiNAnalysis[[#This Row],[PiN más alto]], LARGE(tblPiNAnalysis[[#This Row],[SAMV]:[ASH]], 3), LARGE(tblPiNAnalysis[[#This Row],[SAMV]:[ASH]], 4) < tblPiNAnalysis[[#This Row],[PiN más alto]], LARGE(tblPiNAnalysis[[#This Row],[SAMV]:[ASH]], 4), LARGE(tblPiNAnalysis[[#This Row],[SAMV]:[ASH]], 5) < tblPiNAnalysis[[#This Row],[PiN más alto]], LARGE(tblPiNAnalysis[[#This Row],[SAMV]:[ASH]], 5), LARGE(tblPiNAnalysis[[#This Row],[SAMV]:[ASH]], 6) < tblPiNAnalysis[[#This Row],[PiN más alto]], LARGE(tblPiNAnalysis[[#This Row],[SAMV]:[ASH]], 6), LARGE(tblPiNAnalysis[[#This Row],[SAMV]:[ASH]], 7) <tblPiNAnalysis[[#This Row],[PiN más alto]], LARGE(tblPiNAnalysis[[#This Row],[SAMV]:[ASH]], 7), LARGE(tblPiNAnalysis[[#This Row],[SAMV]:[ASH]], 8) <= tblPiNAnalysis[[#This Row],[PiN más alto]], LARGE(tblPiNAnalysis[[#This Row],[SAMV]:[ASH]], 8)), "NA")} -> 157292.37 | AF10: {=IF(tblPiNAnalysis[[#This Row],[2º PiN más alto]]="", "", _xlfn.TEXTJOIN(CHAR(10), TRUE, IF(tblPiNAnalysis[[#This Row],[2º PiN más alto]]=tblPiNAnalysis[[#This Row],[SAMV]:[ASH]], tblPiNAnalysis[[#Headers],[SAMV]:[ASH]], "")))} -> SAL | AG10: =IFERROR(tblPiNAnalysis[[#This Row],[2º PiN más alto]]/tblPiNAnalysis[[#This Row],[Población]], "") -> 0.365 | AH10: =IFERROR(tblPiNAnalysis[[#This Row],[PiN más alto]]-tblPiNAnalysis[[#This Row],[2º PiN más alto]], "") -> 101270.43 | AI10: =IFERROR(((tblPiNAnalysis[[#This Row],[PiN más alto]]-tblPiNAnalysis[[#This Row],[2º PiN más alto]])/tblPiNAnalysis[[#This Row],[2º PiN más alto]]),"") -> 0.64383562 | AJ10: {=_xlfn.IFS(tblPiNAnalysis[[#This Row],[% Diferencia entre el más alto y el segundo más alto]]="", "", SUM(IF(IF(tblPiNAnalysis[[#This Row],[PiN más alto]]=tblPiNAnalysis[[#This Row],[SAMV]:[ASH]], tblPiNAnalysis[[#Headers],[SAMV]:[ASH]], "")<>"", 1, 0))>1, "",tblPiNAnalysis[[#This Row],[% Diferencia entre el más alto y el segundo más alto]]>=perc_1st_2nd, "Flagged", TRUE(), "")} -> Flagged | AK10: {=IFERROR(_xlfn.IFS(tblPiNAnalysis[[#This Row],[2º PiN más alto]]="", "", LARGE(tblPiNAnalysis[[#This Row],[SAMV]:[ASH]], 3) < tblPiNAnalysis[[#This Row],[2º PiN más alto]], LARGE(tblPiNAnalysis[[#This Row],[SAMV]:[ASH]], 3), LARGE(tblPiNAnalysis[[#This Row],[SAMV]:[ASH]], 4) < tblPiNAnalysis[[#This Row],[2º PiN más alto]], LARGE(tblPiNAnalysis[[#This Row],[SAMV]:[ASH]], 4), LARGE(tblPiNAnalysis[[#This Row],[SAMV]:[ASH]], 5) < tblPiNAnalysis[[#This Row],[2º PiN más alto]], LARGE(tblPiNAnalysis[[#This Row],[SAMV]:[ASH]], 5), LARGE(tblPiNAnalysis[[#This Row],[SAMV]:[ASH]], 6) < tblPiNAnalysis[[#This Row],[2º PiN más alto]], LARGE(tblPiNAnalysis[[#This Row],[SAMV]:[ASH]], 6), LARGE(tblPiNAnalysis[[#This Row],[SAMV]:[ASH]], 7) <tblPiNAnalysis[[#This Row],[2º PiN más alto]], LARGE(tblPiNAnalysis[[#This Row],[SAMV]:[ASH]], 7), LARGE(tblPiNAnalysis[[#This Row],[SAMV]:[ASH]], 8) <= tblPiNAnalysis[[#This Row],[2º PiN más alto]], LARGE(tblPiNAnalysis[[#This Row],[SAMV]:[ASH]], 8)), "NA")} -> 102856.01 | AL10: {=IF(tblPiNAnalysis[[#This Row],[3º PiN más alto]]="", "", _xlfn.TEXTJOIN(CHAR(10), TRUE, IF(tblPiNAnalysis[[#This Row],[3º PiN más alto]]=tblPiNAnalysis[[#This Row],[SAMV]:[ASH]], tblPiNAnalysis[[#Headers],[SAMV]:[ASH]], "")))} -> PRO | AM10: =IFERROR(tblPiNAnalysis[[#This Row],[3º PiN más alto]]/tblPiNAnalysis[[#This Row],[Población]], "") -> 0.23867938 | AN10: =IFERROR(tblPiNAnalysis[[#This Row],[PiN más alto]]-tblPiNAnalysis[[#This Row],[3º PiN más alto]],"") -> 155706.79 | AO10: =IFERROR(tblPiNAnalysis[[#This Row],[Diferencia de PiN entre el más alto y el 3º más alto]]/tblPiNAnalysis[[#This Row],[3º PiN más alto]], "") -> 1.5138326 | AP10: {=_xlfn.IFS(tblPiNAnalysis[[#This Row],[Diferencia de PiN entre el más alto y el 3º más alto]]="", "", SUM(IF(IF(tblPiNAnalysis[[#This Row],[PiN más alto]]=tblPiNAnalysis[[#This Row],[SAMV]:[ASH]], tblPiNAnalysis[[#Headers],[SAMV]:[ASH]], "")<>"", 1, 0))>1, "",tblPiNAnalysis[[#This Row],[Porcentaje de diferencia entre el más alto y el 3º más alto]]>=perc_1st_3rd, "Flagged", 1=1, "")} -> Flagged | AQ10: {=IFERROR(IF(tblPiNAnalysis[[#This Row],[ID]]="", "", INDEX(tblPiNHistorical[[SAMV]:[ASH]], MATCH(tblPiNAnalysis[[#This Row],[ID]],tblPiNHistorical[ID], 0),MATCH(_xlfn._xlws.FILTER(tblPiNAnalysis[[#Headers],[SAMV]:[ASH]], tblPiNAnalysis[[#This Row],[PiN más alto]]=tblPiNAnalysis[[#This Row],[SAMV]:[ASH]]), tblPiNHistorical[[#Headers],[SAMV]:[ASH]], 0))), "")} -> -0.1 | AR10: {=IFERROR(IF(SUM(IF(ABS(INDEX(tblPiNHistorical[[SAMV]:[ASH]], MATCH(tblPiNAnalysis[[#This Row],[ID]],tblPiNHistorical[ID], 0),MATCH(_xlfn._xlws.FILTER(tblPiNAnalysis[[#Headers],[SAMV]:[ASH]], tblPiNAnalysis[[#This Row],[PiN más alto]]=tblPiNAnalysis[[#This Row],[SAMV]:[ASH]]), tblPiNHistorical[[#Headers],[SAMV]:[ASH]], 0)))>=flag_pin_historical, 1, 0))>0, "Flagged", ""), "")} | AS10: {=IFERROR(IF(tblPiNAnalysis[[#This Row],[ID]]="", "", INDEX(tblPiNHistorical[[SAMV]:[ASH]], MATCH(tblPiNAnalysis[[#This Row],[ID]],tblPiNHistorical[ID], 0),MATCH(_xlfn._xlws.FILTER(tblPiNAnalysis[[#Headers],[SAMV]:[ASH]], tblPiNAnalysis[[#This Row],[2º PiN más alto]]=tblPiNAnalysis[[#This Row],[SAMV]:[ASH]]), tblPiNHistorical[[#Headers],[SAMV]:[ASH]], 0))), "")} -> -0.6 | AT10: {=IFERROR(IF(SUM(IF(ABS(INDEX(tblPiNHistorical[[SAMV]:[ASH]], MATCH(tblPiNAnalysis[[#This Row],[ID]],tblPiNHistorical[ID], 0),MATCH(_xlfn._xlws.FILTER(tblPiNAnalysis[[#Headers],[SAMV]:[ASH]], tblPiNAnalysis[[#This Row],[2º PiN más alto]]=tblPiNAnalysis[[#This Row],[SAMV]:[ASH]]), tblPiNHistorical[[#Headers],[SAMV]:[ASH]], 0)))>=flag_pin_historical, 1, 0))>0, "Flagged", ""), "")} | AU10: =INDEX(tblSeverityAnalysis[Severidad final], MATCH(tblPiNAnalysis[[#This Row],[ID]],tblSeverityAnalysis[ID], 0)) -> 3 | AV10: =IF(tblPiNAnalysis[[#This Row],[Severidad]]>2,tblPiNAnalysis[[#This Row],[PiN más alto]],) -> 258562.8 | AY10: =COUNTIFS(tblPiNAnalysis[[#This Row],[Número de PiN ausentes/cero superior al umbral - Calidad de los datos]:[Marcador manual]],"Flagged") -> 2 | AZ10: =IF(tblPiNAnalysis[[#This Row],[Número de marcadores]]>0, "Flagged", "") -> Flagged | BA10: =tblPiNAnalysis[[#This Row],[PiN preliminar]] -> 258562.8 | BC10: =IFERROR(IF(tblPiNAnalysis[[#This Row],[Severidad]]=3,tblPiNAnalysis[[#This Row],[PiN final]]*Umbrales!$D$33,tblPiNAnalysis[[#This Row],[PiN final]]*Umbrales!$D$34),) -> 129281.4 | BD10: =IFERROR(IF(tblPiNAnalysis[[#This Row],[Severidad]]>3,tblPiNAnalysis[[#This Row],[PiN final]]*Umbrales!$D$34,),) -> 0
A11: =IFERROR(_xlfn.CONCAT(IF(tblPiNAnalysis[[#This Row],[Grupo]]="", "",tblPiNAnalysis[[#This Row],[Grupo]] ), _xlfn.IFS(tblPiNAnalysis[[#This Row],[Admin2PCODE]]<>"", tblPiNAnalysis[[#This Row],[Admin2PCODE]], tblPiNAnalysis[[#This Row],[Admin1PCODE]]<>"", tblPiNAnalysis[[#This Row],[Admin1PCODE]])),"") -> VenezolanosVE0705 | B11: Bolívar | C11: VE07 | D11: Angostura Del Orinoco | E11: VE0705 | G11: 350010 | H11: Venezolanos | I11: 112245 | J11: 12970.937 | K11: 127753.65 | L11: 44158.5 | M11: 83866.728 | N11: 210006 | O11: 26837.353 | P11: 29353.355 | Q11: =IFERROR(IF(tblPiNAnalysis[[#This Row],[SAMV]]="", "", MROUND(tblPiNAnalysis[[#This Row],[SAMV]]/tblPiNAnalysis[[#This Row],[Población]], 0.05)), "") -> 0.3 | R11: =IFERROR(IF(tblPiNAnalysis[[#This Row],[NUT]]="", "", MROUND(tblPiNAnalysis[[#This Row],[NUT]]/tblPiNAnalysis[[#This Row],[Población]], 0.05)), "") -> 0.05 | S11: =IFERROR(IF(tblPiNAnalysis[[#This Row],[SAL]]="", "", MROUND(tblPiNAnalysis[[#This Row],[SAL]]/tblPiNAnalysis[[#This Row],[Población]], 0.05)), "") -> 0.35 | T11: =IFERROR(IF(tblPiNAnalysis[[#This Row],[EDU]]="", "", MROUND(tblPiNAnalysis[[#This Row],[EDU]]/tblPiNAnalysis[[#This Row],[Población]], 0.05)), "") -> 0.15 | U11: =IFERROR(IF(tblPiNAnalysis[[#This Row],[PRO]]="", "", MROUND(tblPiNAnalysis[[#This Row],[PRO]]/tblPiNAnalysis[[#This Row],[Población]], 0.05)), "") -> 0.25 | V11: =IFERROR(IF(tblPiNAnalysis[[#This Row],[ASH]]="", "", MROUND(tblPiNAnalysis[[#This Row],[ASH]]/tblPiNAnalysis[[#This Row],[Población]], 0.05)), "") -> 0.6 | W11: =IFERROR(MROUND(tblPiNAnalysis[[#This Row],[NNA]]/tblPiNAnalysis[[#This Row],[Población]], 0.05), "") -> 0.1 | X11: =IFERROR(MROUND(tblPiNAnalysis[[#This Row],[VBG]]/tblPiNAnalysis[[#This Row],[Población]], 0.05), "") -> 0.1 | Y11: =IFERROR(LARGE(tblPiNAnalysis[[#This Row],[SAMV]:[ASH]], 1), "") -> 210006 | Z11: {=IF(tblPiNAnalysis[[#This Row],[PiN más alto]]="", "", _xlfn.TEXTJOIN(CHAR(10), TRUE, IF(tblPiNAnalysis[[#This Row],[PiN más alto]]=tblPiNAnalysis[[#This Row],[SAMV]:[ASH]], tblPiNAnalysis[[#Headers],[SAMV]:[ASH]], "")))} -> ASH | AA11: =IF(tblPiNAnalysis[[#This Row],[PiN más alto]]="", "", tblPiNAnalysis[[#This Row],[PiN más alto]]/tblPiNAnalysis[[#This Row],[Población]]) -> 0.6 | AB11: =IF(SUM(tblPiNAnalysis[[#This Row],[SAMV]:[ASH]])=0, "",IF(COUNTIF(tblPiNAnalysis[[#This Row],[SAMV]:[ASH]],"=0")+COUNTIF(tblPiNAnalysis[[#This Row],[SAMV]:[ASH]],"")>=zero_pin_thresh, "Flagged", "")) | AC11: =IFERROR(IF(tblPiNAnalysis[[#This Row],[PiN más alto]]="", "", IF(tblPiNAnalysis[[#This Row],[% PiN Sectores más altos]]>=flag_pin_perc, "Flagged", "")), "") | AD11: {=IF(tblPiNAnalysis[[#This Row],[PiN más alto]]=0, "", IF(OR(COUNTIF(tblPiNAnalysis[[#This Row],[Sectores más altos]],tblSubSectorPopulation[Sector])), "Flagged", ""))} | AE11: {=IFERROR(_xlfn.IFS(tblPiNAnalysis[[#This Row],[PiN más alto]]="", "", LARGE(tblPiNAnalysis[[#This Row],[SAMV]:[ASH]], 2) < tblPiNAnalysis[[#This Row],[PiN más alto]], LARGE(tblPiNAnalysis[[#This Row],[SAMV]:[ASH]], 2), LARGE(tblPiNAnalysis[[#This Row],[SAMV]:[ASH]], 3) < tblPiNAnalysis[[#This Row],[PiN más alto]], LARGE(tblPiNAnalysis[[#This Row],[SAMV]:[ASH]], 3), LARGE(tblPiNAnalysis[[#This Row],[SAMV]:[ASH]], 4) < tblPiNAnalysis[[#This Row],[PiN más alto]], LARGE(tblPiNAnalysis[[#This Row],[SAMV]:[ASH]], 4), LARGE(tblPiNAnalysis[[#This Row],[SAMV]:[ASH]], 5) < tblPiNAnalysis[[#This Row],[PiN más alto]], LARGE(tblPiNAnalysis[[#This Row],[SAMV]:[ASH]], 5), LARGE(tblPiNAnalysis[[#This Row],[SAMV]:[ASH]], 6) < tblPiNAnalysis[[#This Row],[PiN más alto]], LARGE(tblPiNAnalysis[[#This Row],[SAMV]:[ASH]], 6), LARGE(tblPiNAnalysis[[#This Row],[SAMV]:[ASH]], 7) <tblPiNAnalysis[[#This Row],[PiN más alto]], LARGE(tblPiNAnalysis[[#This Row],[SAMV]:[ASH]], 7), LARGE(tblPiNAnalysis[[#This Row],[SAMV]:[ASH]], 8) <= tblPiNAnalysis[[#This Row],[PiN más alto]], LARGE(tblPiNAnalysis[[#This Row],[SAMV]:[ASH]], 8)), "NA")} -> 127753.65 | AF11: {=IF(tblPiNAnalysis[[#This Row],[2º PiN más alto]]="", "", _xlfn.TEXTJOIN(CHAR(10), TRUE, IF(tblPiNAnalysis[[#This Row],[2º PiN más alto]]=tblPiNAnalysis[[#This Row],[SAMV]:[ASH]], tblPiNAnalysis[[#Headers],[SAMV]:[ASH]], "")))} -> SAL | AG11: =IFERROR(tblPiNAnalysis[[#This Row],[2º PiN más alto]]/tblPiNAnalysis[[#This Row],[Población]], "") -> 0.365 | AH11: =IFERROR(tblPiNAnalysis[[#This Row],[PiN más alto]]-tblPiNAnalysis[[#This Row],[2º PiN más alto]], "") -> 82252.35 | AI11: =IFERROR(((tblPiNAnalysis[[#This Row],[PiN más alto]]-tblPiNAnalysis[[#This Row],[2º PiN más alto]])/tblPiNAnalysis[[#This Row],[2º PiN más alto]]),"") -> 0.64383562 | AJ11: {=_xlfn.IFS(tblPiNAnalysis[[#This Row],[% Diferencia entre el más alto y el segundo más alto]]="", "", SUM(IF(IF(tblPiNAnalysis[[#This Row],[PiN más alto]]=tblPiNAnalysis[[#This Row],[SAMV]:[ASH]], tblPiNAnalysis[[#Headers],[SAMV]:[ASH]], "")<>"", 1, 0))>1, "",tblPiNAnalysis[[#This Row],[% Diferencia entre el más alto y el segundo más alto]]>=perc_1st_2nd, "Flagged", TRUE(), "")} -> Flagged | AK11: {=IFERROR(_xlfn.IFS(tblPiNAnalysis[[#This Row],[2º PiN más alto]]="", "", LARGE(tblPiNAnalysis[[#This Row],[SAMV]:[ASH]], 3) < tblPiNAnalysis[[#This Row],[2º PiN más alto]], LARGE(tblPiNAnalysis[[#This Row],[SAMV]:[ASH]], 3), LARGE(tblPiNAnalysis[[#This Row],[SAMV]:[ASH]], 4) < tblPiNAnalysis[[#This Row],[2º PiN más alto]], LARGE(tblPiNAnalysis[[#This Row],[SAMV]:[ASH]], 4), LARGE(tblPiNAnalysis[[#This Row],[SAMV]:[ASH]], 5) < tblPiNAnalysis[[#This Row],[2º PiN más alto]], LARGE(tblPiNAnalysis[[#This Row],[SAMV]:[ASH]], 5), LARGE(tblPiNAnalysis[[#This Row],[SAMV]:[ASH]], 6) < tblPiNAnalysis[[#This Row],[2º PiN más alto]], LARGE(tblPiNAnalysis[[#This Row],[SAMV]:[ASH]], 6), LARGE(tblPiNAnalysis[[#This Row],[SAMV]:[ASH]], 7) <tblPiNAnalysis[[#This Row],[2º PiN más alto]], LARGE(tblPiNAnalysis[[#This Row],[SAMV]:[ASH]], 7), LARGE(tblPiNAnalysis[[#This Row],[SAMV]:[ASH]], 8) <= tblPiNAnalysis[[#This Row],[2º PiN más alto]], LARGE(tblPiNAnalysis[[#This Row],[SAMV]:[ASH]], 8)), "NA")} -> 112245 | AL11: {=IF(tblPiNAnalysis[[#This Row],[3º PiN más alto]]="", "", _xlfn.TEXTJOIN(CHAR(10), TRUE, IF(tblPiNAnalysis[[#This Row],[3º PiN más alto]]=tblPiNAnalysis[[#This Row],[SAMV]:[ASH]], tblPiNAnalysis[[#Headers],[SAMV]:[ASH]], "")))} -> SAMV | AM11: =IFERROR(tblPiNAnalysis[[#This Row],[3º PiN más alto]]/tblPiNAnalysis[[#This Row],[Población]], "") -> 0.32069084 | AN11: =IFERROR(tblPiNAnalysis[[#This Row],[PiN más alto]]-tblPiNAnalysis[[#This Row],[3º PiN más alto]],"") -> 97761 | AO11: =IFERROR(tblPiNAnalysis[[#This Row],[Diferencia de PiN entre el más alto y el 3º más alto]]/tblPiNAnalysis[[#This Row],[3º PiN más alto]], "") -> 0.87096084 | AP11: {=_xlfn.IFS(tblPiNAnalysis[[#This Row],[Diferencia de PiN entre el más alto y el 3º más alto]]="", "", SUM(IF(IF(tblPiNAnalysis[[#This Row],[PiN más alto]]=tblPiNAnalysis[[#This Row],[SAMV]:[ASH]], tblPiNAnalysis[[#Headers],[SAMV]:[ASH]], "")<>"", 1, 0))>1, "",tblPiNAnalysis[[#This Row],[Porcentaje de diferencia entre el más alto y el 3º más alto]]>=perc_1st_3rd, "Flagged", 1=1, "")} -> Flagged | AQ11: {=IFERROR(IF(tblPiNAnalysis[[#This Row],[ID]]="", "", INDEX(tblPiNHistorical[[SAMV]:[ASH]], MATCH(tblPiNAnalysis[[#This Row],[ID]],tblPiNHistorical[ID], 0),MATCH(_xlfn._xlws.FILTER(tblPiNAnalysis[[#Headers],[SAMV]:[ASH]], tblPiNAnalysis[[#This Row],[PiN más alto]]=tblPiNAnalysis[[#This Row],[SAMV]:[ASH]]), tblPiNHistorical[[#Headers],[SAMV]:[ASH]], 0))), "")} -> New26 5335.47 | AR11: {=IFERROR(IF(SUM(IF(ABS(INDEX(tblPiNHistorical[[SAMV]:[ASH]], MATCH(tblPiNAnalysis[[#This Row],[ID]],tblPiNHistorical[ID], 0),MATCH(_xlfn._xlws.FILTER(tblPiNAnalysis[[#Headers],[SAMV]:[ASH]], tblPiNAnalysis[[#This Row],[PiN más alto]]=tblPiNAnalysis[[#This Row],[SAMV]:[ASH]]), tblPiNHistorical[[#Headers],[SAMV]:[ASH]], 0)))>=flag_pin_historical, 1, 0))>0, "Flagged", ""), "")} | AS11: {=IFERROR(IF(tblPiNAnalysis[[#This Row],[ID]]="", "", INDEX(tblPiNHistorical[[SAMV]:[ASH]], MATCH(tblPiNAnalysis[[#This Row],[ID]],tblPiNHistorical[ID], 0),MATCH(_xlfn._xlws.FILTER(tblPiNAnalysis[[#Headers],[SAMV]:[ASH]], tblPiNAnalysis[[#This Row],[2º PiN más alto]]=tblPiNAnalysis[[#This Row],[SAMV]:[ASH]]), tblPiNHistorical[[#Headers],[SAMV]:[ASH]], 0))), "")} -> -0.8 | AT11: {=IFERROR(IF(SUM(IF(ABS(INDEX(tblPiNHistorical[[SAMV]:[ASH]], MATCH(tblPiNAnalysis[[#This Row],[ID]],tblPiNHistorical[ID], 0),MATCH(_xlfn._xlws.FILTER(tblPiNAnalysis[[#Headers],[SAMV]:[ASH]], tblPiNAnalysis[[#This Row],[2º PiN más alto]]=tblPiNAnalysis[[#This Row],[SAMV]:[ASH]]), tblPiNHistorical[[#Headers],[SAMV]:[ASH]], 0)))>=flag_pin_historical, 1, 0))>0, "Flagged", ""), "")} | AU11: =INDEX(tblSeverityAnalysis[Severidad final], MATCH(tblPiNAnalysis[[#This Row],[ID]],tblSeverityAnalysis[ID], 0)) -> 3 | AV11: =IF(tblPiNAnalysis[[#This Row],[Severidad]]>2,tblPiNAnalysis[[#This Row],[PiN más alto]],) -> 210006 | AY11: =COUNTIFS(tblPiNAnalysis[[#This Row],[Número de PiN ausentes/cero superior al umbral - Calidad de los datos]:[Marcador manual]],"Flagged") -> 2 | AZ11: =IF(tblPiNAnalysis[[#This Row],[Número de marcadores]]>0, "Flagged", "") -> Flagged | BA11: =tblPiNAnalysis[[#This Row],[PiN preliminar]] -> 210006 | BC11: =IFERROR(IF(tblPiNAnalysis[[#This Row],[Severidad]]=3,tblPiNAnalysis[[#This Row],[PiN final]]*Umbrales!$D$33,tblPiNAnalysis[[#This Row],[PiN final]]*Umbrales!$D$34),) -> 105003 | BD11: =IFERROR(IF(tblPiNAnalysis[[#This Row],[Severidad]]>3,tblPiNAnalysis[[#This Row],[PiN final]]*Umbrales!$D$34,),) -> 0
A12: =IFERROR(_xlfn.CONCAT(IF(tblPiNAnalysis[[#This Row],[Grupo]]="", "",tblPiNAnalysis[[#This Row],[Grupo]] ), _xlfn.IFS(tblPiNAnalysis[[#This Row],[Admin2PCODE]]<>"", tblPiNAnalysis[[#This Row],[Admin2PCODE]], tblPiNAnalysis[[#This Row],[Admin1PCODE]]<>"", tblPiNAnalysis[[#This Row],[Admin1PCODE]])),"") -> VenezolanosVE1608 | B12: Monagas | C12: VE16 | D12: Maturín | E12: VE1608 | G12: 554507 | H12: Venezolanos | I12: 161344 | J12: 21117.765 | K12: 202395.05 | L12: 43027.272 | M12: 110727.55 | N12: 0 | O12: 35432.816 | P12: 38754.643 | Q12: =IFERROR(IF(tblPiNAnalysis[[#This Row],[SAMV]]="", "", MROUND(tblPiNAnalysis[[#This Row],[SAMV]]/tblPiNAnalysis[[#This Row],[Población]], 0.05)), "") -> 0.3 | R12: =IFERROR(IF(tblPiNAnalysis[[#This Row],[NUT]]="", "", MROUND(tblPiNAnalysis[[#This Row],[NUT]]/tblPiNAnalysis[[#This Row],[Población]], 0.05)), "") -> 0.05 | S12: =IFERROR(IF(tblPiNAnalysis[[#This Row],[SAL]]="", "", MROUND(tblPiNAnalysis[[#This Row],[SAL]]/tblPiNAnalysis[[#This Row],[Población]], 0.05)), "") -> 0.35 | T12: =IFERROR(IF(tblPiNAnalysis[[#This Row],[EDU]]="", "", MROUND(tblPiNAnalysis[[#This Row],[EDU]]/tblPiNAnalysis[[#This Row],[Población]], 0.05)), "") -> 0.1 | U12: =IFERROR(IF(tblPiNAnalysis[[#This Row],[PRO]]="", "", MROUND(tblPiNAnalysis[[#This Row],[PRO]]/tblPiNAnalysis[[#This Row],[Población]], 0.05)), "") -> 0.2 | V12: =IFERROR(IF(tblPiNAnalysis[[#This Row],[ASH]]="", "", MROUND(tblPiNAnalysis[[#This Row],[ASH]]/tblPiNAnalysis[[#This Row],[Población]], 0.05)), "") -> 0 | W12: =IFERROR(MROUND(tblPiNAnalysis[[#This Row],[NNA]]/tblPiNAnalysis[[#This Row],[Población]], 0.05), "") -> 0.05 | X12: =IFERROR(MROUND(tblPiNAnalysis[[#This Row],[VBG]]/tblPiNAnalysis[[#This Row],[Población]], 0.05), "") -> 0.05 | Y12: =IFERROR(LARGE(tblPiNAnalysis[[#This Row],[SAMV]:[ASH]], 1), "") -> 202395.05 | Z12: {=IF(tblPiNAnalysis[[#This Row],[PiN más alto]]="", "", _xlfn.TEXTJOIN(CHAR(10), TRUE, IF(tblPiNAnalysis[[#This Row],[PiN más alto]]=tblPiNAnalysis[[#This Row],[SAMV]:[ASH]], tblPiNAnalysis[[#Headers],[SAMV]:[ASH]], "")))} -> SAL | AA12: =IF(tblPiNAnalysis[[#This Row],[PiN más alto]]="", "", tblPiNAnalysis[[#This Row],[PiN más alto]]/tblPiNAnalysis[[#This Row],[Población]]) -> 0.365 | AB12: =IF(SUM(tblPiNAnalysis[[#This Row],[SAMV]:[ASH]])=0, "",IF(COUNTIF(tblPiNAnalysis[[#This Row],[SAMV]:[ASH]],"=0")+COUNTIF(tblPiNAnalysis[[#This Row],[SAMV]:[ASH]],"")>=zero_pin_thresh, "Flagged", "")) | AC12: =IFERROR(IF(tblPiNAnalysis[[#This Row],[PiN más alto]]="", "", IF(tblPiNAnalysis[[#This Row],[% PiN Sectores más altos]]>=flag_pin_perc, "Flagged", "")), "") | AD12: {=IF(tblPiNAnalysis[[#This Row],[PiN más alto]]=0, "", IF(OR(COUNTIF(tblPiNAnalysis[[#This Row],[Sectores más altos]],tblSubSectorPopulation[Sector])), "Flagged", ""))} | AE12: {=IFERROR(_xlfn.IFS(tblPiNAnalysis[[#This Row],[PiN más alto]]="", "", LARGE(tblPiNAnalysis[[#This Row],[SAMV]:[ASH]], 2) < tblPiNAnalysis[[#This Row],[PiN más alto]], LARGE(tblPiNAnalysis[[#This Row],[SAMV]:[ASH]], 2), LARGE(tblPiNAnalysis[[#This Row],[SAMV]:[ASH]], 3) < tblPiNAnalysis[[#This Row],[PiN más alto]], LARGE(tblPiNAnalysis[[#This Row],[SAMV]:[ASH]], 3), LARGE(tblPiNAnalysis[[#This Row],[SAMV]:[ASH]], 4) < tblPiNAnalysis[[#This Row],[PiN más alto]], LARGE(tblPiNAnalysis[[#This Row],[SAMV]:[ASH]], 4), LARGE(tblPiNAnalysis[[#This Row],[SAMV]:[ASH]], 5) < tblPiNAnalysis[[#This Row],[PiN más alto]], LARGE(tblPiNAnalysis[[#This Row],[SAMV]:[ASH]], 5), LARGE(tblPiNAnalysis[[#This Row],[SAMV]:[ASH]], 6) < tblPiNAnalysis[[#This Row],[PiN más alto]], LARGE(tblPiNAnalysis[[#This Row],[SAMV]:[ASH]], 6), LARGE(tblPiNAnalysis[[#This Row],[SAMV]:[ASH]], 7) <tblPiNAnalysis[[#This Row],[PiN más alto]], LARGE(tblPiNAnalysis[[#This Row],[SAMV]:[ASH]], 7), LARGE(tblPiNAnalysis[[#This Row],[SAMV]:[ASH]], 8) <= tblPiNAnalysis[[#This Row],[PiN más alto]], LARGE(tblPiNAnalysis[[#This Row],[SAMV]:[ASH]], 8)), "NA")} -> 161344 | AF12: {=IF(tblPiNAnalysis[[#This Row],[2º PiN más alto]]="", "", _xlfn.TEXTJOIN(CHAR(10), TRUE, IF(tblPiNAnalysis[[#This Row],[2º PiN más alto]]=tblPiNAnalysis[[#This Row],[SAMV]:[ASH]], tblPiNAnalysis[[#Headers],[SAMV]:[ASH]], "")))} -> SAMV | AG12: =IFERROR(tblPiNAnalysis[[#This Row],[2º PiN más alto]]/tblPiNAnalysis[[#This Row],[Población]], "") -> 0.29096837 | AH12: =IFERROR(tblPiNAnalysis[[#This Row],[PiN más alto]]-tblPiNAnalysis[[#This Row],[2º PiN más alto]], "") -> 41051.055 | AI12: =IFERROR(((tblPiNAnalysis[[#This Row],[PiN más alto]]-tblPiNAnalysis[[#This Row],[2º PiN más alto]])/tblPiNAnalysis[[#This Row],[2º PiN más alto]]),"") -> 0.25443187 | AJ12: {=_xlfn.IFS(tblPiNAnalysis[[#This Row],[% Diferencia entre el más alto y el segundo más alto]]="", "", SUM(IF(IF(tblPiNAnalysis[[#This Row],[PiN más alto]]=tblPiNAnalysis[[#This Row],[SAMV]:[ASH]], tblPiNAnalysis[[#Headers],[SAMV]:[ASH]], "")<>"", 1, 0))>1, "",tblPiNAnalysis[[#This Row],[% Diferencia entre el más alto y el segundo más alto]]>=perc_1st_2nd, "Flagged", TRUE(), "")} | AK12: {=IFERROR(_xlfn.IFS(tblPiNAnalysis[[#This Row],[2º PiN más alto]]="", "", LARGE(tblPiNAnalysis[[#This Row],[SAMV]:[ASH]], 3) < tblPiNAnalysis[[#This Row],[2º PiN más alto]], LARGE(tblPiNAnalysis[[#This Row],[SAMV]:[ASH]], 3), LARGE(tblPiNAnalysis[[#This Row],[SAMV]:[ASH]], 4) < tblPiNAnalysis[[#This Row],[2º PiN más alto]], LARGE(tblPiNAnalysis[[#This Row],[SAMV]:[ASH]], 4), LARGE(tblPiNAnalysis[[#This Row],[SAMV]:[ASH]], 5) < tblPiNAnalysis[[#This Row],[2º PiN más alto]], LARGE(tblPiNAnalysis[[#This Row],[SAMV]:[ASH]], 5), LARGE(tblPiNAnalysis[[#This Row],[SAMV]:[ASH]], 6) < tblPiNAnalysis[[#This Row],[2º PiN más alto]], LARGE(tblPiNAnalysis[[#This Row],[SAMV]:[ASH]], 6), LARGE(tblPiNAnalysis[[#This Row],[SAMV]:[ASH]], 7) <tblPiNAnalysis[[#This Row],[2º PiN más alto]], LARGE(tblPiNAnalysis[[#This Row],[SAMV]:[ASH]], 7), LARGE(tblPiNAnalysis[[#This Row],[SAMV]:[ASH]], 8) <= tblPiNAnalysis[[#This Row],[2º PiN más alto]], LARGE(tblPiNAnalysis[[#This Row],[SAMV]:[ASH]], 8)), "NA")} -> 110727.55 | AL12: {=IF(tblPiNAnalysis[[#This Row],[3º PiN más alto]]="", "", _xlfn.TEXTJOIN(CHAR(10), TRUE, IF(tblPiNAnalysis[[#This Row],[3º PiN más alto]]=tblPiNAnalysis[[#This Row],[SAMV]:[ASH]], tblPiNAnalysis[[#Headers],[SAMV]:[ASH]], "")))} -> PRO | AM12: =IFERROR(tblPiNAnalysis[[#This Row],[3º PiN más alto]]/tblPiNAnalysis[[#This Row],[Población]], "") -> 0.19968648 | AN12: =IFERROR(tblPiNAnalysis[[#This Row],[PiN más alto]]-tblPiNAnalysis[[#This Row],[3º PiN más alto]],"") -> 91667.505 | AO12: =IFERROR(tblPiNAnalysis[[#This Row],[Diferencia de PiN entre el más alto y el 3º más alto]]/tblPiNAnalysis[[#This Row],[3º PiN más alto]], "") -> 0.82786538 | AP12: {=_xlfn.IFS(tblPiNAnalysis[[#This Row],[Diferencia de PiN entre el más alto y el 3º más alto]]="", "", SUM(IF(IF(tblPiNAnalysis[[#This Row],[PiN más alto]]=tblPiNAnalysis[[#This Row],[SAMV]:[ASH]], tblPiNAnalysis[[#Headers],[SAMV]:[ASH]], "")<>"", 1, 0))>1, "",tblPiNAnalysis[[#This Row],[Porcentaje de diferencia entre el más alto y el 3º más alto]]>=perc_1st_3rd, "Flagged", 1=1, "")} -> Flagged | AQ12: {=IFERROR(IF(tblPiNAnalysis[[#This Row],[ID]]="", "", INDEX(tblPiNHistorical[[SAMV]:[ASH]], MATCH(tblPiNAnalysis[[#This Row],[ID]],tblPiNHistorical[ID], 0),MATCH(_xlfn._xlws.FILTER(tblPiNAnalysis[[#Headers],[SAMV]:[ASH]], tblPiNAnalysis[[#This Row],[PiN más alto]]=tblPiNAnalysis[[#This Row],[SAMV]:[ASH]]), tblPiNHistorical[[#Headers],[SAMV]:[ASH]], 0))), "")} -> -0.9 | AR12: {=IFERROR(IF(SUM(IF(ABS(INDEX(tblPiNHistorical[[SAMV]:[ASH]], MATCH(tblPiNAnalysis[[#This Row],[ID]],tblPiNHistorical[ID], 0),MATCH(_xlfn._xlws.FILTER(tblPiNAnalysis[[#Headers],[SAMV]:[ASH]], tblPiNAnalysis[[#This Row],[PiN más alto]]=tblPiNAnalysis[[#This Row],[SAMV]:[ASH]]), tblPiNHistorical[[#Headers],[SAMV]:[ASH]], 0)))>=flag_pin_historical, 1, 0))>0, "Flagged", ""), "")} | AS12: {=IFERROR(IF(tblPiNAnalysis[[#This Row],[ID]]="", "", INDEX(tblPiNHistorical[[SAMV]:[ASH]], MATCH(tblPiNAnalysis[[#This Row],[ID]],tblPiNHistorical[ID], 0),MATCH(_xlfn._xlws.FILTER(tblPiNAnalysis[[#Headers],[SAMV]:[ASH]], tblPiNAnalysis[[#This Row],[2º PiN más alto]]=tblPiNAnalysis[[#This Row],[SAMV]:[ASH]]), tblPiNHistorical[[#Headers],[SAMV]:[ASH]], 0))), "")} -> -1 | AT12: {=IFERROR(IF(SUM(IF(ABS(INDEX(tblPiNHistorical[[SAMV]:[ASH]], MATCH(tblPiNAnalysis[[#This Row],[ID]],tblPiNHistorical[ID], 0),MATCH(_xlfn._xlws.FILTER(tblPiNAnalysis[[#Headers],[SAMV]:[ASH]], tblPiNAnalysis[[#This Row],[2º PiN más alto]]=tblPiNAnalysis[[#This Row],[SAMV]:[ASH]]), tblPiNHistorical[[#Headers],[SAMV]:[ASH]], 0)))>=flag_pin_historical, 1, 0))>0, "Flagged", ""), "")} -> Flagged | AU12: =INDEX(tblSeverityAnalysis[Severidad final], MATCH(tblPiNAnalysis[[#This Row],[ID]],tblSeverityAnalysis[ID], 0)) -> 3 | AV12: =IF(tblPiNAnalysis[[#This Row],[Severidad]]>2,tblPiNAnalysis[[#This Row],[PiN más alto]],) -> 202395.05 | AY12: =COUNTIFS(tblPiNAnalysis[[#This Row],[Número de PiN ausentes/cero superior al umbral - Calidad de los datos]:[Marcador manual]],"Flagged") -> 2 | AZ12: =IF(tblPiNAnalysis[[#This Row],[Número de marcadores]]>0, "Flagged", "") -> Flagged | BA12: =tblPiNAnalysis[[#This Row],[PiN preliminar]] -> 202395.05 | BC12: =IFERROR(IF(tblPiNAnalysis[[#This Row],[Severidad]]=3,tblPiNAnalysis[[#This Row],[PiN final]]*Umbrales!$D$33,tblPiNAnalysis[[#This Row],[PiN final]]*Umbrales!$D$34),) -> 101197.53 | BD12: =IFERROR(IF(tblPiNAnalysis[[#This Row],[Severidad]]>3,tblPiNAnalysis[[#This Row],[PiN final]]*Umbrales!$D$34,),) -> 0
A13: =IFERROR(_xlfn.CONCAT(IF(tblPiNAnalysis[[#This Row],[Grupo]]="", "",tblPiNAnalysis[[#This Row],[Grupo]] ), _xlfn.IFS(tblPiNAnalysis[[#This Row],[Admin2PCODE]]<>"", tblPiNAnalysis[[#This Row],[Admin2PCODE]], tblPiNAnalysis[[#This Row],[Admin1PCODE]]<>"", tblPiNAnalysis[[#This Row],[Admin1PCODE]])),"") -> VenezolanosVE2317 | B13: Zulia | C13: VE23 | D13: San Francisco | E13: VE2317 | G13: 456843 | H13: Venezolanos | I13: 137605 | J13: 27277.489 | K13: 166747.7 | L13: 78557.706 | M13: 108885.15 | N13: 61673.805 | O13: 34843.247 | P13: 38109.801 | Q13: =IFERROR(IF(tblPiNAnalysis[[#This Row],[SAMV]]="", "", MROUND(tblPiNAnalysis[[#This Row],[SAMV]]/tblPiNAnalysis[[#This Row],[Población]], 0.05)), "") -> 0.3 | R13: =IFERROR(IF(tblPiNAnalysis[[#This Row],[NUT]]="", "", MROUND(tblPiNAnalysis[[#This Row],[NUT]]/tblPiNAnalysis[[#This Row],[Población]], 0.05)), "") -> 0.05 | S13: =IFERROR(IF(tblPiNAnalysis[[#This Row],[SAL]]="", "", MROUND(tblPiNAnalysis[[#This Row],[SAL]]/tblPiNAnalysis[[#This Row],[Población]], 0.05)), "") -> 0.35 | T13: =IFERROR(IF(tblPiNAnalysis[[#This Row],[EDU]]="", "", MROUND(tblPiNAnalysis[[#This Row],[EDU]]/tblPiNAnalysis[[#This Row],[Población]], 0.05)), "") -> 0.15 | U13: =IFERROR(IF(tblPiNAnalysis[[#This Row],[PRO]]="", "", MROUND(tblPiNAnalysis[[#This Row],[PRO]]/tblPiNAnalysis[[#This Row],[Población]], 0.05)), "") -> 0.25 | V13: =IFERROR(IF(tblPiNAnalysis[[#This Row],[ASH]]="", "", MROUND(tblPiNAnalysis[[#This Row],[ASH]]/tblPiNAnalysis[[#This Row],[Población]], 0.05)), "") -> 0.15 | W13: =IFERROR(MROUND(tblPiNAnalysis[[#This Row],[NNA]]/tblPiNAnalysis[[#This Row],[Población]], 0.05), "") -> 0.1 | X13: =IFERROR(MROUND(tblPiNAnalysis[[#This Row],[VBG]]/tblPiNAnalysis[[#This Row],[Población]], 0.05), "") -> 0.1 | Y13: =IFERROR(LARGE(tblPiNAnalysis[[#This Row],[SAMV]:[ASH]], 1), "") -> 166747.7 | Z13: {=IF(tblPiNAnalysis[[#This Row],[PiN más alto]]="", "", _xlfn.TEXTJOIN(CHAR(10), TRUE, IF(tblPiNAnalysis[[#This Row],[PiN más alto]]=tblPiNAnalysis[[#This Row],[SAMV]:[ASH]], tblPiNAnalysis[[#Headers],[SAMV]:[ASH]], "")))} -> SAL | AA13: =IF(tblPiNAnalysis[[#This Row],[PiN más alto]]="", "", tblPiNAnalysis[[#This Row],[PiN más alto]]/tblPiNAnalysis[[#This Row],[Población]]) -> 0.365 | AB13: =IF(SUM(tblPiNAnalysis[[#This Row],[SAMV]:[ASH]])=0, "",IF(COUNTIF(tblPiNAnalysis[[#This Row],[SAMV]:[ASH]],"=0")+COUNTIF(tblPiNAnalysis[[#This Row],[SAMV]:[ASH]],"")>=zero_pin_thresh, "Flagged", "")) | AC13: =IFERROR(IF(tblPiNAnalysis[[#This Row],[PiN más alto]]="", "", IF(tblPiNAnalysis[[#This Row],[% PiN Sectores más altos]]>=flag_pin_perc, "Flagged", "")), "") | AD13: {=IF(tblPiNAnalysis[[#This Row],[PiN más alto]]=0, "", IF(OR(COUNTIF(tblPiNAnalysis[[#This Row],[Sectores más altos]],tblSubSectorPopulation[Sector])), "Flagged", ""))} | AE13: {=IFERROR(_xlfn.IFS(tblPiNAnalysis[[#This Row],[PiN más alto]]="", "", LARGE(tblPiNAnalysis[[#This Row],[SAMV]:[ASH]], 2) < tblPiNAnalysis[[#This Row],[PiN más alto]], LARGE(tblPiNAnalysis[[#This Row],[SAMV]:[ASH]], 2), LARGE(tblPiNAnalysis[[#This Row],[SAMV]:[ASH]], 3) < tblPiNAnalysis[[#This Row],[PiN más alto]], LARGE(tblPiNAnalysis[[#This Row],[SAMV]:[ASH]], 3), LARGE(tblPiNAnalysis[[#This Row],[SAMV]:[ASH]], 4) < tblPiNAnalysis[[#This Row],[PiN más alto]], LARGE(tblPiNAnalysis[[#This Row],[SAMV]:[ASH]], 4), LARGE(tblPiNAnalysis[[#This Row],[SAMV]:[ASH]], 5) < tblPiNAnalysis[[#This Row],[PiN más alto]], LARGE(tblPiNAnalysis[[#This Row],[SAMV]:[ASH]], 5), LARGE(tblPiNAnalysis[[#This Row],[SAMV]:[ASH]], 6) < tblPiNAnalysis[[#This Row],[PiN más alto]], LARGE(tblPiNAnalysis[[#This Row],[SAMV]:[ASH]], 6), LARGE(tblPiNAnalysis[[#This Row],[SAMV]:[ASH]], 7) <tblPiNAnalysis[[#This Row],[PiN más alto]], LARGE(tblPiNAnalysis[[#This Row],[SAMV]:[ASH]], 7), LARGE(tblPiNAnalysis[[#This Row],[SAMV]:[ASH]], 8) <= tblPiNAnalysis[[#This Row],[PiN más alto]], LARGE(tblPiNAnalysis[[#This Row],[SAMV]:[ASH]], 8)), "NA")} -> 137605 | AF13: {=IF(tblPiNAnalysis[[#This Row],[2º PiN más alto]]="", "", _xlfn.TEXTJOIN(CHAR(10), TRUE, IF(tblPiNAnalysis[[#This Row],[2º PiN más alto]]=tblPiNAnalysis[[#This Row],[SAMV]:[ASH]], tblPiNAnalysis[[#Headers],[SAMV]:[ASH]], "")))} -> SAMV | AG13: =IFERROR(tblPiNAnalysis[[#This Row],[2º PiN más alto]]/tblPiNAnalysis[[#This Row],[Población]], "") -> 0.30120851 | AH13: =IFERROR(tblPiNAnalysis[[#This Row],[PiN más alto]]-tblPiNAnalysis[[#This Row],[2º PiN más alto]], "") -> 29142.695 | AI13: =IFERROR(((tblPiNAnalysis[[#This Row],[PiN más alto]]-tblPiNAnalysis[[#This Row],[2º PiN más alto]])/tblPiNAnalysis[[#This Row],[2º PiN más alto]]),"") -> 0.21178515 | AJ13: {=_xlfn.IFS(tblPiNAnalysis[[#This Row],[% Diferencia entre el más alto y el segundo más alto]]="", "", SUM(IF(IF(tblPiNAnalysis[[#This Row],[PiN más alto]]=tblPiNAnalysis[[#This Row],[SAMV]:[ASH]], tblPiNAnalysis[[#Headers],[SAMV]:[ASH]], "")<>"", 1, 0))>1, "",tblPiNAnalysis[[#This Row],[% Diferencia entre el más alto y el segundo más alto]]>=perc_1st_2nd, "Flagged", TRUE(), "")} | AK13: {=IFERROR(_xlfn.IFS(tblPiNAnalysis[[#This Row],[2º PiN más alto]]="", "", LARGE(tblPiNAnalysis[[#This Row],[SAMV]:[ASH]], 3) < tblPiNAnalysis[[#This Row],[2º PiN más alto]], LARGE(tblPiNAnalysis[[#This Row],[SAMV]:[ASH]], 3), LARGE(tblPiNAnalysis[[#This Row],[SAMV]:[ASH]], 4) < tblPiNAnalysis[[#This Row],[2º PiN más alto]], LARGE(tblPiNAnalysis[[#This Row],[SAMV]:[ASH]], 4), LARGE(tblPiNAnalysis[[#This Row],[SAMV]:[ASH]], 5) < tblPiNAnalysis[[#This Row],[2º PiN más alto]], LARGE(tblPiNAnalysis[[#This Row],[SAMV]:[ASH]], 5), LARGE(tblPiNAnalysis[[#This Row],[SAMV]:[ASH]], 6) < tblPiNAnalysis[[#This Row],[2º PiN más alto]], LARGE(tblPiNAnalysis[[#This Row],[SAMV]:[ASH]], 6), LARGE(tblPiNAnalysis[[#This Row],[SAMV]:[ASH]], 7) <tblPiNAnalysis[[#This Row],[2º PiN más alto]], LARGE(tblPiNAnalysis[[#This Row],[SAMV]:[ASH]], 7), LARGE(tblPiNAnalysis[[#This Row],[SAMV]:[ASH]], 8) <= tblPiNAnalysis[[#This Row],[2º PiN más alto]], LARGE(tblPiNAnalysis[[#This Row],[SAMV]:[ASH]], 8)), "NA")} -> 108885.15 | AL13: {=IF(tblPiNAnalysis[[#This Row],[3º PiN más alto]]="", "", _xlfn.TEXTJOIN(CHAR(10), TRUE, IF(tblPiNAnalysis[[#This Row],[3º PiN más alto]]=tblPiNAnalysis[[#This Row],[SAMV]:[ASH]], tblPiNAnalysis[[#Headers],[SAMV]:[ASH]], "")))} -> PRO | AM13: =IFERROR(tblPiNAnalysis[[#This Row],[3º PiN más alto]]/tblPiNAnalysis[[#This Row],[Población]], "") -> 0.2383426 | AN13: =IFERROR(tblPiNAnalysis[[#This Row],[PiN más alto]]-tblPiNAnalysis[[#This Row],[3º PiN más alto]],"") -> 57862.548 | AO13: =IFERROR(tblPiNAnalysis[[#This Row],[Diferencia de PiN entre el más alto y el 3º más alto]]/tblPiNAnalysis[[#This Row],[3º PiN más alto]], "") -> 0.53140901 | AP13: {=_xlfn.IFS(tblPiNAnalysis[[#This Row],[Diferencia de PiN entre el más alto y el 3º más alto]]="", "", SUM(IF(IF(tblPiNAnalysis[[#This Row],[PiN más alto]]=tblPiNAnalysis[[#This Row],[SAMV]:[ASH]], tblPiNAnalysis[[#Headers],[SAMV]:[ASH]], "")<>"", 1, 0))>1, "",tblPiNAnalysis[[#This Row],[Porcentaje de diferencia entre el más alto y el 3º más alto]]>=perc_1st_3rd, "Flagged", 1=1, "")} -> Flagged | AQ13: {=IFERROR(IF(tblPiNAnalysis[[#This Row],[ID]]="", "", INDEX(tblPiNHistorical[[SAMV]:[ASH]], MATCH(tblPiNAnalysis[[#This Row],[ID]],tblPiNHistorical[ID], 0),MATCH(_xlfn._xlws.FILTER(tblPiNAnalysis[[#Headers],[SAMV]:[ASH]], tblPiNAnalysis[[#This Row],[PiN más alto]]=tblPiNAnalysis[[#This Row],[SAMV]:[ASH]]), tblPiNHistorical[[#Headers],[SAMV]:[ASH]], 0))), "")} -> -0.8 | AR13: {=IFERROR(IF(SUM(IF(ABS(INDEX(tblPiNHistorical[[SAMV]:[ASH]], MATCH(tblPiNAnalysis[[#This Row],[ID]],tblPiNHistorical[ID], 0),MATCH(_xlfn._xlws.FILTER(tblPiNAnalysis[[#Headers],[SAMV]:[ASH]], tblPiNAnalysis[[#This Row],[PiN más alto]]=tblPiNAnalysis[[#This Row],[SAMV]:[ASH]]), tblPiNHistorical[[#Headers],[SAMV]:[ASH]], 0)))>=flag_pin_historical, 1, 0))>0, "Flagged", ""), "")} | AS13: {=IFERROR(IF(tblPiNAnalysis[[#This Row],[ID]]="", "", INDEX(tblPiNHistorical[[SAMV]:[ASH]], MATCH(tblPiNAnalysis[[#This Row],[ID]],tblPiNHistorical[ID], 0),MATCH(_xlfn._xlws.FILTER(tblPiNAnalysis[[#Headers],[SAMV]:[ASH]], tblPiNAnalysis[[#This Row],[2º PiN más alto]]=tblPiNAnalysis[[#This Row],[SAMV]:[ASH]]), tblPiNHistorical[[#Headers],[SAMV]:[ASH]], 0))), "")} -> -1 | AT13: {=IFERROR(IF(SUM(IF(ABS(INDEX(tblPiNHistorical[[SAMV]:[ASH]], MATCH(tblPiNAnalysis[[#This Row],[ID]],tblPiNHistorical[ID], 0),MATCH(_xlfn._xlws.FILTER(tblPiNAnalysis[[#Headers],[SAMV]:[ASH]], tblPiNAnalysis[[#This Row],[2º PiN más alto]]=tblPiNAnalysis[[#This Row],[SAMV]:[ASH]]), tblPiNHistorical[[#Headers],[SAMV]:[ASH]], 0)))>=flag_pin_historical, 1, 0))>0, "Flagged", ""), "")} -> Flagged | AU13: =INDEX(tblSeverityAnalysis[Severidad final], MATCH(tblPiNAnalysis[[#This Row],[ID]],tblSeverityAnalysis[ID], 0)) -> 3 | AV13: =IF(tblPiNAnalysis[[#This Row],[Severidad]]>2,tblPiNAnalysis[[#This Row],[PiN más alto]],) -> 166747.7 | AY13: =COUNTIFS(tblPiNAnalysis[[#This Row],[Número de PiN ausentes/cero superior al umbral - Calidad de los datos]:[Marcador manual]],"Flagged") -> 2 | AZ13: =IF(tblPiNAnalysis[[#This Row],[Número de marcadores]]>0, "Flagged", "") -> Flagged | BA13: =tblPiNAnalysis[[#This Row],[PiN preliminar]] -> 166747.7 | BC13: =IFERROR(IF(tblPiNAnalysis[[#This Row],[Severidad]]=3,tblPiNAnalysis[[#This Row],[PiN final]]*Umbrales!$D$33,tblPiNAnalysis[[#This Row],[PiN final]]*Umbrales!$D$34),) -> 83373.848 | BD13: =IFERROR(IF(tblPiNAnalysis[[#This Row],[Severidad]]>3,tblPiNAnalysis[[#This Row],[PiN final]]*Umbrales!$D$34,),) -> 0
A14: =IFERROR(_xlfn.CONCAT(IF(tblPiNAnalysis[[#This Row],[Grupo]]="", "",tblPiNAnalysis[[#This Row],[Grupo]] ), _xlfn.IFS(tblPiNAnalysis[[#This Row],[Admin2PCODE]]<>"", tblPiNAnalysis[[#This Row],[Admin2PCODE]], tblPiNAnalysis[[#This Row],[Admin1PCODE]]<>"", tblPiNAnalysis[[#This Row],[Admin1PCODE]])),"") -> VenezolanosVE2401 | B14: La Guaira | C14: VE24 | D14: Vargas | E14: VE2401 | G14: 360888 | H14: Venezolanos | I14: 16275 | J14: 18458.622 | K14: 131724.12 | L14: 30713.057 | M14: 143848.23 | N14: 162399.6 | O14: 46031.434 | P14: 50346.88 | Q14: =IFERROR(IF(tblPiNAnalysis[[#This Row],[SAMV]]="", "", MROUND(tblPiNAnalysis[[#This Row],[SAMV]]/tblPiNAnalysis[[#This Row],[Población]], 0.05)), "") -> 0.05 | R14: =IFERROR(IF(tblPiNAnalysis[[#This Row],[NUT]]="", "", MROUND(tblPiNAnalysis[[#This Row],[NUT]]/tblPiNAnalysis[[#This Row],[Población]], 0.05)), "") -> 0.05 | S14: =IFERROR(IF(tblPiNAnalysis[[#This Row],[SAL]]="", "", MROUND(tblPiNAnalysis[[#This Row],[SAL]]/tblPiNAnalysis[[#This Row],[Población]], 0.05)), "") -> 0.35 | T14: =IFERROR(IF(tblPiNAnalysis[[#This Row],[EDU]]="", "", MROUND(tblPiNAnalysis[[#This Row],[EDU]]/tblPiNAnalysis[[#This Row],[Población]], 0.05)), "") -> 0.1 | U14: =IFERROR(IF(tblPiNAnalysis[[#This Row],[PRO]]="", "", MROUND(tblPiNAnalysis[[#This Row],[PRO]]/tblPiNAnalysis[[#This Row],[Población]], 0.05)), "") -> 0.4 | V14: =IFERROR(IF(tblPiNAnalysis[[#This Row],[ASH]]="", "", MROUND(tblPiNAnalysis[[#This Row],[ASH]]/tblPiNAnalysis[[#This Row],[Población]], 0.05)), "") -> 0.45 | W14: =IFERROR(MROUND(tblPiNAnalysis[[#This Row],[NNA]]/tblPiNAnalysis[[#This Row],[Población]], 0.05), "") -> 0.15 | X14: =IFERROR(MROUND(tblPiNAnalysis[[#This Row],[VBG]]/tblPiNAnalysis[[#This Row],[Población]], 0.05), "") -> 0.15 | Y14: =IFERROR(LARGE(tblPiNAnalysis[[#This Row],[SAMV]:[ASH]], 1), "") -> 162399.6 | Z14: {=IF(tblPiNAnalysis[[#This Row],[PiN más alto]]="", "", _xlfn.TEXTJOIN(CHAR(10), TRUE, IF(tblPiNAnalysis[[#This Row],[PiN más alto]]=tblPiNAnalysis[[#This Row],[SAMV]:[ASH]], tblPiNAnalysis[[#Headers],[SAMV]:[ASH]], "")))} -> ASH | AA14: =IF(tblPiNAnalysis[[#This Row],[PiN más alto]]="", "", tblPiNAnalysis[[#This Row],[PiN más alto]]/tblPiNAnalysis[[#This Row],[Población]]) -> 0.45 | AB14: =IF(SUM(tblPiNAnalysis[[#This Row],[SAMV]:[ASH]])=0, "",IF(COUNTIF(tblPiNAnalysis[[#This Row],[SAMV]:[ASH]],"=0")+COUNTIF(tblPiNAnalysis[[#This Row],[SAMV]:[ASH]],"")>=zero_pin_thresh, "Flagged", "")) | AC14: =IFERROR(IF(tblPiNAnalysis[[#This Row],[PiN más alto]]="", "", IF(tblPiNAnalysis[[#This Row],[% PiN Sectores más altos]]>=flag_pin_perc, "Flagged", "")), "") | AD14: {=IF(tblPiNAnalysis[[#This Row],[PiN más alto]]=0, "", IF(OR(COUNTIF(tblPiNAnalysis[[#This Row],[Sectores más altos]],tblSubSectorPopulation[Sector])), "Flagged", ""))} | AE14: {=IFERROR(_xlfn.IFS(tblPiNAnalysis[[#This Row],[PiN más alto]]="", "", LARGE(tblPiNAnalysis[[#This Row],[SAMV]:[ASH]], 2) < tblPiNAnalysis[[#This Row],[PiN más alto]], LARGE(tblPiNAnalysis[[#This Row],[SAMV]:[ASH]], 2), LARGE(tblPiNAnalysis[[#This Row],[SAMV]:[ASH]], 3) < tblPiNAnalysis[[#This Row],[PiN más alto]], LARGE(tblPiNAnalysis[[#This Row],[SAMV]:[ASH]], 3), LARGE(tblPiNAnalysis[[#This Row],[SAMV]:[ASH]], 4) < tblPiNAnalysis[[#This Row],[PiN más alto]], LARGE(tblPiNAnalysis[[#This Row],[SAMV]:[ASH]], 4), LARGE(tblPiNAnalysis[[#This Row],[SAMV]:[ASH]], 5) < tblPiNAnalysis[[#This Row],[PiN más alto]], LARGE(tblPiNAnalysis[[#This Row],[SAMV]:[ASH]], 5), LARGE(tblPiNAnalysis[[#This Row],[SAMV]:[ASH]], 6) < tblPiNAnalysis[[#This Row],[PiN más alto]], LARGE(tblPiNAnalysis[[#This Row],[SAMV]:[ASH]], 6), LARGE(tblPiNAnalysis[[#This Row],[SAMV]:[ASH]], 7) <tblPiNAnalysis[[#This Row],[PiN más alto]], LARGE(tblPiNAnalysis[[#This Row],[SAMV]:[ASH]], 7), LARGE(tblPiNAnalysis[[#This Row],[SAMV]:[ASH]], 8) <= tblPiNAnalysis[[#This Row],[PiN más alto]], LARGE(tblPiNAnalysis[[#This Row],[SAMV]:[ASH]], 8)), "NA")} -> 143848.23 | AF14: {=IF(tblPiNAnalysis[[#This Row],[2º PiN más alto]]="", "", _xlfn.TEXTJOIN(CHAR(10), TRUE, IF(tblPiNAnalysis[[#This Row],[2º PiN más alto]]=tblPiNAnalysis[[#This Row],[SAMV]:[ASH]], tblPiNAnalysis[[#Headers],[SAMV]:[ASH]], "")))} -> PRO | AG14: =IFERROR(tblPiNAnalysis[[#This Row],[2º PiN más alto]]/tblPiNAnalysis[[#This Row],[Población]], "") -> 0.39859522 | AH14: =IFERROR(tblPiNAnalysis[[#This Row],[PiN más alto]]-tblPiNAnalysis[[#This Row],[2º PiN más alto]], "") -> 18551.37 | AI14: =IFERROR(((tblPiNAnalysis[[#This Row],[PiN más alto]]-tblPiNAnalysis[[#This Row],[2º PiN más alto]])/tblPiNAnalysis[[#This Row],[2º PiN más alto]]),"") -> 0.12896488 | AJ14: {=_xlfn.IFS(tblPiNAnalysis[[#This Row],[% Diferencia entre el más alto y el segundo más alto]]="", "", SUM(IF(IF(tblPiNAnalysis[[#This Row],[PiN más alto]]=tblPiNAnalysis[[#This Row],[SAMV]:[ASH]], tblPiNAnalysis[[#Headers],[SAMV]:[ASH]], "")<>"", 1, 0))>1, "",tblPiNAnalysis[[#This Row],[% Diferencia entre el más alto y el segundo más alto]]>=perc_1st_2nd, "Flagged", TRUE(), "")} | AK14: {=IFERROR(_xlfn.IFS(tblPiNAnalysis[[#This Row],[2º PiN más alto]]="", "", LARGE(tblPiNAnalysis[[#This Row],[SAMV]:[ASH]], 3) < tblPiNAnalysis[[#This Row],[2º PiN más alto]], LARGE(tblPiNAnalysis[[#This Row],[SAMV]:[ASH]], 3), LARGE(tblPiNAnalysis[[#This Row],[SAMV]:[ASH]], 4) < tblPiNAnalysis[[#This Row],[2º PiN más alto]], LARGE(tblPiNAnalysis[[#This Row],[SAMV]:[ASH]], 4), LARGE(tblPiNAnalysis[[#This Row],[SAMV]:[ASH]], 5) < tblPiNAnalysis[[#This Row],[2º PiN más alto]], LARGE(tblPiNAnalysis[[#This Row],[SAMV]:[ASH]], 5), LARGE(tblPiNAnalysis[[#This Row],[SAMV]:[ASH]], 6) < tblPiNAnalysis[[#This Row],[2º PiN más alto]], LARGE(tblPiNAnalysis[[#This Row],[SAMV]:[ASH]], 6), LARGE(tblPiNAnalysis[[#This Row],[SAMV]:[ASH]], 7) <tblPiNAnalysis[[#This Row],[2º PiN más alto]], LARGE(tblPiNAnalysis[[#This Row],[SAMV]:[ASH]], 7), LARGE(tblPiNAnalysis[[#This Row],[SAMV]:[ASH]], 8) <= tblPiNAnalysis[[#This Row],[2º PiN más alto]], LARGE(tblPiNAnalysis[[#This Row],[SAMV]:[ASH]], 8)), "NA")} -> 131724.12 | AL14: {=IF(tblPiNAnalysis[[#This Row],[3º PiN más alto]]="", "", _xlfn.TEXTJOIN(CHAR(10), TRUE, IF(tblPiNAnalysis[[#This Row],[3º PiN más alto]]=tblPiNAnalysis[[#This Row],[SAMV]:[ASH]], tblPiNAnalysis[[#Headers],[SAMV]:[ASH]], "")))} -> SAL | AM14: =IFERROR(tblPiNAnalysis[[#This Row],[3º PiN más alto]]/tblPiNAnalysis[[#This Row],[Población]], "") -> 0.365 | AN14: =IFERROR(tblPiNAnalysis[[#This Row],[PiN más alto]]-tblPiNAnalysis[[#This Row],[3º PiN más alto]],"") -> 30675.48 | AO14: =IFERROR(tblPiNAnalysis[[#This Row],[Diferencia de PiN entre el más alto y el 3º más alto]]/tblPiNAnalysis[[#This Row],[3º PiN más alto]], "") -> 0.23287671 | AP14: {=_xlfn.IFS(tblPiNAnalysis[[#This Row],[Diferencia de PiN entre el más alto y el 3º más alto]]="", "", SUM(IF(IF(tblPiNAnalysis[[#This Row],[PiN más alto]]=tblPiNAnalysis[[#This Row],[SAMV]:[ASH]], tblPiNAnalysis[[#Headers],[SAMV]:[ASH]], "")<>"", 1, 0))>1, "",tblPiNAnalysis[[#This Row],[Porcentaje de diferencia entre el más alto y el 3º más alto]]>=perc_1st_3rd, "Flagged", 1=1, "")} | AQ14: {=IFERROR(IF(tblPiNAnalysis[[#This Row],[ID]]="", "", INDEX(tblPiNHistorical[[SAMV]:[ASH]], MATCH(tblPiNAnalysis[[#This Row],[ID]],tblPiNHistorical[ID], 0),MATCH(_xlfn._xlws.FILTER(tblPiNAnalysis[[#Headers],[SAMV]:[ASH]], tblPiNAnalysis[[#This Row],[PiN más alto]]=tblPiNAnalysis[[#This Row],[SAMV]:[ASH]]), tblPiNHistorical[[#Headers],[SAMV]:[ASH]], 0))), "")} -> NoPIN26 70584 | AR14: {=IFERROR(IF(SUM(IF(ABS(INDEX(tblPiNHistorical[[SAMV]:[ASH]], MATCH(tblPiNAnalysis[[#This Row],[ID]],tblPiNHistorical[ID], 0),MATCH(_xlfn._xlws.FILTER(tblPiNAnalysis[[#Headers],[SAMV]:[ASH]], tblPiNAnalysis[[#This Row],[PiN más alto]]=tblPiNAnalysis[[#This Row],[SAMV]:[ASH]]), tblPiNHistorical[[#Headers],[SAMV]:[ASH]], 0)))>=flag_pin_historical, 1, 0))>0, "Flagged", ""), "")} | AS14: {=IFERROR(IF(tblPiNAnalysis[[#This Row],[ID]]="", "", INDEX(tblPiNHistorical[[SAMV]:[ASH]], MATCH(tblPiNAnalysis[[#This Row],[ID]],tblPiNHistorical[ID], 0),MATCH(_xlfn._xlws.FILTER(tblPiNAnalysis[[#Headers],[SAMV]:[ASH]], tblPiNAnalysis[[#This Row],[2º PiN más alto]]=tblPiNAnalysis[[#This Row],[SAMV]:[ASH]]), tblPiNHistorical[[#Headers],[SAMV]:[ASH]], 0))), "")} -> -0.8 | AT14: {=IFERROR(IF(SUM(IF(ABS(INDEX(tblPiNHistorical[[SAMV]:[ASH]], MATCH(tblPiNAnalysis[[#This Row],[ID]],tblPiNHistorical[ID], 0),MATCH(_xlfn._xlws.FILTER(tblPiNAnalysis[[#Headers],[SAMV]:[ASH]], tblPiNAnalysis[[#This Row],[2º PiN más alto]]=tblPiNAnalysis[[#This Row],[SAMV]:[ASH]]), tblPiNHistorical[[#Headers],[SAMV]:[ASH]], 0)))>=flag_pin_historical, 1, 0))>0, "Flagged", ""), "")} | AU14: =INDEX(tblSeverityAnalysis[Severidad final], MATCH(tblPiNAnalysis[[#This Row],[ID]],tblSeverityAnalysis[ID], 0)) -> 3 | AV14: =IF(tblPiNAnalysis[[#This Row],[Severidad]]>2,tblPiNAnalysis[[#This Row],[PiN más alto]],) -> 162399.6 | AY14: =COUNTIFS(tblPiNAnalysis[[#This Row],[Número de PiN ausentes/cero superior al umbral - Calidad de los datos]:[Marcador manual]],"Flagged") -> 0 | AZ14: =IF(tblPiNAnalysis[[#This Row],[Número de marcadores]]>0, "Flagged", "") | BA14: =tblPiNAnalysis[[#This Row],[PiN preliminar]] -> 162399.6 | BC14: =IFERROR(IF(tblPiNAnalysis[[#This Row],[Severidad]]=3,tblPiNAnalysis[[#This Row],[PiN final]]*Umbrales!$D$33,tblPiNAnalysis[[#This Row],[PiN final]]*Umbrales!$D$34),) -> 81199.8 | BD14: =IFERROR(IF(tblPiNAnalysis[[#This Row],[Severidad]]>3,tblPiNAnalysis[[#This Row],[PiN final]]*Umbrales!$D$34,),) -> 0
A15: =IFERROR(_xlfn.CONCAT(IF(tblPiNAnalysis[[#This Row],[Grupo]]="", "",tblPiNAnalysis[[#This Row],[Grupo]] ), _xlfn.IFS(tblPiNAnalysis[[#This Row],[Admin2PCODE]]<>"", tblPiNAnalysis[[#This Row],[Admin2PCODE]], tblPiNAnalysis[[#This Row],[Admin1PCODE]]<>"", tblPiNAnalysis[[#This Row],[Admin1PCODE]])),"") -> VenezolanosVE2303 | B15: Zulia | C15: VE23 | D15: Cabimas | E15: VE2303 | G15: 268988 | H15: Venezolanos | I15: 14759 | J15: 12650.699 | K15: 98180.62 | L15: 45790.256 | M15: 64111.299 | N15: 161392.8 | O15: 20579.727 | P15: 22438.954 | Q15: =IFERROR(IF(tblPiNAnalysis[[#This Row],[SAMV]]="", "", MROUND(tblPiNAnalysis[[#This Row],[SAMV]]/tblPiNAnalysis[[#This Row],[Población]], 0.05)), "") -> 0.05 | R15: =IFERROR(IF(tblPiNAnalysis[[#This Row],[NUT]]="", "", MROUND(tblPiNAnalysis[[#This Row],[NUT]]/tblPiNAnalysis[[#This Row],[Población]], 0.05)), "") -> 0.05 | S15: =IFERROR(IF(tblPiNAnalysis[[#This Row],[SAL]]="", "", MROUND(tblPiNAnalysis[[#This Row],[SAL]]/tblPiNAnalysis[[#This Row],[Población]], 0.05)), "") -> 0.35 | T15: =IFERROR(IF(tblPiNAnalysis[[#This Row],[EDU]]="", "", MROUND(tblPiNAnalysis[[#This Row],[EDU]]/tblPiNAnalysis[[#This Row],[Población]], 0.05)), "") -> 0.15 | U15: =IFERROR(IF(tblPiNAnalysis[[#This Row],[PRO]]="", "", MROUND(tblPiNAnalysis[[#This Row],[PRO]]/tblPiNAnalysis[[#This Row],[Población]], 0.05)), "") -> 0.25 | V15: =IFERROR(IF(tblPiNAnalysis[[#This Row],[ASH]]="", "", MROUND(tblPiNAnalysis[[#This Row],[ASH]]/tblPiNAnalysis[[#This Row],[Población]], 0.05)), "") -> 0.6 | W15: =IFERROR(MROUND(tblPiNAnalysis[[#This Row],[NNA]]/tblPiNAnalysis[[#This Row],[Población]], 0.05), "") -> 0.1 | X15: =IFERROR(MROUND(tblPiNAnalysis[[#This Row],[VBG]]/tblPiNAnalysis[[#This Row],[Población]], 0.05), "") -> 0.1 | Y15: =IFERROR(LARGE(tblPiNAnalysis[[#This Row],[SAMV]:[ASH]], 1), "") -> 161392.8 | Z15: {=IF(tblPiNAnalysis[[#This Row],[PiN más alto]]="", "", _xlfn.TEXTJOIN(CHAR(10), TRUE, IF(tblPiNAnalysis[[#This Row],[PiN más alto]]=tblPiNAnalysis[[#This Row],[SAMV]:[ASH]], tblPiNAnalysis[[#Headers],[SAMV]:[ASH]], "")))} -> ASH | AA15: =IF(tblPiNAnalysis[[#This Row],[PiN más alto]]="", "", tblPiNAnalysis[[#This Row],[PiN más alto]]/tblPiNAnalysis[[#This Row],[Población]]) -> 0.6 | AB15: =IF(SUM(tblPiNAnalysis[[#This Row],[SAMV]:[ASH]])=0, "",IF(COUNTIF(tblPiNAnalysis[[#This Row],[SAMV]:[ASH]],"=0")+COUNTIF(tblPiNAnalysis[[#This Row],[SAMV]:[ASH]],"")>=zero_pin_thresh, "Flagged", "")) | AC15: =IFERROR(IF(tblPiNAnalysis[[#This Row],[PiN más alto]]="", "", IF(tblPiNAnalysis[[#This Row],[% PiN Sectores más altos]]>=flag_pin_perc, "Flagged", "")), "") | AD15: {=IF(tblPiNAnalysis[[#This Row],[PiN más alto]]=0, "", IF(OR(COUNTIF(tblPiNAnalysis[[#This Row],[Sectores más altos]],tblSubSectorPopulation[Sector])), "Flagged", ""))} | AE15: {=IFERROR(_xlfn.IFS(tblPiNAnalysis[[#This Row],[PiN más alto]]="", "", LARGE(tblPiNAnalysis[[#This Row],[SAMV]:[ASH]], 2) < tblPiNAnalysis[[#This Row],[PiN más alto]], LARGE(tblPiNAnalysis[[#This Row],[SAMV]:[ASH]], 2), LARGE(tblPiNAnalysis[[#This Row],[SAMV]:[ASH]], 3) < tblPiNAnalysis[[#This Row],[PiN más alto]], LARGE(tblPiNAnalysis[[#This Row],[SAMV]:[ASH]], 3), LARGE(tblPiNAnalysis[[#This Row],[SAMV]:[ASH]], 4) < tblPiNAnalysis[[#This Row],[PiN más alto]], LARGE(tblPiNAnalysis[[#This Row],[SAMV]:[ASH]], 4), LARGE(tblPiNAnalysis[[#This Row],[SAMV]:[ASH]], 5) < tblPiNAnalysis[[#This Row],[PiN más alto]], LARGE(tblPiNAnalysis[[#This Row],[SAMV]:[ASH]], 5), LARGE(tblPiNAnalysis[[#This Row],[SAMV]:[ASH]], 6) < tblPiNAnalysis[[#This Row],[PiN más alto]], LARGE(tblPiNAnalysis[[#This Row],[SAMV]:[ASH]], 6), LARGE(tblPiNAnalysis[[#This Row],[SAMV]:[ASH]], 7) <tblPiNAnalysis[[#This Row],[PiN más alto]], LARGE(tblPiNAnalysis[[#This Row],[SAMV]:[ASH]], 7), LARGE(tblPiNAnalysis[[#This Row],[SAMV]:[ASH]], 8) <= tblPiNAnalysis[[#This Row],[PiN más alto]], LARGE(tblPiNAnalysis[[#This Row],[SAMV]:[ASH]], 8)), "NA")} -> 98180.62 | AF15: {=IF(tblPiNAnalysis[[#This Row],[2º PiN más alto]]="", "", _xlfn.TEXTJOIN(CHAR(10), TRUE, IF(tblPiNAnalysis[[#This Row],[2º PiN más alto]]=tblPiNAnalysis[[#This Row],[SAMV]:[ASH]], tblPiNAnalysis[[#Headers],[SAMV]:[ASH]], "")))} -> SAL | AG15: =IFERROR(tblPiNAnalysis[[#This Row],[2º PiN más alto]]/tblPiNAnalysis[[#This Row],[Población]], "") -> 0.365 | AH15: =IFERROR(tblPiNAnalysis[[#This Row],[PiN más alto]]-tblPiNAnalysis[[#This Row],[2º PiN más alto]], "") -> 63212.18 | AI15: =IFERROR(((tblPiNAnalysis[[#This Row],[PiN más alto]]-tblPiNAnalysis[[#This Row],[2º PiN más alto]])/tblPiNAnalysis[[#This Row],[2º PiN más alto]]),"") -> 0.64383562 | AJ15: {=_xlfn.IFS(tblPiNAnalysis[[#This Row],[% Diferencia entre el más alto y el segundo más alto]]="", "", SUM(IF(IF(tblPiNAnalysis[[#This Row],[PiN más alto]]=tblPiNAnalysis[[#This Row],[SAMV]:[ASH]], tblPiNAnalysis[[#Headers],[SAMV]:[ASH]], "")<>"", 1, 0))>1, "",tblPiNAnalysis[[#This Row],[% Diferencia entre el más alto y el segundo más alto]]>=perc_1st_2nd, "Flagged", TRUE(), "")} -> Flagged | AK15: {=IFERROR(_xlfn.IFS(tblPiNAnalysis[[#This Row],[2º PiN más alto]]="", "", LARGE(tblPiNAnalysis[[#This Row],[SAMV]:[ASH]], 3) < tblPiNAnalysis[[#This Row],[2º PiN más alto]], LARGE(tblPiNAnalysis[[#This Row],[SAMV]:[ASH]], 3), LARGE(tblPiNAnalysis[[#This Row],[SAMV]:[ASH]], 4) < tblPiNAnalysis[[#This Row],[2º PiN más alto]], LARGE(tblPiNAnalysis[[#This Row],[SAMV]:[ASH]], 4), LARGE(tblPiNAnalysis[[#This Row],[SAMV]:[ASH]], 5) < tblPiNAnalysis[[#This Row],[2º PiN más alto]], LARGE(tblPiNAnalysis[[#This Row],[SAMV]:[ASH]], 5), LARGE(tblPiNAnalysis[[#This Row],[SAMV]:[ASH]], 6) < tblPiNAnalysis[[#This Row],[2º PiN más alto]], LARGE(tblPiNAnalysis[[#This Row],[SAMV]:[ASH]], 6), LARGE(tblPiNAnalysis[[#This Row],[SAMV]:[ASH]], 7) <tblPiNAnalysis[[#This Row],[2º PiN más alto]], LARGE(tblPiNAnalysis[[#This Row],[SAMV]:[ASH]], 7), LARGE(tblPiNAnalysis[[#This Row],[SAMV]:[ASH]], 8) <= tblPiNAnalysis[[#This Row],[2º PiN más alto]], LARGE(tblPiNAnalysis[[#This Row],[SAMV]:[ASH]], 8)), "NA")} -> 64111.299 | AL15: {=IF(tblPiNAnalysis[[#This Row],[3º PiN más alto]]="", "", _xlfn.TEXTJOIN(CHAR(10), TRUE, IF(tblPiNAnalysis[[#This Row],[3º PiN más alto]]=tblPiNAnalysis[[#This Row],[SAMV]:[ASH]], tblPiNAnalysis[[#Headers],[SAMV]:[ASH]], "")))} -> PRO | AM15: =IFERROR(tblPiNAnalysis[[#This Row],[3º PiN más alto]]/tblPiNAnalysis[[#This Row],[Población]], "") -> 0.2383426 | AN15: =IFERROR(tblPiNAnalysis[[#This Row],[PiN más alto]]-tblPiNAnalysis[[#This Row],[3º PiN más alto]],"") -> 97281.501 | AO15: =IFERROR(tblPiNAnalysis[[#This Row],[Diferencia de PiN entre el más alto y el 3º más alto]]/tblPiNAnalysis[[#This Row],[3º PiN más alto]], "") -> 1.5173847 | AP15: {=_xlfn.IFS(tblPiNAnalysis[[#This Row],[Diferencia de PiN entre el más alto y el 3º más alto]]="", "", SUM(IF(IF(tblPiNAnalysis[[#This Row],[PiN más alto]]=tblPiNAnalysis[[#This Row],[SAMV]:[ASH]], tblPiNAnalysis[[#Headers],[SAMV]:[ASH]], "")<>"", 1, 0))>1, "",tblPiNAnalysis[[#This Row],[Porcentaje de diferencia entre el más alto y el 3º más alto]]>=perc_1st_3rd, "Flagged", 1=1, "")} -> Flagged | AQ15: {=IFERROR(IF(tblPiNAnalysis[[#This Row],[ID]]="", "", INDEX(tblPiNHistorical[[SAMV]:[ASH]], MATCH(tblPiNAnalysis[[#This Row],[ID]],tblPiNHistorical[ID], 0),MATCH(_xlfn._xlws.FILTER(tblPiNAnalysis[[#Headers],[SAMV]:[ASH]], tblPiNAnalysis[[#This Row],[PiN más alto]]=tblPiNAnalysis[[#This Row],[SAMV]:[ASH]]), tblPiNHistorical[[#Headers],[SAMV]:[ASH]], 0))), "")} | AR15: {=IFERROR(IF(SUM(IF(ABS(INDEX(tblPiNHistorical[[SAMV]:[ASH]], MATCH(tblPiNAnalysis[[#This Row],[ID]],tblPiNHistorical[ID], 0),MATCH(_xlfn._xlws.FILTER(tblPiNAnalysis[[#Headers],[SAMV]:[ASH]], tblPiNAnalysis[[#This Row],[PiN más alto]]=tblPiNAnalysis[[#This Row],[SAMV]:[ASH]]), tblPiNHistorical[[#Headers],[SAMV]:[ASH]], 0)))>=flag_pin_historical, 1, 0))>0, "Flagged", ""), "")} | AS15: {=IFERROR(IF(tblPiNAnalysis[[#This Row],[ID]]="", "", INDEX(tblPiNHistorical[[SAMV]:[ASH]], MATCH(tblPiNAnalysis[[#This Row],[ID]],tblPiNHistorical[ID], 0),MATCH(_xlfn._xlws.FILTER(tblPiNAnalysis[[#Headers],[SAMV]:[ASH]], tblPiNAnalysis[[#This Row],[2º PiN más alto]]=tblPiNAnalysis[[#This Row],[SAMV]:[ASH]]), tblPiNHistorical[[#Headers],[SAMV]:[ASH]], 0))), "")} -> -1 | AT15: {=IFERROR(IF(SUM(IF(ABS(INDEX(tblPiNHistorical[[SAMV]:[ASH]], MATCH(tblPiNAnalysis[[#This Row],[ID]],tblPiNHistorical[ID], 0),MATCH(_xlfn._xlws.FILTER(tblPiNAnalysis[[#Headers],[SAMV]:[ASH]], tblPiNAnalysis[[#This Row],[2º PiN más alto]]=tblPiNAnalysis[[#This Row],[SAMV]:[ASH]]), tblPiNHistorical[[#Headers],[SAMV]:[ASH]], 0)))>=flag_pin_historical, 1, 0))>0, "Flagged", ""), "")} -> Flagged | AU15: =INDEX(tblSeverityAnalysis[Severidad final], MATCH(tblPiNAnalysis[[#This Row],[ID]],tblSeverityAnalysis[ID], 0)) -> 3 | AV15: =IF(tblPiNAnalysis[[#This Row],[Severidad]]>2,tblPiNAnalysis[[#This Row],[PiN más alto]],) -> 161392.8 | AY15: =COUNTIFS(tblPiNAnalysis[[#This Row],[Número de PiN ausentes/cero superior al umbral - Calidad de los datos]:[Marcador manual]],"Flagged") -> 3 | AZ15: =IF(tblPiNAnalysis[[#This Row],[Número de marcadores]]>0, "Flagged", "") -> Flagged | BA15: =tblPiNAnalysis[[#This Row],[PiN preliminar]] -> 161392.8 | BC15: =IFERROR(IF(tblPiNAnalysis[[#This Row],[Severidad]]=3,tblPiNAnalysis[[#This Row],[PiN final]]*Umbrales!$D$33,tblPiNAnalysis[[#This Row],[PiN final]]*Umbrales!$D$34),) -> 80696.4 | BD15: =IFERROR(IF(tblPiNAnalysis[[#This Row],[Severidad]]>3,tblPiNAnalysis[[#This Row],[PiN final]]*Umbrales!$D$34,),) -> 0
