Workbook
Name flag_pin_historical: Thresholds!$D$13
Name flag_pin_perc: Thresholds!$D$12
Name perc_1st_2nd: Thresholds!$D$9
Name perc_1st_3rd: Thresholds!$D$10
Name pin_perc: 'PiN Visuals'!$B$5:$F$16
Name sectors_sev_4: Thresholds!$D$29
Name sectors_sev_5: Thresholds!$D$28
Name zero_pin_thresh: Thresholds!$D$8

Sheet Read Me
A1: JIAF 2 Tool 3: PiN & Severity estimation template
A3: Warnings for all sheets! | B3: Pre-set data checks have been coded into the template and they will be implemented as soon as sector data is inserted into the template. OCHA analysis teams are free to modify the template, including additional checks or removing any checks that are deemed not useful by the analysis team. At a minimum, the following columns will need to be updated by the teams: ID: A unique identifier, automatically generated and required to link certain formulas. Do not change or delete. Geographic and Population related columns: Do not delete columns for admin units and population group; please just hide any column if not needed. Sectoral Data: sectoral header names can be changed; sector columns can be removed or added in between the first and last collumn (but do not remove the first and the last sector columns); make sure the order of the sector names match the order of their percentage column and if new sector columns are added make sure to write the formula for the percentage calculation. More importantly, Do not delete the first and last column of the sectoral data section.
A5: Sheet | B5: Description
A6: Thresholds | B6: Thresholds - Flagging criteria & thresholds: OCHA analysis team to adjust if necessary the thresholds for pre-set data checks as per agreements with partners. - Sub-population group sectors: OCHA analysis team to list all sectors targeting sub-population groups (e.g. kids, women, IDPs) in their context.
A7: Overall PiN | B7: Preliminary PiN: Highest PiN among the Sector PINs is automatically taken as the preliminary PiN.
B8: Flags and Outlier Checks: Please note that the analysis team could decide to adjust the thresholds of these indicators, in the Threshold spreadshee or eliminate flags that they consider not relevant to their contexts
B9: Number of missing or zero PiN: OCHA analysis team to decide the threshold for accepted number of sectors at unit level not to provide a PiN value or have zero PiN.
B10: Highest PiN close to the total affected population: OCHA analysis team to decide the threshold of acceptable proportion of people in need to the affected population at unit level.
B11: Highest Sector targets only a subset of the affected population: OCHA analysis team to decide the sectors that target only a subset of the affected population.
B12: Difference b/w highest and 2nd highest: OCHA analysis team to decide whether certain outliers between highest sector with 2nd or 3rd highest require flagging for review and to enter 'Flagged' in the column.
B13: Difference b/w highest and 3rd highest: OCHA analysis team to decide whether certain outliers between highest sector with 2nd or 3rd highest require flagging for review and to enter 'Flagged' in the column.
B14: % Difference between this HNO's highest or 2nd highest sector PiN to same sector in the last HNO: OCHA analysis team to decide the threshold of change for this HNO's highest or 2nd higehst sector PiN and last HNO's PiN for the same sector.
A15: PiN Historical Trend | B15: This table can be used to compare current sector PiNs to the previous year's PiNs to identify increases or decreases. The current PIN will be automatically loaded from the Overal PIN spreadsheet, provided that the unique ID of the rows match. The Previous year's HNO data needs to be loaded in the Historical Trend spreadsheet. Formulas will automatically calculate the %change from previous to current year and highlights area where PiN is 50% higher or lower than the last HNO's PiN for further investigation. Countries can decide to change this 50% threshold according to their context.
A16: PiN Visulas | B16: Two visuals that can help better understand sectoral PiN affecting percentage of affected population and the percentage of change from one HNO to the last distribution.
A17: Intersectoral Severity | B17: # of sectors falling under severity phases: The number of sectors fallen under each severity phase can help better understand and see the relationship of the sectoral severities to the preliminary intersectoral severity. Preliminary Intersectoral Severity: preliminary intersectoral severity is automatically calculated according to the logical formula. Flags and Outlier Checks: Some sectors having severity phase 5 or 4: OCHA analysis team to decide number of sectors in phase 5 or 4 to be flagged and reviewed to confirm the concentration of high sectoral severities . Variation between preliminary severity and outcome indicators: preliminary intersectoral severity is higher or lower then outcome indicators (by 1 or more).
A18: Reference Table indicators | B18: Fill in reference table indicators data at unit level to automatically calculate the severity of the indicator which will be used to compare the intersectoral severity results with. If any indicators are added, removed or modified, please make sure that the formulas correctly reflect these changes.

Sheet Thresholds
C1: Please do not delete this sheet or tables in this sheet!
C3: Tables in this sheet are being used in formulas in other sheets!
B6: PiN Flagging criteria & thresholds | D6: Please assign the thresholds relevant for your country
A7: Flag Name | B7: Flag Description | C7: Recommended Threshold | D7: Country Threshold | E7: Explanation for proposing another threshold | F7: Purpose
B8: # Sectors with 0 PiN | C8: 2 | D8: 2 | F8: To flag potential data quality issue
A9: % Difference between 1st and 2nd highest PIN | B9: % difference threshold between 1st and 2nd highest PiN greater than 30% | C9: 0.3 | D9: 0.3 | F9: To identify areas to manual review
A10: % Difference between 1st and 3rd highest PIN | B10: % difference threshold between 1st and 3rd highest PiN greater than 50% | C10: 0.5 | D10: 0.5 | F10: To identify areas to manual review
A11: Highest sector PIN targets sub-population group(s) | B11: Whenever a sector dealing with a sub-population group is higher than any other sector - e.g., Education and Nutrition
A12: PiN greater than 90% of total affected population | B12: Flag where the 1st or the 2nd highest PiN is 90% of the affected population | C12: 0.9 | D12: 0.9
A13: Change from last year | B13: Flag where the change from last year of the 1st or 2nd highest PiN is significantly higher than the the average change from last year of all sectors | C13: 1 | D13: 1
A14: Manual Flag | B14: Any area can be flagged manually whenever there is a concern by any JIAF analysts about the PIN
B15: Outliers from the porpotion of highest PiN in the population nationwide
B16: % difference threshold between sectoral PiN change between this year and last year | C16: 2std | D16: 2std | F16: To identify areas to manual review
B18: PiN - Sub-population group sectors
B19: Sector | C19: Proportion of sector target population in overall population
A20: Decision Rule for determining PIN | B20: Education
A21: 1. accept highest PIN with no flags. 2. Accept highest PiN after reconciling any flags. 3. If no concensus on highest PIN, use 2nd highest PIN. 4. If no consensus on 2nd highest PIN elevate decision to HC level
B26: Severity Flagging criteria & thresholds | D26: Please assign the thresholds relevant for your country
B27: Flagging criterion for PIN | C27: Recommended Threshold | D27: Country Threshold | E27: Explanation for proposing another threshold
B28: # of sectors in phase 5 | C28: 1 | D28: 1
B29: # of sectors in phase 4 with preliminary in phase 4 | C29: 5 | D29: 5
B33: Targeting thresholds
B34: Targeting criteria | C34: Recommended Threshold | D34: Country Threshold
B35: Areas in severity 3 | C35: 0.5 | D35: 0.5 | E35: 50% is the maximun threshold for Severity 3
B36: Areas in severity 4 & 5 | C36: 1 | D36: 1

Sheet COD
E1: 14363363 | F1: =SUM(Table2[[Refugees ]]) -> 673913 | G1: =SUM(Table2[IDP]) -> 2651905.8 | H1: =SUM(Table2[Returnees]) -> 1585547.3 | I1: 7736195.1 | J1: =SUM(Table2[Affected population without refugees]) -> 11973648 | L1: =SUM(Table2[No. of Male children under 5]) -> 1146512.6 | N1: =SUM(Table2[No. of Female children under 5]) -> 1068899.3 | P1: =SUM(Table2[No. of Male children aged 5 - 17 years]) -> 2107825.8 | R1: =SUM(Table2[No. of Female children aged 5 - 17 years]) -> 2080564.1 | T1: =SUM(Table2[No. of Male adults aged 18 - 60]) -> 2287143.8 | V1: =SUM(Table2[No. of Female adults aged 18 - 60]) -> 2410890.9 | X1: =SUM(Table2[No. of Male adults aged over 60]) -> 416875.59 | Z1: =SUM(Table2[No. Female adults aged over 60]) -> 454935.99 | AA1: =SUM(Table2[Persons with disability]) -> 2255591.4
A2: State | B2: admin1Pcod | C2: County | D2: admin2Pcod | E2: Total 2026 COD pop estimate (without refugees) | F2: Refugees | G2: IDP | H2: Returnees | I2: Vulnerable Resident | J2: Affected population without refugees | K2: % Male children under 5 | L2: No. of Male children under 5 | M2: % Female children under 5 | N2: No. of Female children under 5 | O2: % Male children aged 5 - 17 years | P2: No. of Male children aged 5 - 17 years | Q2: % Female children aged 5 - 17 years | R2: No. of Female children aged 5 - 17 years | S2: % Male adults aged 18 - 60 | T2: No. of Male adults aged 18 - 60 | U2: % Female adults aged 18 - 60 | V2: No. of Female adults aged 18 - 60 | W2: % Male adults aged over 60 | X2: No. of Male adults aged over 60 | Y2: % Female adults aged over 60 | Z2: No. Female adults aged over 60 | AA2: Persons with disability
A3: Abyei Administrative Area | B3: SS00 | C3: Abyei Administrative Area | D3: SS0001 | E3: 160330.44 | F3: 0 | G3: 122221.69 | H3: 19107.704 | I3: 14516.803 | J3: =SUM(I3,H3,G3) -> 155846.2 | K3: 0.096 | L3: =Table2[[#This Row],[% Male children under 5]]*Table2[[#This Row],[Affected population without refugees]] -> 14961.235 | M3: 0.089 | N3: =Table2[[#This Row],[Affected population without refugees]]*Table2[[#This Row],[% Female children under 5]] -> 13870.311 | O3: 0.177 | P3: =Table2[[#This Row],[Affected population without refugees]]*Table2[[#This Row],[% Male children aged 5 - 17 years]] -> 27584.777 | Q3: 0.173 | R3: =Table2[[#This Row],[Affected population without refugees]]*Table2[[#This Row],[% Female children aged 5 - 17 years]] -> 26961.392 | S3: 0.19 | T3: =Table2[[#This Row],[Affected population without refugees]]*Table2[[#This Row],[% Male adults aged 18 - 60]] -> 29610.777 | U3: 0.202 | V3: =Table2[[#This Row],[Affected population without refugees]]*Table2[[#This Row],[% Female adults aged 18 - 60]] -> 31480.932 | W3: 0.034 | X3: =Table2[[#This Row],[Affected population without refugees]]*Table2[[#This Row],[% Male adults aged over 60]] -> 5298.7707 | Y3: 0.039 | Z3: =Table2[[#This Row],[Affected population without refugees]]*Table2[[#This Row],[% Female adults aged over 60]] -> 6078.0017 | AA3: 24049.567
A4: Central Equatoria | B4: SS01 | C4: Juba | D4: SS0101 | E4: 651079.37 | F4: 47867 | G4: 185655.53 | H4: 58949.896 | I4: 310546.09 | J4: =SUM(I4,H4,G4) -> 555151.52 | K4: 0.074 | L4: =Table2[[#This Row],[% Male children under 5]]*Table2[[#This Row],[Affected population without refugees]] -> 41081.212 | M4: 0.0974 | N4: =Table2[[#This Row],[Affected population without refugees]]*Table2[[#This Row],[% Female children under 5]] -> 54071.758 | O4: 0.154 | P4: =Table2[[#This Row],[Affected population without refugees]]*Table2[[#This Row],[% Male children aged 5 - 17 years]] -> 85493.334 | Q4: 0.159 | R4: =Table2[[#This Row],[Affected population without refugees]]*Table2[[#This Row],[% Female children aged 5 - 17 years]] -> 88269.091 | S4: 0.232 | T4: =Table2[[#This Row],[Affected population without refugees]]*Table2[[#This Row],[% Male adults aged 18 - 60]] -> 128795.15 | U4: 0.241 | V4: =Table2[[#This Row],[Affected population without refugees]]*Table2[[#This Row],[% Female adults aged 18 - 60]] -> 133791.52 | W4: 0.0235 | X4: =Table2[[#This Row],[Affected population without refugees]]*Table2[[#This Row],[% Male adults aged over 60]] -> 13046.061 | Y4: 0.0191 | Z4: =Table2[[#This Row],[Affected population without refugees]]*Table2[[#This Row],[% Female adults aged over 60]] -> 10603.394 | AA4: 104841.96
A5: Central Equatoria | B5: SS01 | C5: Kajo-keji | D5: SS0102 | E5: 247876.07 | F5: 0 | G5: 16311.748 | H5: 15480.714 | I5: 165087.87 | J5: =SUM(I5,H5,G5) -> 196880.34 | K5: 0.0163 | L5: =Table2[[#This Row],[% Male children under 5]]*Table2[[#This Row],[Affected population without refugees]] -> 3209.1495 | M5: 0.0301 | N5: =Table2[[#This Row],[Affected population without refugees]]*Table2[[#This Row],[% Female children under 5]] -> 5926.0981 | O5: 0.0575 | P5: =Table2[[#This Row],[Affected population without refugees]]*Table2[[#This Row],[% Male children aged 5 - 17 years]] -> 11320.619 | Q5: 0.0581 | R5: =Table2[[#This Row],[Affected population without refugees]]*Table2[[#This Row],[% Female children aged 5 - 17 years]] -> 11438.748 | S5: 0.328 | T5: =Table2[[#This Row],[Affected population without refugees]]*Table2[[#This Row],[% Male adults aged 18 - 60]] -> 64576.75 | U5: 0.32 | V5: =Table2[[#This Row],[Affected population without refugees]]*Table2[[#This Row],[% Female adults aged 18 - 60]] -> 63001.708 | W5: 0.127 | X5: =Table2[[#This Row],[Affected population without refugees]]*Table2[[#This Row],[% Male adults aged over 60]] -> 25003.803 | Y5: 0.063 | Z5: =Table2[[#This Row],[Affected population without refugees]]*Table2[[#This Row],[% Female adults aged over 60]] -> 12403.461 | AA5: 37181.41
A6: Central Equatoria | B6: SS01 | C6: Lainya | D6: SS0103 | E6: 121047.48 | F6: 0 | G6: 7434.8764 | H6: 7168.4286 | I6: 81323.353 | J6: =SUM(I6,H6,G6) -> 95926.658 | K6: 0.105 | L6: =Table2[[#This Row],[% Male children under 5]]*Table2[[#This Row],[Affected population without refugees]] -> 10072.299 | M6: 0.101 | N6: =Table2[[#This Row],[Affected population without refugees]]*Table2[[#This Row],[% Female children under 5]] -> 9688.5925 | O6: 0.11 | P6: =Table2[[#This Row],[Affected population without refugees]]*Table2[[#This Row],[% Male children aged 5 - 17 years]] -> 10551.932 | Q6: 0.104 | R6: =Table2[[#This Row],[Affected population without refugees]]*Table2[[#This Row],[% Female children aged 5 - 17 years]] -> 9976.3725 | S6: 0.286 | T6: =Table2[[#This Row],[Affected population without refugees]]*Table2[[#This Row],[% Male adults aged 18 - 60]] -> 27435.024 | U6: 0.234 | V6: =Table2[[#This Row],[Affected population without refugees]]*Table2[[#This Row],[% Female adults aged 18 - 60]] -> 22446.838 | W6: 0.027 | X6: =Table2[[#This Row],[Affected population without refugees]]*Table2[[#This Row],[% Male adults aged over 60]] -> 2590.0198 | Y6: 0.033 | Z6: =Table2[[#This Row],[Affected population without refugees]]*Table2[[#This Row],[% Female adults aged over 60]] -> 3165.5797 | AA6: 18157.123
A7: Central Equatoria | B7: SS01 | C7: Morobo | D7: SS0104 | E7: 123332.34 | F7: 2339 | G7: 10995.852 | H7: 12810 | I7: 76038.236 | J7: =SUM(I7,H7,G7) -> 99844.088 | K7: 0.0815 | L7: =Table2[[#This Row],[% Male children under 5]]*Table2[[#This Row],[Affected population without refugees]] -> 8137.2932 | M7: 0.105 | N7: =Table2[[#This Row],[Affected population without refugees]]*Table2[[#This Row],[% Female children under 5]] -> 10483.629 | O7: 0.178 | P7: =Table2[[#This Row],[Affected population without refugees]]*Table2[[#This Row],[% Male children aged 5 - 17 years]] -> 17772.248 | Q7: 0.163 | R7: =Table2[[#This Row],[Affected population without refugees]]*Table2[[#This Row],[% Female children aged 5 - 17 years]] -> 16274.586 | S7: 0.218 | T7: =Table2[[#This Row],[Affected population without refugees]]*Table2[[#This Row],[% Male adults aged 18 - 60]] -> 21766.011 | U7: 0.203 | V7: =Table2[[#This Row],[Affected population without refugees]]*Table2[[#This Row],[% Female adults aged 18 - 60]] -> 20268.35 | W7: 0.0326 | X7: =Table2[[#This Row],[Affected population without refugees]]*Table2[[#This Row],[% Male adults aged over 60]] -> 3254.9173 | Y7: 0.0189 | Z7: =Table2[[#This Row],[Affected population without refugees]]*Table2[[#This Row],[% Female adults aged over 60]] -> 1887.0533 | AA7: 18850.701
A8: Central Equatoria | B8: SS01 | C8: Terekeka | D8: SS0105 | E8: 274703.53 | F8: 0 | G8: 13333.613 | H8: 1080 | I8: 198861.5 | J8: =SUM(I8,H8,G8) -> 213275.11 | K8: 0.0885 | L8: =Table2[[#This Row],[% Male children under 5]]*Table2[[#This Row],[Affected population without refugees]] -> 18874.847 | M8: 0.0831 | N8: =Table2[[#This Row],[Affected population without refugees]]*Table2[[#This Row],[% Female children under 5]] -> 17723.162 | O8: 0.181 | P8: =Table2[[#This Row],[Affected population without refugees]]*Table2[[#This Row],[% Male children aged 5 - 17 years]] -> 38602.795 | Q8: 0.164 | R8: =Table2[[#This Row],[Affected population without refugees]]*Table2[[#This Row],[% Female children aged 5 - 17 years]] -> 34977.118 | S8: 0.1934 | T8: =Table2[[#This Row],[Affected population without refugees]]*Table2[[#This Row],[% Male adults aged 18 - 60]] -> 41247.407 | U8: 0.231 | V8: =Table2[[#This Row],[Affected population without refugees]]*Table2[[#This Row],[% Female adults aged 18 - 60]] -> 49266.551 | W8: 0.0186 | X8: =Table2[[#This Row],[Affected population without refugees]]*Table2[[#This Row],[% Male adults aged over 60]] -> 3966.9171 | Y8: 0.0404 | Z8: =Table2[[#This Row],[Affected population without refugees]]*Table2[[#This Row],[% Female adults aged over 60]] -> 8616.3145 | AA8: 41205.53
A9: Central Equatoria | B9: SS01 | C9: Yei | D9: SS0106 | E9: 322475.1 | F9: 2908 | G9: 38535.007 | H9: 29744.714 | I9: 194205.27 | J9: =SUM(I9,H9,G9) -> 262484.99 | K9: 0.0938 | L9: =Table2[[#This Row],[% Male children under 5]]*Table2[[#This Row],[Affected population without refugees]] -> 24621.092 | M9: 0.122 | N9: =Table2[[#This Row],[Affected population without refugees]]*Table2[[#This Row],[% Female children under 5]] -> 32023.169 | O9: 0.146 | P9: =Table2[[#This Row],[Affected population without refugees]]*Table2[[#This Row],[% Male children aged 5 - 17 years]] -> 38322.809 | Q9: 0.189 | R9: =Table2[[#This Row],[Affected population without refugees]]*Table2[[#This Row],[% Female children aged 5 - 17 years]] -> 49609.663 | S9: 0.174 | T9: =Table2[[#This Row],[Affected population without refugees]]*Table2[[#This Row],[% Male adults aged 18 - 60]] -> 45672.388 | U9: 0.193 | V9: =Table2[[#This Row],[Affected population without refugees]]*Table2[[#This Row],[% Female adults aged 18 - 60]] -> 50659.603 | W9: 0.0532 | X9: =Table2[[#This Row],[Affected population without refugees]]*Table2[[#This Row],[% Male adults aged over 60]] -> 13964.201 | Y9: 0.029 | Z9: =Table2[[#This Row],[Affected population without refugees]]*Table2[[#This Row],[% Female adults aged over 60]] -> 7612.0647 | AA9: 48807.465
A10: Eastern Equatoria | B10: SS02 | C10: Budi | D10: SS0201 | E10: 112687.87 | F10: 0 | G10: 4566.5836 | H10: 2130 | I10: 80977.343 | J10: =SUM(I10,H10,G10) -> 87673.927 | K10: 0.1036 | L10: =Table2[[#This Row],[% Male children under 5]]*Table2[[#This Row],[Affected population without refugees]] -> 9083.0188 | M10: 0.0978 | N10: =Table2[[#This Row],[Affected population without refugees]]*Table2[[#This Row],[% Female children under 5]] -> 8574.51 | O10: 0.189 | P10: =Table2[[#This Row],[Affected population without refugees]]*Table2[[#This Row],[% Male children aged 5 - 17 years]] -> 16570.372 | Q10: 0.173 | R10: =Table2[[#This Row],[Affected population without refugees]]*Table2[[#This Row],[% Female children aged 5 - 17 years]] -> 15167.589 | S10: 0.16 | T10: =Table2[[#This Row],[Affected population without refugees]]*Table2[[#This Row],[% Male adults aged 18 - 60]] -> 14027.828 | U10: 0.22 | V10: =Table2[[#This Row],[Affected population without refugees]]*Table2[[#This Row],[% Female adults aged 18 - 60]] -> 19288.264 | W10: 0.0181 | X10: =Table2[[#This Row],[Affected population without refugees]]*Table2[[#This Row],[% Male adults aged over 60]] -> 1586.8981 | Y10: 0.0385 | Z10: =Table2[[#This Row],[Affected population without refugees]]*Table2[[#This Row],[% Female adults aged over 60]] -> 3375.4462 | AA10: 16903.181
A11: Eastern Equatoria | B11: SS02 | C11: Ikotos | D11: SS0202 | E11: 113621.63 | F11: 0 | G11: 6185.6712 | H11: 3437.4286 | I11: 79454.881 | J11: =SUM(I11,H11,G11) -> 89077.98 | K11: 0.1161 | L11: =Table2[[#This Row],[% Male children under 5]]*Table2[[#This Row],[Affected population without refugees]] -> 10341.954 | M11: 0.105 | N11: =Table2[[#This Row],[Affected population without refugees]]*Table2[[#This Row],[% Female children under 5]] -> 9353.1879 | O11: 0.158 | P11: =Table2[[#This Row],[Affected population without refugees]]*Table2[[#This Row],[% Male children aged 5 - 17 years]] -> 14074.321 | Q11: 0.156 | R11: =Table2[[#This Row],[Affected population without refugees]]*Table2[[#This Row],[% Female children aged 5 - 17 years]] -> 13896.165 | S11: 0.171 | T11: =Table2[[#This Row],[Affected population without refugees]]*Table2[[#This Row],[% Male adults aged 18 - 60]] -> 15232.335 | U11: 0.218 | V11: =Table2[[#This Row],[Affected population without refugees]]*Table2[[#This Row],[% Female adults aged 18 - 60]] -> 19419 | W11: 0.0278 | X11: =Table2[[#This Row],[Affected population without refugees]]*Table2[[#This Row],[% Male adults aged over 60]] -> 2476.3679 | Y11: 0.0481 | Z11: =Table2[[#This Row],[Affected population without refugees]]*Table2[[#This Row],[% Female adults aged over 60]] -> 4284.6509 | AA11: 17043.245
A12: Eastern Equatoria | B12: SS02 | C12: Kapoeta East | D12: SS0203 | E12: 183613.18 | F12: 0 | G12: 2159.773 | H12: 3548.7143 | I12: 135919.18 | J12: =SUM(I12,H12,G12) -> 141627.67 | K12: 0.132 | L12: =Table2[[#This Row],[% Male children under 5]]*Table2[[#This Row],[Affected population without refugees]] -> 18694.852 | M12: 0.0871 | N12: =Table2[[#This Row],[Affected population without refugees]]*Table2[[#This Row],[% Female children under 5]] -> 12335.77 | O12: 0.1716 | P12: =Table2[[#This Row],[Affected population without refugees]]*Table2[[#This Row],[% Male children aged 5 - 17 years]] -> 24303.308 | Q12: 0.17 | R12: =Table2[[#This Row],[Affected population without refugees]]*Table2[[#This Row],[% Female children aged 5 - 17 years]] -> 24076.704 | S12: 0.193 | T12: =Table2[[#This Row],[Affected population without refugees]]*Table2[[#This Row],[% Male adults aged 18 - 60]] -> 27334.14 | U12: 0.211 | V12: =Table2[[#This Row],[Affected population without refugees]]*Table2[[#This Row],[% Female adults aged 18 - 60]] -> 29883.438 | W12: 0.0192 | X12: =Table2[[#This Row],[Affected population without refugees]]*Table2[[#This Row],[% Male adults aged over 60]] -> 2719.2513 | Y12: 0.0161 | Z12: =Table2[[#This Row],[Affected population without refugees]]*Table2[[#This Row],[% Female adults aged over 60]] -> 2280.2055 | AA12: 27541.976
A13: Eastern Equatoria | B13: SS02 | C13: Kapoeta North | D13: SS0204 | E13: 167036.93 | F13: 0 | G13: 8023.4115 | H13: 3 | I13: 121484.03 | J13: =SUM(I13,H13,G13) -> 129510.45 | K13: 0.109 | L13: =Table2[[#This Row],[% Male children under 5]]*Table2[[#This Row],[Affected population without refugees]] -> 14116.639 | M13: 0.107 | N13: =Table2[[#This Row],[Affected population without refugees]]*Table2[[#This Row],[% Female children under 5]] -> 13857.618 | O13: 0.212 | P13: =Table2[[#This Row],[Affected population without refugees]]*Table2[[#This Row],[% Male children aged 5 - 17 years]] -> 27456.215 | Q13: 0.167 | R13: =Table2[[#This Row],[Affected population without refugees]]*Table2[[#This Row],[% Female children aged 5 - 17 years]] -> 21628.244 | S13: 0.162 | T13: =Table2[[#This Row],[Affected population without refugees]]*Table2[[#This Row],[% Male adults aged 18 - 60]] -> 20980.692 | U13: 0.171 | V13: =Table2[[#This Row],[Affected population without refugees]]*Table2[[#This Row],[% Female adults aged 18 - 60]] -> 22146.286 | W13: 0.0343 | X13: =Table2[[#This Row],[Affected population without refugees]]*Table2[[#This Row],[% Male adults aged over 60]] -> 4442.2083 | Y13: 0.0377 | Z13: =Table2[[#This Row],[Affected population without refugees]]*Table2[[#This Row],[% Female adults aged over 60]] -> 4882.5438 | AA13: 25055.539
A14: Eastern Equatoria | B14: SS02 | C14: Kapoeta South | D14: SS0205 | E14: 117777.33 | F14: 0 | G14: 4829.7887 | H14: 9189.5714 | I14: 79271.089 | J14: =SUM(I14,H14,G14) -> 93290.449 | K14: 0.093 | L14: =Table2[[#This Row],[% Male children under 5]]*Table2[[#This Row],[Affected population without refugees]] -> 8676.0117 | M14: 0.102 | N14: =Table2[[#This Row],[Affected population without refugees]]*Table2[[#This Row],[% Female children under 5]] -> 9515.6258 | O14: 0.2188 | P14: =Table2[[#This Row],[Affected population without refugees]]*Table2[[#This Row],[% Male children aged 5 - 17 years]] -> 20411.95 | Q14: 0.205 | R14: =Table2[[#This Row],[Affected population without refugees]]*Table2[[#This Row],[% Female children aged 5 - 17 years]] -> 19124.542 | S14: 0.183 | T14: =Table2[[#This Row],[Affected population without refugees]]*Table2[[#This Row],[% Male adults aged 18 - 60]] -> 17072.152 | U14: 0.188 | V14: =Table2[[#This Row],[Affected population without refugees]]*Table2[[#This Row],[% Female adults aged 18 - 60]] -> 17538.604 | W14: 0.00626 | X14: =Table2[[#This Row],[Affected population without refugees]]*Table2[[#This Row],[% Male adults aged over 60]] -> 583.99821 | Y14: 0.00394 | Z14: =Table2[[#This Row],[Affected population without refugees]]*Table2[[#This Row],[% Female adults aged over 60]] -> 367.56437 | AA14: 17666.599
... A81: Western Equatoria | B81: SS10 | C81: Yambio | D81: SS1010 | E81: 179215.56 | F81: 17982 | G81: 10973.798 | H81: 7750 | I81: 122615.71 | J81: =SUM(I81,H81,G81) -> 141339.5 | K81: 0.1021 | L81: =Table2[[#This Row],[% Male children under 5]]*Table2[[#This Row],[Affected population without refugees]] -> 14430.763 | M81: 0.102 | N81: =Table2[[#This Row],[Affected population without refugees]]*Table2[[#This Row],[% Female children under 5]] -> 14416.629 | O81: 0.17 | P81: =Table2[[#This Row],[Affected population without refugees]]*Table2[[#This Row],[% Male children aged 5 - 17 years]] -> 24027.716 | Q81: 0.146 | R81: =Table2[[#This Row],[Affected population without refugees]]*Table2[[#This Row],[% Female children aged 5 - 17 years]] -> 20635.568 | S81: 0.223 | T81: =Table2[[#This Row],[Affected population without refugees]]*Table2[[#This Row],[% Male adults aged 18 - 60]] -> 31518.709 | U81: 0.224 | V81: =Table2[[#This Row],[Affected population without refugees]]*Table2[[#This Row],[% Female adults aged 18 - 60]] -> 31660.049 | W81: 0.0132 | X81: =Table2[[#This Row],[Affected population without refugees]]*Table2[[#This Row],[% Male adults aged over 60]] -> 1865.6814 | Y81: 0.0197 | Z81: =Table2[[#This Row],[Affected population without refugees]]*Table2[[#This Row],[% Female adults aged over 60]] -> 2784.3882 | AA81: 29579.634

Sheet Pivots-graphs
A3: Sum of Final PiN | C3: Population Group
A4: Admin 1 | B4: Admin 2 | C4: IDPs | D4: Residents | E4: Returnees | F4: Grand Total | O4: Values
A5: Abyei Administrative Area | B5: Abyei Administrative Area | C5: 85561.699 | D5: 10162.536 | E5: 13376.412 | F5: 109100.65 | M5: Admin 1 | N5: Admin 2 | O5: Sum of Final PiN | P5: Sum of CCCM | Q5: Sum of Education | R5: Sum of Nutrition | S5: Sum of Food Security | T5: Sum of Health | U5: Sum of Overarching Protection | V5: Sum of Shelter | W5: Sum of WASH
A6: Central Equatoria | B6: Juba | C6: 156584.91 | D6: 218524.29 | E6: 53054.907 | F6: 428164.11 | M6: Abyei Administrative Area | N6: Abyei Administrative Area | O6: 109100.65 | P6: 30000 | Q6: 29482.722 | R6: 59367.004 | S6: 96198.267 | T6: 109100.65 | U6: 100145 | V6: 84622.603 | W6: 60606.854
B7: Kajo-Keji | C7: 13291.054 | D7: 134516.05 | E7: 12613.915 | F7: 160421.02 | M7: Central Equatoria | N7: Juba | O7: 428164.11 | P7: 151967.48 | Q7: 61685.661 | R7: 195209.26 | S7: 390647.62 | T7: 307865.72 | U7: 271178 | V7: 325577.03 | W7: 217013.78
B8: Lainya | C8: 5948 | D8: 51309.967 | E8: 5734 | F8: 62991.967 | N8: Kajo-Keji | O8: 160421.02 | P8: 2322.1071 | Q8: 14702.551 | R8: 83321.069 | S8: 136331.84 | T8: 104304.79 | U8: 76651 | V8: 122076.41 | W8: 160421.02
B9: Morobo | C9: 10472.24 | D9: 51659.397 | E9: 10248 | F9: 72379.637 | N9: Lainya | O9: 62991.967 | P9: 1075.2643 | Q9: 12665.964 | R9: 49115.477 | S9: 60523.742 | T9: 43687.294 | U9: 28322 | V9: 51080.889 | W9: 56845.427
B10: Terekeka | C10: 11111.344 | D10: 151270.71 | E10: 1080 | F10: 163462.06 | N10: Morobo | O10: 72379.637 | P10: 11925.25 | Q10: 17670.307 | R10: 40965.726 | S10: 67832.786 | T10: 64830.407 | U10: 45895 | V10: 61515.216 | W10: 56393.42
B11: Yei | C11: 31398.894 | D11: 158241.33 | E11: 24236.434 | F11: 213876.66 | N11: Terekeka | O11: 163462.06 | P11: 162 | Q11: 56582.954 | R11: 80782.353 | S11: 137351.77 | T11: 109073.36 | U11: 79626 | V11: 163462.06 | W11: 77016.013
A12: Eastern Equatoria | B12: Budi | C12: 3424.9377 | D12: 60733.007 | E12: 1597.5 | F12: 65755.445 | N12: Yei | O12: 213876.66 | P12: 11317.957 | Q12: 45988.683 | R12: 110806.64 | S12: 128990.04 | T12: 121176.18 | U12: 91150 | V12: 125794.75 | W12: 213876.66
B13: Ikotos | C13: 4315 | D13: 44732.491 | E13: 2406 | F13: 51453.491 | M13: Eastern Equatoria | N13: Budi | O13: 65755.445 | P13: 319.5 | Q13: 28659.379 | R13: 44753.797 | S13: 56343.935 | T13: 38417.015 | U13: 17931 | V13: 49487.277 | W13: 65755.445
B14: Kapoeta East | C14: 1719.8192 | D14: 108231.94 | E14: 2825.828 | F14: 112777.59 | N14: Ikotos | O14: 51453.491 | P14: 515.61429 | Q14: 11371.839 | R14: 46087.398 | S14: 39767.572 | T14: 50150.223 | U14: 21278 | V14: 21896.276 | W14: 43313.146
B15: Kapoeta North | C15: 8023.4115 | D15: 89929.74 | E15: 2.1280981 | F15: 97955.279 | N15: Kapoeta East | O15: 112777.59 | P15: 532.30714 | Q15: 48380.012 | R15: 71373.069 | S15: 100987.25 | T15: 54936.758 | U15: 48828 | V15: 70224.911 | W15: 112777.59
B16: Kapoeta South | C16: 4785.0684 | D16: 78537.097 | E16: 9104.4828 | F16: 92426.648 | N16: Kapoeta North | O16: 97955.279 | P16: 0.45 | Q16: 49084.459 | R16: 62879.97 | S16: 91870.31 | T16: 46091.977 | U16: 24545 | V16: 97953.151 | W16: 66537.477
B17: Lafon | C17: 14604.061 | D17: 73504.163 | E17: 3812 | F17: 91920.225 | N17: Kapoeta South | O17: 92426.648 | P17: 1378.4357 | Q17: 23168.384 | R17: 42333.877 | S17: 41222.065 | T17: 45530.362 | U17: 22872 | V17: 46616.83 | W17: 92426.648
B18: Magwi | C18: 28480 | D18: 83224.484 | E18: 21427 | F18: 133131.48 | N18: Lafon | O18: 91920.225 | P18: 15095.879 | Q18: 7164.702 | R18: 54543.23 | S18: 91918.76 | T18: 55533.207 | U18: 36047 | V18: 37362.837 | W18: 39194.489
B19: Torit | C19: 2501.5236 | D19: 37597.566 | E19: 7367.6571 | F19: 47466.747 | N19: Magwi | O19: 133131.48 | P19: 4973.8714 | Q19: 15352.849 | R19: 91996.57 | S19: 56531.278 | T19: 121928 | U19: 103926 | V19: 17162.291 | W19: 80721.213
A20: Jonglei | B20: Akobo | C20: 40611.544 | D20: 126136.82 | E20: 6904.2601 | F20: 173652.63 | N20: Torit | O20: 47466.747 | P20: 1381.4357 | Q20: 6621.5547 | R20: 35990.937 | S20: 33232.662 | T20: 46872.221 | U20: 22591 | V20: 35980.1 | W20: 40891.796
B21: Ayod | C21: 18659.003 | D21: 108231.5 | E21: 16563.369 | F21: 143453.88 | M21: Jonglei | N21: Akobo | O21: 173652.63 | P21: 31226.889 | Q21: 39328.004 | R21: 108898.64 | S21: 171324.03 | T21: 106740.6 | U21: 99192 | V21: 149151.74 | W21: 99699.855
B22: Bor South | C22: 71925.882 | D22: 157119.14 | E22: 16703 | F22: 245748.02 | N22: Ayod | O22: 143453.88 | P22: 2910.4205 | Q22: 23158.079 | R22: 68700.653 | S22: 124326.04 | T22: 75453.237 | U22: 74244 | V22: 81600.947 | W22: 143453.88
B23: Canal/Pigi | C23: 69039.733 | D23: 31549.299 | E23: 1161.3333 | F23: 101750.37 | N23: Bor South | O23: 245748.02 | P23: 52770.45 | Q23: 61555.162 | R23: 139673.98 | S23: 72724.441 | T23: 169092.34 | U23: 143743 | V23: 245748.02 | W23: 143735.92
B24: Duk | C24: 77068.443 | D24: 90800.563 | E24: 9262.1429 | F24: 177131.15 | N24: Canal/Pigi | O24: 101750.37 | P24: 3120.9 | Q24: 16021.404 | R24: 42857.697 | S24: 90503.114 | T24: 75882.405 | U24: 65431 | V24: 94521.859 | W24: 99193.338
B25: Fangak | C25: 103011.13 | D25: 49721.19 | E25: 33686.174 | F25: 186418.49 | N25: Duk | O25: 177131.15 | P25: 1389.3214 | Q25: 19685.661 | R25: 80321.479 | S25: 127113.84 | T25: 121214.36 | U25: 93383 | V25: 177131.15 | W25: 86054.144
B26: Nyirol | C26: 47024.571 | D26: 48712.09 | E26: 9851.9936 | F26: 105588.65 | N26: Fangak | O26: 186418.49 | P26: 58479.176 | Q26: 70147.599 | R26: 76836.359 | S26: 181956.02 | T26: 136606.08 | U26: 140912 | V26: 139310.21 | W26: 165073.78
B27: Pibor | C27: 38060.248 | D27: 119138.14 | E27: 3453.1852 | F27: 160651.57 | N27: Nyirol | O27: 105588.65 | P27: 11314.486 | Q27: 45639.608 | R27: 63147.661 | S27: 98400.657 | T27: 92571.491 | U27: 68322 | V27: 104386.14 | W27: 89969.301
B28: Pochalla | C28: 14426.852 | D28: 38340.073 | E28: 2409.551 | F28: 55176.476 | N28: Pibor | O28: 160651.57 | P28: 4620.7 | Q28: 56497.929 | R28: 112680.42 | S28: 157513.96 | T28: 120090.86 | U28: 84292 | V28: 112428 | W28: 160651.57
B29: Twic East | C29: 25870.03 | D29: 73931.578 | E29: 5169 | F29: 104970.61 | N29: Pochalla | O29: 55176.476 | P29: 421.67143 | Q29: 8867.7003 | R29: 29182.806 | S29: 46609.815 | T29: 43669.621 | U29: 29931 | V29: 55176.476 | W29: 2534.1884
B30: Uror | C30: 23976.104 | D30: 113792.55 | E30: 4709.1667 | F30: 142477.82 | N30: Twic East | O30: 104970.61 | P30: 775.35 | Q30: 31137.404 | R30: 51123.364 | S30: 79517.132 | T30: 60529.04 | U30: 37100 | V30: 104970.61 | W30: 72384.684
A31: Lakes | B31: Awerial | C31: 39461.328 | D31: 55437.418 | E31: 2305.2857 | F31: 97204.032 | N31: Uror | O31: 142477.82 | P31: 4597.65 | Q31: 40407.018 | R31: 106332.24 | S31: 135433.26 | T31: 79671.127 | U31: 67845 | V31: 56387.668 | W31: 138481.81
B32: Cueibet | C32: 3578.7598 | D32: 94596.309 | E32: 765.33333 | F32: 98940.402 | M32: Lakes | N32: Awerial | O32: 97204.032 | P32: 28053.557 | Q32: 48138.925 | R32: 50863.726 | S32: 81670.658 | T32: 61454.718 | U32: 22363 | V32: 87854.687 | W32: 94244.432
B33: Rumbek Centre | C33: 2086.7142 | D33: 125533.72 | E33: 2057.9428 | F33: 129678.38 | N33: Cueibet | O33: 98940.402 | P33: 172.2 | Q33: 42156.339 | R33: 63093.642 | S33: 77973.336 | T33: 63079.281 | U33: 26644 | V33: 49353.093 | W33: 98929.772
B34: Rumbek East | C34: 6808.1234 | D34: 112657.34 | E34: 6376.7407 | F34: 125842.2 | N34: Rumbek Centre | O34: 129678.38 | P34: 432.15 | Q34: 46592.552 | R34: 73581.984 | S34: 126196.41 | T34: 88575.611 | U34: 33088 | V34: 127550.42 | W34: 85902.605
B35: Rumbek North | C35: 16898.631 | D35: 27348.681 | E35: 2637.784 | F35: 46885.096 | N35: Rumbek East | O35: 125842.2 | P35: 2954.55 | Q35: 20758.189 | R35: 60698.336 | S35: 111390.71 | T35: 52674.904 | U35: 24062 | V35: 125842.2 | W35: 77874.137
B36: Wulu | C36: 8322.5959 | D36: 34856.965 | E36: 1826.4615 | F36: 45006.023 | N36: Rumbek North | O36: 46885.096 | P36: 557.89286 | Q36: 17794.734 | R36: 24800.234 | S36: 46410.096 | T36: 34934.835 | U36: 11531 | V36: 33999.489 | W36: 12118.225
B37: Yirol East | C37: 21917.524 | D37: 82693.256 | E37: 2284.4552 | F37: 106895.24 | N37: Wulu | O37: 45006.023 | P37: 445.2 | Q37: 11566.878 | R37: 33453.93 | S37: 18938.947 | T37: 37077.204 | U37: 13467 | V37: 18933.013 | W37: 41840.852
B38: Yirol West | C38: 10362.577 | D38: 90469.194 | E38: 4188.974 | F38: 105020.74 | N38: Yirol East | O38: 106895.24 | P38: 457.18065 | Q38: 22790.076 | R38: 55122.786 | S38: 102500.62 | T38: 52667.158 | U38: 35910 | V38: 85166.428 | W38: 91169.42
A39: Northern Bahr el Ghazal | B39: Aweil Centre | C39: 7245.0983 | D39: 48176.199 | E39: 13603.718 | F39: 69025.016 | N39: Yirol West | O39: 105020.74 | P39: 767.97857 | Q39: 30188.868 | R39: 59758.037 | S39: 92759.69 | T39: 58154.767 | U39: 25396 | V39: 105020.74 | W39: 94432.824
B40: Aweil East | C40: 47590.975 | D40: 175141.53 | E40: 84624.372 | F40: 307356.88 | M40: Northern Bahr el Ghazal | N40: Aweil Centre | O40: 69025.016 | P40: 2477.0231 | Q40: 13605.446 | R40: 65719.584 | S40: 47403.89 | T40: 64590.339 | U40: 25977 | V40: 51800.689 | W40: 51293.578
B41: Aweil North | C41: 0 | D41: 79008.885 | E41: 48677.688 | F41: 127686.57 | N41: Aweil East | O41: 307356.88 | P41: 44338.656 | Q41: 129471.71 | R41: 161450.3 | S41: 272021.22 | T41: 149133.97 | U41: 130888 | V41: 307356.88 | W41: 143830.41
B42: Aweil South | C42: 6413.1419 | D42: 80340.475 | E42: 6742.2448 | F42: 93495.862 | N42: Aweil North | O42: 127686.57 | P42: 9339.3239 | Q42: 45012.666 | R42: 113237.31 | S42: 123588.49 | T42: 78709.268 | U42: 59385 | V42: 113432.16 | W42: 43015.803
B43: Aweil West | C43: 633.7956 | D43: 93820.843 | E43: 32349.664 | F43: 126804.3 | N43: Aweil South | O43: 93495.862 | P43: 1331.5493 | Q43: 22421.677 | R43: 72152.484 | S43: 93345.308 | T43: 57958.998 | U43: 30223 | V43: 53506.713 | W43: 70388.522
A44: Unity | B44: Abiemnhom | C44: 8191.9832 | D44: 29105.286 | E44: 1087.0796 | F44: 38384.349 | N44: Aweil West | O44: 126804.3 | P44: 7009.0939 | Q44: 29162.091 | R44: 79187.381 | S44: 125933.59 | T44: 79194.142 | U44: 79825 | V44: 107067.86 | W44: 71721.616
B45: Guit | C45: 22557.5 | D45: 30482.404 | E45: 1490.6764 | F45: 54530.58 | M45: Unity | N45: Abiemnhom | O45: 38384.349 | P45: 256.2402 | Q45: 3909.0912 | R45: 24009.241 | S45: 30601.381 | T45: 24885.492 | U45: 8906 | V45: 38384.349 | W45: 12728.429
B46: Koch | C46: 25721.289 | D46: 43164.899 | E46: 6114.9135 | F46: 75001.101 | N46: Guit | O46: 54530.58 | P46: 22829 | Q46: 14754.5 | R46: 26336.908 | S46: 53336.473 | T46: 33273.376 | U46: 26057 | V46: 42300.646 | W46: 33580.237
B47: Leer | C47: 38545.03 | D47: 25629.896 | E47: 4602.6741 | F47: 68777.599 | N47: Koch | O47: 75001.101 | P47: 1112.55 | Q47: 21308.929 | R47: 41231.576 | S47: 75001.101 | T47: 46637.886 | U47: 33857 | V47: 20167.056 | W47: 54751.396
B48: Mayendit | C48: 30389.775 | D48: 24492.422 | E48: 3069.1429 | F48: 57951.341 | N48: Leer | O48: 68777.599 | P48: 25901.154 | Q48: 15113.861 | R48: 29222.572 | S48: 55869.724 | T48: 42970.355 | U48: 39807 | V48: 68777.599 | W48: 27975.577
B49: Mayom | C49: 30899 | D49: 62822.382 | E49: 4717 | F49: 98438.382 | N49: Mayendit | O49: 57951.341 | P49: 16139.121 | Q49: 6013.4832 | R49: 32136.495 | S49: 49560.719 | T49: 31748.56 | U49: 28947 | V49: 52318.703 | W49: 26949.679
B50: Panyijiar | C50: 54052.32 | D50: 34425.758 | E50: 3636 | F50: 92114.078 | N50: Mayom | O50: 98438.382 | P50: 1057.5453 | Q50: 44772.874 | R50: 64229.396 | S50: 96632.24 | T50: 79003.363 | U50: 51874 | V50: 36295.965 | W50: 62318.192
B51: Pariang | C51: 10954.256 | D51: 86154.4 | E51: 3142.4968 | F51: 100251.15 | N51: Panyijiar | O51: 92114.078 | P51: 35024.15 | Q51: 27435.627 | R51: 50014.609 | S51: 83312.488 | T51: 73033.544 | U51: 62234 | V51: 89645.709 | W51: 59989.712
B52: Rubkona | C52: 233351.64 | D52: 106191.45 | E52: 13224.062 | F52: 352767.15 | N52: Pariang | O52: 100251.15 | P52: 527.39084 | Q52: 13310.819 | R52: 54403.706 | S52: 70970.175 | T52: 100251.15 | U52: 20855 | V52: 23089.53 | W52: 47335.523
A53: Upper Nile | B53: Baliet | C53: 5455.9985 | D53: 34697.162 | E53: 4455.713 | F53: 44608.873 | N53: Rubkona | O53: 352767.15 | P53: 235335.25 | Q53: 103161.19 | R53: 131887.96 | S53: 310650.76 | T53: 236906.39 | U53: 191510 | V53: 251280.62 | W53: 176914.01
B54: Fashoda | C54: 29304.162 | D54: 42844.433 | E54: 13755.278 | F54: 85903.872 | M54: Upper Nile | N54: Baliet | O54: 44608.873 | P54: 1484.15 | Q54: 3980.1637 | R54: 33945.355 | S54: 40040.65 | T54: 24537.865 | U54: 8661 | V54: 17283.659 | W54: 44608.873
B55: Longochuk | C55: 4270.8268 | D55: 44682.271 | E55: 15434.322 | F55: 64387.421 | N55: Fashoda | O55: 85903.872 | P55: 21631.238 | Q55: 30705.87 | R55: 33465.386 | S55: 62342.89 | T55: 39636.251 | U55: 42057 | V55: 59062.753 | W55: 85903.872
B56: Luakpiny/Nasir | C56: 15813.857 | D56: 105812.41 | E56: 142110.04 | F56: 263736.31 | N56: Longochuk | O56: 64387.421 | P56: 2434.8974 | Q56: 22699.74 | R56: 27229.996 | S56: 59926.46 | T56: 28612.627 | U56: 31251 | V56: 64387.421 | W56: 22364.262
B57: Maban | C57: 10736.998 | D57: 35213.297 | E57: 19563.447 | F57: 65513.742 | N57: Luakpiny/Nasir | O57: 263736.31 | P57: 39183.751 | Q57: 71326.465 | R57: 123478.22 | S57: 263736.31 | T57: 181123.58 | U57: 173666 | V57: 118468.15 | W57: 219989
B58: Maiwut | C58: 435.85329 | D58: 61218.682 | E58: 34791.2 | F58: 96445.735 | N58: Maban | O58: 65513.742 | P58: 11082.474 | Q58: 31191.269 | R58: 33280.976 | S58: 58992.146 | T58: 51513.736 | U58: 42084 | V58: 60239.589 | W58: 45280.138
B59: Malakal | C59: 87059.25 | D59: 99663.38 | E59: 12690.767 | F59: 199413.4 | N59: Maiwut | O59: 96445.735 | P59: 6478.3613 | Q59: 22501.878 | R59: 45617.506 | S59: 71600.411 | T59: 52502.398 | U59: 56974 | V59: 38841.951 | W59: 96445.735
B60: Manyo | C60: 16635.753 | D60: 46995.457 | E60: 20707.833 | F60: 84339.043 | N60: Malakal | O60: 199413.4 | P60: 76088.615 | Q60: 6819.447 | R60: 102902.26 | S60: 196994.48 | T60: 164454.49 | U60: 104994 | V60: 173475.54 | W60: 192953.7
B61: Melut | C61: 27668.75 | D61: 56401.701 | E61: 1135 | F61: 85205.451 | N61: Manyo | O61: 84339.043 | P61: 3686.4494 | Q61: 10766.986 | R61: 44313.33 | S61: 70394.138 | T61: 49367.966 | U61: 49319 | V61: 24892.26 | W61: 84339.043
B62: Panyikang | C62: 16263.68 | D62: 37822 | E62: 4540.6574 | F62: 58626.338 | N62: Melut | O62: 85205.451 | P62: 27912.114 | Q62: 25515.769 | R62: 51931.27 | S62: 80149.959 | T62: 58281.26 | U62: 51505 | V62: 36802.794 | W62: 11083.906
B63: Renk | C63: 83615 | D63: 139713.06 | E63: 157164.99 | F63: 380493.05 | N63: Panyikang | O63: 58626.338 | P63: 3193.5319 | Q63: 5079.999 | R63: 35658.472 | S63: 51560.354 | T63: 37336.872 | U63: 30791 | V63: 45496.471 | W63: 58626.338
B64: Ulang | C64: 18966 | D64: 59789.271 | E64: 38531.471 | F64: 117286.74 | N64: Renk | O64: 380493.05 | P64: 49695.529 | Q64: 103185.46 | R64: 186523.81 | S64: 376757.76 | T64: 238069.36 | U64: 312308 | V64: 136027.15 | W64: 271263.37
A65: Warrap | B65: Gogrial East | C65: 14399.34 | D65: 38920.789 | E65: 24660.38 | F65: 77980.509 | N65: Ulang | O65: 117286.74 | P65: 25604.59 | Q65: 42848.141 | R65: 55158.682 | S65: 114833.01 | T65: 85032.295 | U65: 55799 | V65: 67735.784 | W65: 98922.939
B66: Gogrial West | C66: 17195 | D66: 93064.485 | E66: 65097 | F66: 175356.48 | M66: Warrap | N66: Gogrial East | O66: 77980.509 | P66: 5247.4994 | Q66: 26817.73 | R66: 50095.473 | S66: 70144.287 | T66: 57631.444 | U66: 46444 | V66: 65331.366 | W66: 39920.525
B67: Tonj East | C67: 23538.621 | D67: 87510.126 | E67: 13713 | F67: 124761.75 | N67: Gogrial West | O67: 175356.48 | P67: 17372.562 | Q67: 67850.782 | R67: 127210.39 | S67: 158503.91 | T67: 151148.51 | U67: 142434 | V67: 135124.91 | W67: 149077.45
B68: Tonj North | C68: 25029 | D68: 109863.18 | E68: 8951.7537 | F68: 143843.93 | N68: Tonj East | O68: 124761.75 | P68: 2920.3252 | Q68: 52369.401 | R68: 83979.175 | S68: 118043.95 | T68: 68476.01 | U68: 73324 | V68: 106361.21 | W68: 78558.495
B69: Tonj South | C69: 5731.2877 | D69: 65721.237 | E69: 6645.7164 | F69: 78098.241 | N69: Tonj North | O69: 143843.93 | P69: 1969.3858 | Q69: 59868.791 | R69: 105262.05 | S69: 140221.6 | T69: 101797.14 | U69: 63430 | V69: 110905.95 | W69: 135895.48
B70: Twic | C70: 116376 | D70: 34129.818 | E70: 47910.869 | F70: 198416.69 | N70: Tonj South | O70: 78098.241 | P70: 1297.1157 | Q70: 15783.645 | R70: 57092.662 | S70: 57617.095 | T70: 57939.902 | U70: 41070 | V70: 54765.491 | W70: 78098.241
A71: Western Bahr el Ghazal | B71: Jur River | C71: 33793.255 | D71: 127436.65 | E71: 14403.456 | F71: 175633.36 | N71: Twic | O71: 198416.69 | P71: 96221.095 | Q71: 35205.127 | R71: 125825.36 | S71: 167273.42 | T71: 173189.42 | U71: 168782 | V71: 147785.94 | W71: 130068.7
B72: Raja | C72: 6684.9606 | D72: 19251.33 | E72: 20899.839 | F72: 46836.13 | M72: Western Bahr el Ghazal | N72: Jur River | O72: 175633.36 | P72: 32800.337 | Q72: 50365.938 | R72: 92536.658 | S72: 75389.123 | T72: 128041.96 | U72: 77435 | V72: 104238.89 | W72: 175633.36
B73: Wau | C73: 12495 | D73: 111624.95 | E73: 31618 | F73: 155737.95 | N73: Raja | O73: 46836.13 | P73: 10010.229 | Q73: 19290.884 | R73: 26690.906 | S73: 38125.664 | T73: 38009.954 | U73: 31000 | V73: 27584.8 | W73: 19001.584
A74: Western Equatoria | B74: Ezo | C74: 32680.101 | D74: 54459.394 | E74: 2711.8519 | F74: 89851.347 | N74: Wau | O74: 155737.95 | P74: 19641.905 | Q74: 39623.387 | R74: 112917.84 | S74: 144101.44 | T74: 132394.6 | U74: 79629 | V74: 93651.762 | W74: 126506.26
B75: Ibba | C75: 6333.4132 | D75: 40156.68 | E75: 1246.381 | F75: 47736.474 | M75: Western Equatoria | N75: Ezo | O75: 89851.347 | P75: 28992.9 | Q75: 26040.36 | R75: 52882.1 | S75: 21164.542 | T75: 58512.502 | U75: 42053 | V75: 63394.466 | W75: 87693.723
B76: Maridi | C76: 8321.4985 | D76: 57962.243 | E76: 516 | F76: 66799.741 | N76: Ibba | O76: 47736.474 | P76: 219.47143 | Q76: 8028.1832 | R76: 23830.289 | S76: 14120.036 | T76: 24360.982 | U76: 15398 | V76: 23037.266 | W76: 47736.474
B77: Mundri East | C77: 13014 | D77: 39815.583 | E77: 3113.6389 | F77: 55943.221 | N77: Maridi | O77: 66799.741 | P77: 103.2 | Q77: 14439.651 | R77: 51643.42 | S77: 23451.285 | T77: 36316.617 | U77: 32483 | V77: 28501.613 | W77: 66780.63
B78: Mundri West | C78: 1326.2144 | D78: 20359.407 | E78: 1623 | F78: 23308.621 | N78: Mundri East | O78: 55943.221 | P78: 752.85 | Q78: 1360.6011 | R78: 43115.596 | S78: 37233.692 | T78: 41740.048 | U78: 37702 | V78: 24720.093 | W78: 53697.172
B79: Mvolo | C79: 0 | D79: 39397.363 | E79: 3981.8246 | F79: 43379.188 | N79: Mundri West | O79: 23308.621 | P79: 347.85 | Q79: 3385.7118 | R79: 21869.408 | S79: 15838.135 | T79: 20437.781 | U79: 15146 | V79: 18365.985 | W79: 15604.061
B80: Nagero | C80: 24688 | D80: 13688.997 | E80: 0 | F80: 38376.997 | N80: Mvolo | O80: 43379.188 | P80: 740.1 | Q80: 5044.3672 | R80: 27755.718 | S80: 35973.396 | T80: 28717.414 | U80: 12353 | V80: 43379.188 | W80: 28814.47
B81: Nzara | C81: 2761.851 | D81: 51550.861 | E81: 375 | F81: 54687.712 | N81: Nagero | O81: 38376.997 | P81: 4387.5 | Q81: 3255.7225 | R81: 21195.343 | S81: 31705.415 | T81: 30858.74 | U81: 31642 | V81: 14083.742 | W81: 38045.348
B82: Tambura | C82: 24855.836 | D82: 71842.75 | E82: 2118.1429 | F82: 98816.729 | N82: Nzara | O82: 54687.712 | P82: 56.25 | Q82: 13148.252 | R82: 36553.723 | S82: 13330.459 | T82: 29821.692 | U82: 13724 | V82: 50125.922 | W82: 54019.679
B83: Yambio | C83: 8779.0381 | D83: 91961.779 | E83: 5936 | F83: 106676.82 | N83: Tambura | O83: 98816.729 | P83: 25173.557 | Q83: 20759.751 | R83: 41712.379 | S83: 44312.21 | T83: 62714.15 | U83: 48230 | V83: 98085.675 | W83: 79228.944
A84: Grand Total | C84: 2232106.1 | D84: 5785768.2 | E84: 1248686.7 | F84: 9266561 | N84: Yambio | O84: 106676.82 | P84: 1162.5 | Q84: 26172.684 | R84: 59384.965 | S84: 35843.112 | T84: 69180.049 | U84: 57876 | V84: 96427.604 | W84: 106004.63
M85: Grand Total | O85: 9266561 | P85: 1359005.7 | Q85: 2435900.3 | R85: 5250932.6 | S85: 7650961.6 | T85: 6269692.2 | U85: 4867750 | V85: 6669355.4 | W85: 6806494.8
I91: Sum of Final PiN
A92: Sum of Final PiN | I92: Population Group | J92: Total | O92: Values
A93: Admin 1 | B93: Total | I93: IDPs | J93: 2232106.1 | M93: Admin 1 | N93: Admin 2 | O93: Sum of Final Target | P93: Sum of CCCM | Q93: Sum of Education | R93: Sum of Nutrition | S93: Sum of Food Security | T93: Sum of Health | U93: Sum of Overarching Protection | V93: Sum of Shelter | W93: Sum of WASH
A94: Abyei Administrative Area | B94: 109100.65 | I94: Residents | J94: 5785768.2 | M94: Abyei Administrative Area | N94: Abyei Administrative Area | O94: 76370.453 | P94: 25000 | Q94: 28586.455 | R94: 32866.492 | S94: 53871.029 | T94: 76370.453 | U94: 41292 | V94: 34847.469 | W94: 16835.237
A95: Central Equatoria | B95: 1101295.4 | I95: Returnees | J95: 1248686.7 | M95: Central Equatoria | N95: Juba | O95: 0 | P95: 0 | Q95: 0 | R95: 0 | S95: 0 | T95: 0 | U95: 0 | V95: 0 | W95: 0
A96: Eastern Equatoria | B96: 692886.91 | I96: Grand Total | J96: 9266561 | N96: Kajo-Keji | O96: 0 | P96: 0 | Q96: 0 | R96: 0 | S96: 0 | T96: 0 | U96: 0 | V96: 0 | W96: 0
A97: Jonglei | B97: 1597019.7 | N97: Lainya | O97: 0 | P97: 0 | Q97: 0 | R97: 0 | S97: 0 | T97: 0 | U97: 0 | V97: 0 | W97: 0
A98: Lakes | B98: 755472.11 | N98: Morobo | O98: 0 | P98: 0 | Q98: 0 | R98: 0 | S98: 0 | T98: 0 | U98: 0 | V98: 0 | W98: 0
A99: Northern Bahr el Ghazal | B99: 724368.63 | N99: Terekeka | O99: 0 | P99: 0 | Q99: 0 | R99: 0 | S99: 0 | T99: 0 | U99: 0 | V99: 0 | W99: 0
A100: Unity | B100: 938215.74 | N100: Yei | O100: 0 | P100: 0 | Q100: 0 | R100: 0 | S100: 0 | T100: 0 | U100: 0 | V100: 0 | W100: 0
A101: Upper Nile | B101: 1545960 | M101: Eastern Equatoria | N101: Budi | O101: 0 | P101: 0 | Q101: 0 | R101: 0 | S101: 0 | T101: 0 | U101: 0 | V101: 0 | W101: 0
A102: Warrap | B102: 798457.6 | N102: Ikotos | O102: 0 | P102: 0 | Q102: 0 | R102: 0 | S102: 0 | T102: 0 | U102: 0 | V102: 0 | W102: 0
A103: Western Bahr el Ghazal | B103: 378207.44 | N103: Kapoeta East | O103: 79362.007 | P103: 0 | Q103: 10261.008 | R103: 40661.581 | S103: 57287.311 | T103: 38455.731 | U103: 28921 | V103: 0 | W103: 79362.007
A104: Western Equatoria | B104: 625576.85 | N104: Kapoeta North | O104: 28389.855 | P104: 0 | Q104: 5364.7474 | R104: 28126.398 | S104: 26057.761 | T104: 16132.192 | U104: 8014 | V104: 0 | W104: 15108.28
A105: Grand Total | B105: 9266561 | N105: Kapoeta South | O105: 41720.362 | P105: 0 | Q105: 2839.0879 | R105: 21543.593 | S105: 10599.96 | T105: 20488.663 | U105: 5926 | V105: 0 | W105: 41720.362
N106: Lafon | O106: 28425.109 | P106: 5705 | Q106: 931.7719 | R106: 25781.081 | S106: 26071.503 | T106: 19436.622 | U106: 9547 | V106: 0 | W106: 3697.5933
N107: Magwi | O107: 0 | P107: 0 | Q107: 0 | R107: 0 | S107: 0 | T107: 0 | U107: 0 | V107: 0 | W107: 0
...

Sheet Summary 2026
A1: Cluster/Sector | B1: PiN 2025 | C1: Target 2025 | D1: PiN 2026 | E1: Target 2026 (1&2) | F1: Target 2026 (1&2) (3)50% | G1: Requirement 2025 | H1: Requirement 2026 (1&2) | I1: Requirement 2026 (1&2) (3)50% | J1: PiN change | K1: Target change | L1: Requirements change | M1: Testing | N1: New Requirement 2026 (Priority 1,2 and 50% of 3)
A2: SNFI | B2: 4243316.9 | C2: 1366881.2 | D2: 6669355.4 | E2: 1327241.7 | F2: 882352.95 | G2: 46473960 | H2: 45126218 | I2: 51383194 | J2: =(Table3[[#This Row],[PiN 2026]]-Table3[[#This Row],[PiN 2025]])/Table3[[#This Row],[PiN 2025]] -> 0.57173162 | K2: =(Table3[[#This Row],[Target 2026 (1&2) (3)50%]]-Table3[[#This Row],[Target 2025]])/Table3[[#This Row],[Target 2025]] -> -0.35447722 | L2: =(Table3[[#This Row],[Requirement 2026 (1&2) (3)50%]]-Table3[[#This Row],[Requirement 2025]])/Table3[[#This Row],[Requirement 2025]] -> 0.10563407 | M2: =(Table3[[#This Row],[Requirement 2026 (1&2) (3)50%]]-Table3[[#This Row],[Requirement 2025]])/Table3[[#This Row],[Requirement 2025]] -> 0.10563407 | N2: 30000000
A3: CCCM | B3: 1351731.7 | C3: 1126884 | D3: 1359005.7 | E3: 693109 | F3: 735986 | G3: 18586560 | H3: 15941507 | I3: 16927678 | J3: =(Table3[[#This Row],[PiN 2026]]-Table3[[#This Row],[PiN 2025]])/Table3[[#This Row],[PiN 2025]] -> 0.0053812146 | K3: =(Table3[[#This Row],[Target 2026 (1&2) (3)50%]]-Table3[[#This Row],[Target 2025]])/Table3[[#This Row],[Target 2025]] -> -0.34688398 | L3: =(Table3[[#This Row],[Requirement 2026 (1&2) (3)50%]]-Table3[[#This Row],[Requirement 2025]])/Table3[[#This Row],[Requirement 2025]] -> -0.089251685 | M3: =(Table3[[#This Row],[Requirement 2026 (1&2) (3)50%]]-Table3[[#This Row],[Requirement 2025]])/Table3[[#This Row],[Requirement 2025]] -> -0.089251685 | N3: 15000000
A4: FSL | B4: 7750164.7 | C4: 3556521 | D4: 7650961.6 | E4: 2290400.2 | F4: 2664031.9 | G4: 4.7506879e+08 | H4: 3.7245279e+08 | I4: 4.1056017e+08 | J4: =(Table3[[#This Row],[PiN 2026]]-Table3[[#This Row],[PiN 2025]])/Table3[[#This Row],[PiN 2025]] -> -0.01280014 | K4: =(Table3[[#This Row],[Target 2026 (1&2) (3)50%]]-Table3[[#This Row],[Target 2025]])/Table3[[#This Row],[Target 2025]] -> -0.25094443 | L4: =(Table3[[#This Row],[Requirement 2026 (1&2) (3)50%]]-Table3[[#This Row],[Requirement 2025]])/Table3[[#This Row],[Requirement 2025]] -> -0.13578795 | M4: =(Table3[[#This Row],[Requirement 2026 (1&2) (3)50%]]-Table3[[#This Row],[Requirement 2025]])/Table3[[#This Row],[Requirement 2025]] -> -0.13578795 | N4: 3.6043359e+08
A5: Health | B5: 5657326.8 | C5: 3089736.4 | D5: 6269692.2 | E5: 2505797.9 | F5: 2884600.2 | G5: 1.1922898e+08 | H5: 98728437 | I5: 1.1365325e+08 | J5: =(Table3[[#This Row],[PiN 2026]]-Table3[[#This Row],[PiN 2025]])/Table3[[#This Row],[PiN 2025]] -> 0.10824289 | K5: =(Table3[[#This Row],[Target 2026 (1&2) (3)50%]]-Table3[[#This Row],[Target 2025]])/Table3[[#This Row],[Target 2025]] -> -0.066392791 | L5: =(Table3[[#This Row],[Requirement 2026 (1&2) (3)50%]]-Table3[[#This Row],[Requirement 2025]])/Table3[[#This Row],[Requirement 2025]] -> -0.046764936 | M5: =(Table3[[#This Row],[Requirement 2026 (1&2) (3)50%]]-Table3[[#This Row],[Requirement 2025]])/Table3[[#This Row],[Requirement 2025]] -> -0.046764936 | N5: 75143835
A6: WASH | B6: 5010139 | C6: 2251568.3 | D6: 6806494.8 | E6: 1904586.2 | F6: 2167688.7 | G6: 86315791 | H6: 78088033 | I6: 88875235 | J6: =(Table3[[#This Row],[PiN 2026]]-Table3[[#This Row],[PiN 2025]])/Table3[[#This Row],[PiN 2025]] -> 0.35854409 | K6: =(Table3[[#This Row],[Target 2026 (1&2) (3)50%]]-Table3[[#This Row],[Target 2025]])/Table3[[#This Row],[Target 2025]] -> -0.037253894 | L6: =(Table3[[#This Row],[Requirement 2026 (1&2) (3)50%]]-Table3[[#This Row],[Requirement 2025]])/Table3[[#This Row],[Requirement 2025]] -> 0.029652092 | M6: =(Table3[[#This Row],[Requirement 2026 (1&2) (3)50%]]-Table3[[#This Row],[Requirement 2025]])/Table3[[#This Row],[Requirement 2025]] -> 0.029652092 | N6: 59828207
A7: Education | B7: 2139278.5 | C7: 673771 | D7: 2435900.3 | E7: 721635.79 | F7: 795532.3 | G7: 40426260 | H7: 43298148 | I7: 47731938 | J7: =(Table3[[#This Row],[PiN 2026]]-Table3[[#This Row],[PiN 2025]])/Table3[[#This Row],[PiN 2025]] -> 0.13865506 | K7: =(Table3[[#This Row],[Target 2026 (1&2) (3)50%]]-Table3[[#This Row],[Target 2025]])/Table3[[#This Row],[Target 2025]] -> 0.18071616 | L7: =(Table3[[#This Row],[Requirement 2026 (1&2) (3)50%]]-Table3[[#This Row],[Requirement 2025]])/Table3[[#This Row],[Requirement 2025]] -> 0.18071616 | M7: =(Table3[[#This Row],[Requirement 2026 (1&2) (3)50%]]-Table3[[#This Row],[Requirement 2025]])/Table3[[#This Row],[Requirement 2025]] -> 0.18071616 | N7: 30230227
A8: Protection | B8: 5342405.9 | C8: 1466779 | D8: 4867750 | E8: 1397168 | F8: 1451620 | G8: 81428024 | H8: 70545481 | I8: 79426435 | J8: =(Table3[[#This Row],[PiN 2026]]-Table3[[#This Row],[PiN 2025]])/Table3[[#This Row],[PiN 2025]] -> -0.088846838 | K8: =(Table3[[#This Row],[Target 2026 (1&2) (3)50%]]-Table3[[#This Row],[Target 2025]])/Table3[[#This Row],[Target 2025]] -> -0.010334912 | L8: =(Table3[[#This Row],[Requirement 2026 (1&2) (3)50%]]-Table3[[#This Row],[Requirement 2025]])/Table3[[#This Row],[Requirement 2025]] -> -0.02458108 | M8: =(Table3[[#This Row],[Requirement 2026 (1&2) (3)50%]]-Table3[[#This Row],[Requirement 2025]])/Table3[[#This Row],[Requirement 2025]] -> -0.02458108 | N8: 71431800
A9: Nutrition | B9: 4334588.3 | C9: 2843605.3 | D9: 5250932.6 | E9: 1369296.8 | F9: 1833612.4 | G9: 1.9844334e+08 | H9: 97150883 | I9: 1.2798766e+08 | J9: =(Table3[[#This Row],[PiN 2026]]-Table3[[#This Row],[PiN 2025]])/Table3[[#This Row],[PiN 2025]] -> 0.21140285 | K9: =(Table3[[#This Row],[Target 2026 (1&2) (3)50%]]-Table3[[#This Row],[Target 2025]])/Table3[[#This Row],[Target 2025]] -> -0.35518041 | L9: =(Table3[[#This Row],[Requirement 2026 (1&2) (3)50%]]-Table3[[#This Row],[Requirement 2025]])/Table3[[#This Row],[Requirement 2025]] -> -0.35504179 | M9: =(Table3[[#This Row],[Requirement 2026 (1&2) (3)50%]]-Table3[[#This Row],[Requirement 2025]])/Table3[[#This Row],[Requirement 2025]] -> -0.35504179 | N9: 1.2004131e+08
A10: Logistics | G10: 99806929 | H10: 78248221 | I10: 78248221 | L10: =(Table3[[#This Row],[Requirement 2026 (1&2) (3)50%]]-Table3[[#This Row],[Requirement 2025]])/Table3[[#This Row],[Requirement 2025]] -> -0.21600412 | M10: =(Table3[[#This Row],[Requirement 2026 (1&2) (3)50%]]-Table3[[#This Row],[Requirement 2025]])/Table3[[#This Row],[Requirement 2025]] -> -0.21600412 | N10: 45000000
A11: CCS (with OTA) | G11: 36000000 | H11: 33230246 | I11: 33230246 | L11: =(Table3[[#This Row],[Requirement 2026 (1&2) (3)50%]]-Table3[[#This Row],[Requirement 2025]])/Table3[[#This Row],[Requirement 2025]] -> -0.076937611 | M11: =(Table3[[#This Row],[Requirement 2026 (1&2) (3)50%]]-Table3[[#This Row],[Requirement 2025]])/Table3[[#This Row],[Requirement 2025]] -> -0.076937611 | N11: 20000000
A12: MPCA | F12: 463704.84 | G12: 25000000 | H12: 33539527 | I12: 33539527 | L12: =(Table3[[#This Row],[Requirement 2026 (1&2) (3)50%]]-Table3[[#This Row],[Requirement 2025]])/Table3[[#This Row],[Requirement 2025]] -> 0.34158108 | M12: =(Table3[[#This Row],[Requirement 2026 (1&2) (3)50%]]-Table3[[#This Row],[Requirement 2025]])/Table3[[#This Row],[Requirement 2025]] -> 0.34158108 | N12: 30000000
A13: Refugee | B13: 680000 | C13: 680000 | D13: 741304 | E13: 592848 | F13: 592848 | G13: 468000000 | H13: 500000000 | I13: 500000000 | J13: =(Table3[[#This Row],[PiN 2026]]-Table3[[#This Row],[PiN 2025]])/Table3[[#This Row],[PiN 2025]] -> 0.090152941 | K13: =(Table3[[#This Row],[Target 2026 (1&2) (3)50%]]-Table3[[#This Row],[Target 2025]])/Table3[[#This Row],[Target 2025]] -> -0.12816471 | L13: =(Table3[[#This Row],[Requirement 2026 (1&2) (3)50%]]-Table3[[#This Row],[Requirement 2025]])/Table3[[#This Row],[Requirement 2025]] -> 0.068376068 | M13: =(Table3[[#This Row],[Requirement 2026 (1&2) (3)50%]]-Table3[[#This Row],[Requirement 2025]])/Table3[[#This Row],[Requirement 2025]] -> 0.068376068 | N13: 185000000
A14: Total without refugees | B14: 8610087.9 | C14: 4696982.1 | D14: 9266561 | E14: 3199208.7 | F14: 3656206.7 | G14: 1.2267786e+09 | H14: =SUM(H2:H12) -> 9.6634949e+08 | I14: =SUM(I2:I12) -> 1.0815636e+09 | J14: =(Table3[[#This Row],[PiN 2026]]-Table3[[#This Row],[PiN 2025]])/Table3[[#This Row],[PiN 2025]] -> 0.076244652 | K14: =(Table3[[#This Row],[Target 2026 (1&2) (3)50%]]-Table3[[#This Row],[Target 2025]])/Table3[[#This Row],[Target 2025]] -> -0.22158386 | L14: =(Table3[[#This Row],[Requirement 2026 (1&2) (3)50%]]-Table3[[#This Row],[Requirement 2025]])/Table3[[#This Row],[Requirement 2025]] -> -0.11837106 | M14: =(Table3[[#This Row],[Requirement 2026 (1&2) (3)50%]]-Table3[[#This Row],[Requirement 2025]])/Table3[[#This Row],[Requirement 2025]] -> -0.11837106 | N14: =SUM(N2:N12) -> 8.5710897e+08
A15: Total with refugees | B15: 9290087.9 | C15: 5376982.1 | D15: =SUM(D13:D14) -> 10007865 | E15: =SUM(E14,E13) -> 3792056.7 | F15: =SUM(F14,F13) -> 4249054.7 | G15: 1.6947786e+09 | H15: =SUM(H2:H13) -> 1.4663495e+09 | I15: =SUM(I2:I13) -> 1.5815636e+09 | J15: =(Table3[[#This Row],[PiN 2026]]-Table3[[#This Row],[PiN 2025]])/Table3[[#This Row],[PiN 2025]] -> 0.077262687 | K15: =(Table3[[#This Row],[Target 2026 (1&2) (3)50%]]-Table3[[#This Row],[Target 2025]])/Table3[[#This Row],[Target 2025]] -> -0.20976961 | L15: =(Table3[[#This Row],[Requirement 2026 (1&2) (3)50%]]-Table3[[#This Row],[Requirement 2025]])/Table3[[#This Row],[Requirement 2025]] -> -0.066802284 | M15: =(Table3[[#This Row],[Requirement 2026 (1&2) (3)50%]]-Table3[[#This Row],[Requirement 2025]])/Table3[[#This Row],[Requirement 2025]] -> -0.066802284 | N15: =SUM(N2:N13) -> 1.042109e+09
A21: Cluster/Sector | B21: PiN 2025 | C21: Target 2025 | D21: PiN 2026 | E21: Target 2026 (1&2) | F21: Target 2026 (1&2) (3)50% | G21: Requirement 2025 | H21: Requirement 2026 (1&2) | I21: Requirement 2026 (1&2) (3)50% | J21: PiN change | K21: Target change | L21: Requirements change | M21: New Requirement 2026 (Priority 1,2 and 50% of 3) | N21: Reduction USD million
A22: SNFI | B22: =B2/1000000 -> 4.2433169 | C22: =C2/1000000 -> 1.3668812 | D22: =D2/1000000 -> 6.6693554 | E22: =E2/1000000 -> 1.3272417 | F22: =F2/1000000 -> 0.88235295 | G22: =G2/1000000 -> 46.47396 | H22: =H2/1000000 -> 45.126218 | I22: =I2/1000000 -> 51.383194 | J22: =(Table310[[#This Row],[PiN 2026]]-Table310[[#This Row],[PiN 2025]])/Table310[[#This Row],[PiN 2025]] -> 0.57173162 | K22: =(Table310[[#This Row],[Target 2026 (1&2) (3)50%]]-Table310[[#This Row],[Target 2025]])/Table310[[#This Row],[Target 2025]] -> -0.35447722 | L22: =(Table310[[#This Row],[Requirement 2026 (1&2) (3)50%]]-Table310[[#This Row],[Requirement 2025]])/Table310[[#This Row],[Requirement 2025]] -> 0.10563407 | M22: 30 | N22: =Table310[[#This Row],[Requirement 2026 (1&2) (3)50%]]-Table310[[#This Row],[New Requirement 2026 (Priority 1,2 and 50% of 3)]] -> 21.383194
A23: CCCM | B23: =B3/1000000 -> 1.3517317 | C23: =C3/1000000 -> 1.126884 | D23: =D3/1000000 -> 1.3590057 | E23: =E3/1000000 -> 0.693109 | F23: =F3/1000000 -> 0.735986 | G23: =G3/1000000 -> 18.58656 | H23: =H3/1000000 -> 15.941507 | I23: =I3/1000000 -> 16.927678 | J23: =(Table310[[#This Row],[PiN 2026]]-Table310[[#This Row],[PiN 2025]])/Table310[[#This Row],[PiN 2025]] -> 0.0053812146 | K23: =(Table310[[#This Row],[Target 2026 (1&2) (3)50%]]-Table310[[#This Row],[Target 2025]])/Table310[[#This Row],[Target 2025]] -> -0.34688398 | L23: =(Table310[[#This Row],[Requirement 2026 (1&2) (3)50%]]-Table310[[#This Row],[Requirement 2025]])/Table310[[#This Row],[Requirement 2025]] -> -0.089251685 | M23: 15 | N23: =Table310[[#This Row],[Requirement 2026 (1&2) (3)50%]]-Table310[[#This Row],[New Requirement 2026 (Priority 1,2 and 50% of 3)]] -> 1.927678
A24: FSL | B24: =B4/1000000 -> 7.7501647 | C24: =C4/1000000 -> 3.556521 | D24: 7.65 | E24: =E4/1000000 -> 2.2904002 | F24: =F4/1000000 -> 2.6640319 | G24: =G4/1000000 -> 475.06879 | H24: =H4/1000000 -> 372.45279 | I24: =I4/1000000 -> 410.56017 | J24: =(Table310[[#This Row],[PiN 2026]]-Table310[[#This Row],[PiN 2025]])/Table310[[#This Row],[PiN 2025]] -> -0.012924209 | K24: =(Table310[[#This Row],[Target 2026 (1&2) (3)50%]]-Table310[[#This Row],[Target 2025]])/Table310[[#This Row],[Target 2025]] -> -0.25094443 | L24: =(Table310[[#This Row],[Requirement 2026 (1&2) (3)50%]]-Table310[[#This Row],[Requirement 2025]])/Table310[[#This Row],[Requirement 2025]] -> -0.13578795 | M24: 360 | N24: =Table310[[#This Row],[Requirement 2026 (1&2) (3)50%]]-Table310[[#This Row],[New Requirement 2026 (Priority 1,2 and 50% of 3)]] -> 50.560173
A25: Health | B25: =B5/1000000 -> 5.6573268 | C25: =C5/1000000 -> 3.0897364 | D25: =D5/1000000 -> 6.2696922 | E25: =E5/1000000 -> 2.5057979 | F25: =F5/1000000 -> 2.8846002 | G25: =G5/1000000 -> 119.22898 | H25: =H5/1000000 -> 98.728437 | I25: =I5/1000000 -> 113.65325 | J25: =(Table310[[#This Row],[PiN 2026]]-Table310[[#This Row],[PiN 2025]])/Table310[[#This Row],[PiN 2025]] -> 0.10824289 | K25: =(Table310[[#This Row],[Target 2026 (1&2) (3)50%]]-Table310[[#This Row],[Target 2025]])/Table310[[#This Row],[Target 2025]] -> -0.066392791 | L25: =(Table310[[#This Row],[Requirement 2026 (1&2) (3)50%]]-Table310[[#This Row],[Requirement 2025]])/Table310[[#This Row],[Requirement 2025]] -> -0.046764936 | M25: 75 | N25: =Table310[[#This Row],[Requirement 2026 (1&2) (3)50%]]-Table310[[#This Row],[New Requirement 2026 (Priority 1,2 and 50% of 3)]] -> 38.653248
A26: WASH | B26: =B6/1000000 -> 5.010139 | C26: =C6/1000000 -> 2.2515683 | D26: =D6/1000000 -> 6.8064948 | E26: =E6/1000000 -> 1.9045862 | F26: =F6/1000000 -> 2.1676887 | G26: =G6/1000000 -> 86.315791 | H26: =H6/1000000 -> 78.088033 | I26: =I6/1000000 -> 88.875235 | J26: =(Table310[[#This Row],[PiN 2026]]-Table310[[#This Row],[PiN 2025]])/Table310[[#This Row],[PiN 2025]] -> 0.35854409 | K26: =(Table310[[#This Row],[Target 2026 (1&2) (3)50%]]-Table310[[#This Row],[Target 2025]])/Table310[[#This Row],[Target 2025]] -> -0.037253894 | L26: =(Table310[[#This Row],[Requirement 2026 (1&2) (3)50%]]-Table310[[#This Row],[Requirement 2025]])/Table310[[#This Row],[Requirement 2025]] -> 0.029652092 | M26: 60 | N26: =Table310[[#This Row],[Requirement 2026 (1&2) (3)50%]]-Table310[[#This Row],[New Requirement 2026 (Priority 1,2 and 50% of 3)]] -> 28.875235
A27: Education | B27: =B7/1000000 -> 2.1392785 | C27: =C7/1000000 -> 0.673771 | D27: =D7/1000000 -> 2.4359003 | E27: =E7/1000000 -> 0.72163579 | F27: =F7/1000000 -> 0.7955323 | G27: =G7/1000000 -> 40.42626 | H27: =H7/1000000 -> 43.298148 | I27: =I7/1000000 -> 47.731938 | J27: =(Table310[[#This Row],[PiN 2026]]-Table310[[#This Row],[PiN 2025]])/Table310[[#This Row],[PiN 2025]] -> 0.13865506 | K27: =(Table310[[#This Row],[Target 2026 (1&2) (3)50%]]-Table310[[#This Row],[Target 2025]])/Table310[[#This Row],[Target 2025]] -> 0.18071616 | L27: =(Table310[[#This Row],[Requirement 2026 (1&2) (3)50%]]-Table310[[#This Row],[Requirement 2025]])/Table310[[#This Row],[Requirement 2025]] -> 0.18071616 | M27: 30 | N27: =Table310[[#This Row],[Requirement 2026 (1&2) (3)50%]]-Table310[[#This Row],[New Requirement 2026 (Priority 1,2 and 50% of 3)]] -> 17.731938
A28: Protection | B28: =B8/1000000 -> 5.3424059 | C28: =C8/1000000 -> 1.466779 | D28: =D8/1000000 -> 4.86775 | E28: =E8/1000000 -> 1.397168 | F28: =F8/1000000 -> 1.45162 | G28: =G8/1000000 -> 81.428024 | H28: =H8/1000000 -> 70.545481 | I28: =I8/1000000 -> 79.426435 | J28: =(Table310[[#This Row],[PiN 2026]]-Table310[[#This Row],[PiN 2025]])/Table310[[#This Row],[PiN 2025]] -> -0.088846838 | K28: =(Table310[[#This Row],[Target 2026 (1&2) (3)50%]]-Table310[[#This Row],[Target 2025]])/Table310[[#This Row],[Target 2025]] -> -0.010334912 | L28: =(Table310[[#This Row],[Requirement 2026 (1&2) (3)50%]]-Table310[[#This Row],[Requirement 2025]])/Table310[[#This Row],[Requirement 2025]] -> -0.02458108 | M28: 71.4 | N28: =Table310[[#This Row],[Requirement 2026 (1&2) (3)50%]]-Table310[[#This Row],[New Requirement 2026 (Priority 1,2 and 50% of 3)]] -> 8.026435
A29: Nutrition | B29: =B9/1000000 -> 4.3345883 | C29: =C9/1000000 -> 2.8436053 | D29: =D9/1000000 -> 5.2509326 | E29: =E9/1000000 -> 1.3692968 | F29: =F9/1000000 -> 1.8336124 | G29: =G9/1000000 -> 198.44334 | H29: =H9/1000000 -> 97.150883 | I29: =I9/1000000 -> 127.98766 | J29: =(Table310[[#This Row],[PiN 2026]]-Table310[[#This Row],[PiN 2025]])/Table310[[#This Row],[PiN 2025]] -> 0.21140285 | K29: =(Table310[[#This Row],[Target 2026 (1&2) (3)50%]]-Table310[[#This Row],[Target 2025]])/Table310[[#This Row],[Target 2025]] -> -0.35518041 | L29: =(Table310[[#This Row],[Requirement 2026 (1&2) (3)50%]]-Table310[[#This Row],[Requirement 2025]])/Table310[[#This Row],[Requirement 2025]] -> -0.35504179 | M29: 120 | N29: =Table310[[#This Row],[Requirement 2026 (1&2) (3)50%]]-Table310[[#This Row],[New Requirement 2026 (Priority 1,2 and 50% of 3)]] -> 7.9876628
A30: Logistics | B30: =B10/1000000 -> 0 | C30: =C10/1000000 -> 0 | D30: =D10/1000000 -> 0 | E30: =E10/1000000 -> 0 | F30: =F10/1000000 -> 0 | G30: =G10/1000000 -> 99.806929 | H30: =H10/1000000 -> 78.248221 | I30: =I10/1000000 -> 78.248221 | L30: =(Table310[[#This Row],[Requirement 2026 (1&2) (3)50%]]-Table310[[#This Row],[Requirement 2025]])/Table310[[#This Row],[Requirement 2025]] -> -0.21600412 | M30: 45 | N30: =Table310[[#This Row],[Requirement 2026 (1&2) (3)50%]]-Table310[[#This Row],[New Requirement 2026 (Priority 1,2 and 50% of 3)]] -> 33.248221
A31: CCS (with OTA) | B31: =B11/1000000 -> 0 | C31: =C11/1000000 -> 0 | D31: =D11/1000000 -> 0 | E31: =E11/1000000 -> 0 | F31: =F11/1000000 -> 0 | G31: =G11/1000000 -> 36 | H31: =H11/1000000 -> 33.230246 | I31: =I11/1000000 -> 33.230246 | L31: =(Table310[[#This Row],[Requirement 2026 (1&2) (3)50%]]-Table310[[#This Row],[Requirement 2025]])/Table310[[#This Row],[Requirement 2025]] -> -0.076937611 | M31: 20 | N31: =Table310[[#This Row],[Requirement 2026 (1&2) (3)50%]]-Table310[[#This Row],[New Requirement 2026 (Priority 1,2 and 50% of 3)]] -> 13.230246
A32: MPCA | B32: =B12/1000000 -> 0 | C32: =C12/1000000 -> 0 | D32: =D12/1000000 -> 0 | E32: =E12/1000000 -> 0 | F32: =F12/1000000 -> 0.46370484 | G32: =G12/1000000 -> 25 | H32: =H12/1000000 -> 33.539527 | I32: =I12/1000000 -> 33.539527 | L32: =(Table310[[#This Row],[Requirement 2026 (1&2) (3)50%]]-Table310[[#This Row],[Requirement 2025]])/Table310[[#This Row],[Requirement 2025]] -> 0.34158108 | M32: 30 | N32: =Table310[[#This Row],[Requirement 2026 (1&2) (3)50%]]-Table310[[#This Row],[New Requirement 2026 (Priority 1,2 and 50% of 3)]] -> 3.539527
A33: Refugee | B33: =B13/1000000 -> 0.68 | C33: =C13/1000000 -> 0.68 | D33: =D13/1000000 -> 0.741304 | E33: =E13/1000000 -> 0.592848 | F33: =F13/1000000 -> 0.592848 | G33: =G13/1000000 -> 468 | H33: =H13/1000000 -> 500 | I33: =I13/1000000 -> 500 | J33: =(Table310[[#This Row],[PiN 2026]]-Table310[[#This Row],[PiN 2025]])/Table310[[#This Row],[PiN 2025]] -> 0.090152941 | K33: =(Table310[[#This Row],[Target 2026 (1&2) (3)50%]]-Table310[[#This Row],[Target 2025]])/Table310[[#This Row],[Target 2025]] -> -0.12816471 | L33: =(Table310[[#This Row],[Requirement 2026 (1&2) (3)50%]]-Table310[[#This Row],[Requirement 2025]])/Table310[[#This Row],[Requirement 2025]] -> 0.068376068 | M33: 185 | N33: =Table310[[#This Row],[Requirement 2026 (1&2) (3)50%]]-Table310[[#This Row],[New Requirement 2026 (Priority 1,2 and 50% of 3)]] -> 315
A34: Total without refugees | B34: =B14/1000000 -> 8.6100879 | C34: =C14/1000000 -> 4.6969821 | D34: =D14/1000000 -> 9.266561 | E34: =E14/1000000 -> 3.1992087 | F34: =F14/1000000 -> 3.6562067 | G34: =G14/1000000 -> 1226.7786 | H34: =H14/1000000 -> 966.34949 | I34: =I14/1000000 -> 1081.5636 | J34: =(Table310[[#This Row],[PiN 2026]]-Table310[[#This Row],[PiN 2025]])/Table310[[#This Row],[PiN 2025]] -> 0.076244652 | K34: =(Table310[[#This Row],[Target 2026 (1&2) (3)50%]]-Table310[[#This Row],[Target 2025]])/Table310[[#This Row],[Target 2025]] -> -0.22158386 | L34: =(Table310[[#This Row],[Requirement 2026 (1&2) (3)50%]]-Table310[[#This Row],[Requirement 2025]])/Table310[[#This Row],[Requirement 2025]] -> -0.11837106 | M34: 856.4 | N34: =Table310[[#This Row],[Requirement 2026 (1&2) (3)50%]]-Table310[[#This Row],[New Requirement 2026 (Priority 1,2 and 50% of 3)]] -> 225.16356
A35: Total with refugees | B35: =B15/1000000 -> 9.2900879 | C35: =C15/1000000 -> 5.3769821 | D35: =D15/1000000 -> 10.007865 | E35: =E15/1000000 -> 3.7920567 | F35: =F15/1000000 -> 4.2490547 | G35: =G15/1000000 -> 1694.7786 | H35: =H15/1000000 -> 1466.3495 | I35: =I15/1000000 -> 1581.5636 | J35: =(Table310[[#This Row],[PiN 2026]]-Table310[[#This Row],[PiN 2025]])/Table310[[#This Row],[PiN 2025]] -> 0.077262687 | K35: =(Table310[[#This Row],[Target 2026 (1&2) (3)50%]]-Table310[[#This Row],[Target 2025]])/Table310[[#This Row],[Target 2025]] -> -0.20976961 | L35: =(Table310[[#This Row],[Requirement 2026 (1&2) (3)50%]]-Table310[[#This Row],[Requirement 2025]])/Table310[[#This Row],[Requirement 2025]] -> -0.066802284 | M35: =SUM(M22:M33) -> 1041.4 | N35: =Table310[[#This Row],[Requirement 2026 (1&2) (3)50%]]-Table310[[#This Row],[New Requirement 2026 (Priority 1,2 and 50% of 3)]] -> 540.16356

Sheet County-SADD-PIN
E1: =SUM(Table6[Refugees]) -> 741303 | F1: =SUM(Table6[Overall PiN]) -> 9266561 | G1: =SUM(Table6[Overall PiN with REFUGEES]) -> 10007864 | I1: =SUM(Table6[No. of Male children under 5]) -> 957747.92 | K1: =SUM(Table6[No. of Female children under 5]) -> 895858.38 | M1: =SUM(Table6[No. of Male children aged 5 - 17 years]) -> 1763969.2 | O1: =SUM(Table6[No. of Female children aged 5 - 17 years]) -> 1742443.1 | Q1: =SUM(Table6[No. of Male adults aged 18 - 60]) -> 1909446.9 | S1: =SUM(Table6[No. of Female adults aged 18 - 60]) -> 2006959.6 | U1: =SUM(Table6[No. of Male adults aged over 60]) -> 347699.24 | W1: =SUM(Table6[No. Female adults aged over 60]) -> 383739.57 | X1: =SUM(Table6[Persons with disability]) -> 1393513.2 | AA1: =SUM(I1,M1,Q1,U1) -> 4978863.3 | AB1: =SUM(K1,O1,S1,W1) -> 5029000.7 | AC1: =SUM(I1,K1,M1,O1) -> 5360018.6 | AD1: =SUM(S1,W1) -> 2390699.2 | AE1: =SUM(Q1,U1) -> 2257146.1 | AF1: =SUM(Q1,S1,U1,W1) -> 4647845.4 | AG1: =SUM(U1,W1) -> 731438.81 | AJ1: =SUM(AJ3:AJ81) -> 2721717.1 | AK1: =SUM(AK3:AK81) -> 2638301.5 | AL1: =SUM(AL3:AL81) -> 1909446.9 | AM1: =SUM(AM3:AM81) -> 2006959.6 | AN1: =SUM(AN3:AN81) -> 347699.24 | AO1: =SUM(AO3:AO81) -> 383739.57 | AP1: =SUM(AP3:AP81) -> 10007864
A2: Admin 1 | B2: Admin 2 | C2: Final Severity 2026 | D2: Prioritized counties 2026 | E2: Refugees | F2: Overall PiN | G2: Overall PiN with REFUGEES | H2: % Male children under 5 | I2: No. of Male children under 5 | J2: % Female children under 5 | K2: No. of Female children under 5 | L2: % Male children aged 5 - 17 years | M2: No. of Male children aged 5 - 17 years | N2: % Female children aged 5 - 17 years | O2: No. of Female children aged 5 - 17 years | P2: % Male adults aged 18 - 60 | Q2: No. of Male adults aged 18 - 60 | R2: % Female adults aged 18 - 60 | S2: No. of Female adults aged 18 - 60 | T2: % Male adults aged over 60 | U2: No. of Male adults aged over 60 | V2: % Female adults aged over 60 | W2: No. Female adults aged over 60 | X2: Persons with disability | AA2: Male | AB2: Female | AC2: Children | AD2: Women | AE2: Men | AF2: Adult | AG2: Elderly People | AJ2: Children male | AK2: Children female | AL2: Adult male | AM2: Adult female | AN2: Elderly male | AO2: Elderly female
A3: Abyei Administrative Area | B3: Abyei Administrative Area | C3: 4 | D3: 1 | F3: 109100.65 | G3: =Table6[[#This Row],[Overall PiN]]+Table6[[#This Row],[Refugees]] -> 109100.65 | H3: 0.096 | I3: =Table6[[#This Row],[Overall PiN with REFUGEES]]*Table6[[#This Row],[% Male children under 5]] -> 10473.662 | J3: 0.089 | K3: =Table6[[#This Row],[Overall PiN with REFUGEES]]*Table6[[#This Row],[% Female children under 5]] -> 9709.9575 | L3: 0.177 | M3: =Table6[[#This Row],[Overall PiN with REFUGEES]]*Table6[[#This Row],[% Male children aged 5 - 17 years]] -> 19310.814 | N3: 0.173 | O3: =Table6[[#This Row],[Overall PiN with REFUGEES]]*Table6[[#This Row],[% Female children aged 5 - 17 years]] -> 18874.412 | P3: 0.19 | Q3: =Table6[[#This Row],[Overall PiN with REFUGEES]]*Table6[[#This Row],[% Male adults aged 18 - 60]] -> 20729.123 | R3: 0.202 | S3: =Table6[[#This Row],[Overall PiN with REFUGEES]]*Table6[[#This Row],[% Female adults aged 18 - 60]] -> 22038.331 | T3: 0.034 | U3: =Table6[[#This Row],[Overall PiN with REFUGEES]]*Table6[[#This Row],[% Male adults aged over 60]] -> 3709.422 | V3: 0.039 | W3: =Table6[[#This Row],[Overall PiN with REFUGEES]]*Table6[[#This Row],[% Female adults aged over 60]] -> 4254.9252 | X3: 15109.2 | AA3: =AA1/G1 -> 0.4974951 | AB3: =AB1/G1 -> 0.5025049 | AC3: =AC1/G1 -> 0.53558068 | AD3: =AD1/G1 -> 0.23888207 | AE3: =AE1/G1 -> 0.22553725 | AF3: =AF1/G1 -> 0.46441932 | AG3: =AG1/G1 -> 0.073086406 | AI3: Abyei Region | AJ3: =SUM(I3,M3) -> 29784.476 | AK3: =SUM(K3,O3) -> 28584.369 | AL3: =SUM(Table6[[#This Row],[No. of Male adults aged 18 - 60]]) -> 20729.123 | AM3: =Table6[[#This Row],[No. of Female adults aged 18 - 60]] -> 22038.331 | AN3: =Table6[[#This Row],[No. of Male adults aged over 60]] -> 3709.422 | AO3: =Table6[[#This Row],[No. Female adults aged over 60]] -> 4254.9252 | AP3: =SUM(AJ3:AO3) -> 109100.65
A4: Central Equatoria | B4: Juba | C4: 3 | D4: 4 | E4: 52654 | F4: 428164.11 | G4: =Table6[[#This Row],[Overall PiN]]+Table6[[#This Row],[Refugees]] -> 480818.11 | H4: 0.074 | I4: =Table6[[#This Row],[Overall PiN with REFUGEES]]*Table6[[#This Row],[% Male children under 5]] -> 35580.54 | J4: 0.0974 | K4: =Table6[[#This Row],[Overall PiN with REFUGEES]]*Table6[[#This Row],[% Female children under 5]] -> 46831.684 | L4: 0.154 | M4: =Table6[[#This Row],[Overall PiN with REFUGEES]]*Table6[[#This Row],[% Male children aged 5 - 17 years]] -> 74045.989 | N4: 0.159 | O4: =Table6[[#This Row],[Overall PiN with REFUGEES]]*Table6[[#This Row],[% Female children aged 5 - 17 years]] -> 76450.08 | P4: 0.232 | Q4: =Table6[[#This Row],[Overall PiN with REFUGEES]]*Table6[[#This Row],[% Male adults aged 18 - 60]] -> 111549.8 | R4: 0.241 | S4: =Table6[[#This Row],[Overall PiN with REFUGEES]]*Table6[[#This Row],[% Female adults aged 18 - 60]] -> 115877.16 | T4: 0.0235 | U4: =Table6[[#This Row],[Overall PiN with REFUGEES]]*Table6[[#This Row],[% Male adults aged over 60]] -> 11299.226 | V4: 0.0191 | W4: =Table6[[#This Row],[Overall PiN with REFUGEES]]*Table6[[#This Row],[% Female adults aged over 60]] -> 9183.6259 | X4: 57561.668 | AI4: Juba | AJ4: =SUM(I4,M4) -> 109626.53 | AK4: =SUM(K4,O4) -> 123281.76 | AL4: =SUM(Table6[[#This Row],[No. of Male adults aged 18 - 60]]) -> 111549.8 | AM4: =Table6[[#This Row],[No. of Female adults aged 18 - 60]] -> 115877.16 | AN4: =Table6[[#This Row],[No. of Male adults aged over 60]] -> 11299.226 | AO4: =Table6[[#This Row],[No. Female adults aged over 60]] -> 9183.6259 | AP4: =SUM(AJ4:AO4) -> 480818.11
A5: Central Equatoria | B5: Kajo-Keji | C5: 3 | D5: 5 | F5: 160421.02 | G5: =Table6[[#This Row],[Overall PiN]]+Table6[[#This Row],[Refugees]] -> 160421.02 | H5: 0.0163 | I5: =Table6[[#This Row],[Overall PiN with REFUGEES]]*Table6[[#This Row],[% Male children under 5]] -> 2614.8625 | J5: 0.0301 | K5: =Table6[[#This Row],[Overall PiN with REFUGEES]]*Table6[[#This Row],[% Female children under 5]] -> 4828.6726 | L5: 0.0575 | M5: =Table6[[#This Row],[Overall PiN with REFUGEES]]*Table6[[#This Row],[% Male children aged 5 - 17 years]] -> 9224.2084 | N5: 0.0581 | O5: =Table6[[#This Row],[Overall PiN with REFUGEES]]*Table6[[#This Row],[% Female children aged 5 - 17 years]] -> 9320.461 | P5: 0.328 | Q5: =Table6[[#This Row],[Overall PiN with REFUGEES]]*Table6[[#This Row],[% Male adults aged 18 - 60]] -> 52618.093 | R5: 0.32 | S5: =Table6[[#This Row],[Overall PiN with REFUGEES]]*Table6[[#This Row],[% Female adults aged 18 - 60]] -> 51334.725 | T5: 0.127 | U5: =Table6[[#This Row],[Overall PiN with REFUGEES]]*Table6[[#This Row],[% Male adults aged over 60]] -> 20373.469 | V5: 0.063 | W5: =Table6[[#This Row],[Overall PiN with REFUGEES]]*Table6[[#This Row],[% Female adults aged over 60]] -> 10106.524 | X5: 22170.065 | AA5: Female | AB5: Older people | AC5: Adult | AD5: Children | AI5: Kajo-Keji | AJ5: =SUM(I5,M5) -> 11839.071 | AK5: =SUM(K5,O5) -> 14149.134 | AL5: =SUM(Table6[[#This Row],[No. of Male adults aged 18 - 60]]) -> 52618.093 | AM5: =Table6[[#This Row],[No. of Female adults aged 18 - 60]] -> 51334.725 | AN5: =Table6[[#This Row],[No. of Male adults aged over 60]] -> 20373.469 | AO5: =Table6[[#This Row],[No. Female adults aged over 60]] -> 10106.524 | AP5: =SUM(AJ5:AO5) -> 160421.02
A6: Central Equatoria | B6: Lainya | C6: 3 | D6: 5 | F6: 62991.967 | G6: =Table6[[#This Row],[Overall PiN]]+Table6[[#This Row],[Refugees]] -> 62991.967 | H6: 0.105 | I6: =Table6[[#This Row],[Overall PiN with REFUGEES]]*Table6[[#This Row],[% Male children under 5]] -> 6614.1566 | J6: 0.101 | K6: =Table6[[#This Row],[Overall PiN with REFUGEES]]*Table6[[#This Row],[% Female children under 5]] -> 6362.1887 | L6: 0.11 | M6: =Table6[[#This Row],[Overall PiN with REFUGEES]]*Table6[[#This Row],[% Male children aged 5 - 17 years]] -> 6929.1164 | N6: 0.104 | O6: =Table6[[#This Row],[Overall PiN with REFUGEES]]*Table6[[#This Row],[% Female children aged 5 - 17 years]] -> 6551.1646 | P6: 0.286 | Q6: =Table6[[#This Row],[Overall PiN with REFUGEES]]*Table6[[#This Row],[% Male adults aged 18 - 60]] -> 18015.703 | R6: 0.234 | S6: =Table6[[#This Row],[Overall PiN with REFUGEES]]*Table6[[#This Row],[% Female adults aged 18 - 60]] -> 14740.12 | T6: 0.027 | U6: =Table6[[#This Row],[Overall PiN with REFUGEES]]*Table6[[#This Row],[% Male adults aged over 60]] -> 1700.7831 | V6: 0.033 | W6: =Table6[[#This Row],[Overall PiN with REFUGEES]]*Table6[[#This Row],[% Female adults aged over 60]] -> 2078.7349 | X6: 10730.446 | AB6: =W1/G1 -> 0.038343804 | AC6: =(S1)/G1 -> 0.20053826 | AD6: =(K1+O1)/G1 -> 0.26362284 | AI6: Lainya | AJ6: =SUM(I6,M6) -> 13543.273 | AK6: =SUM(K6,O6) -> 12913.353 | AL6: =SUM(Table6[[#This Row],[No. of Male adults aged 18 - 60]]) -> 18015.703 | AM6: =Table6[[#This Row],[No. of Female adults aged 18 - 60]] -> 14740.12 | AN6: =Table6[[#This Row],[No. of Male adults aged over 60]] -> 1700.7831 | AO6: =Table6[[#This Row],[No. Female adults aged over 60]] -> 2078.7349 | AP6: =SUM(AJ6:AO6) -> 62991.967
A7: Central Equatoria | B7: Morobo | C7: 3 | D7: 5 | E7: 2573 | F7: 72379.637 | G7: =Table6[[#This Row],[Overall PiN]]+Table6[[#This Row],[Refugees]] -> 74952.637 | H7: 0.0815 | I7: =Table6[[#This Row],[Overall PiN with REFUGEES]]*Table6[[#This Row],[% Male children under 5]] -> 6108.6399 | J7: 0.105 | K7: =Table6[[#This Row],[Overall PiN with REFUGEES]]*Table6[[#This Row],[% Female children under 5]] -> 7870.0269 | L7: 0.178 | M7: =Table6[[#This Row],[Overall PiN with REFUGEES]]*Table6[[#This Row],[% Male children aged 5 - 17 years]] -> 13341.569 | N7: 0.163 | O7: =Table6[[#This Row],[Overall PiN with REFUGEES]]*Table6[[#This Row],[% Female children aged 5 - 17 years]] -> 12217.28 | P7: 0.218 | Q7: =Table6[[#This Row],[Overall PiN with REFUGEES]]*Table6[[#This Row],[% Male adults aged 18 - 60]] -> 16339.675 | R7: 0.203 | S7: =Table6[[#This Row],[Overall PiN with REFUGEES]]*Table6[[#This Row],[% Female adults aged 18 - 60]] -> 15215.385 | T7: 0.0326 | U7: =Table6[[#This Row],[Overall PiN with REFUGEES]]*Table6[[#This Row],[% Male adults aged over 60]] -> 2443.456 | V7: 0.0189 | W7: =Table6[[#This Row],[Overall PiN with REFUGEES]]*Table6[[#This Row],[% Female adults aged over 60]] -> 1416.6048 | X7: 10709.648 | AI7: Morobo | AJ7: =SUM(I7,M7) -> 19450.209 | AK7: =SUM(K7,O7) -> 20087.307 | AL7: =SUM(Table6[[#This Row],[No. of Male adults aged 18 - 60]]) -> 16339.675 | AM7: =Table6[[#This Row],[No. of Female adults aged 18 - 60]] -> 15215.385 | AN7: =Table6[[#This Row],[No. of Male adults aged over 60]] -> 2443.456 | AO7: =Table6[[#This Row],[No. Female adults aged over 60]] -> 1416.6048 | AP7: =SUM(AJ7:AO7) -> 74952.637
A8: Central Equatoria | B8: Terekeka | C8: 3 | D8: 4 | F8: 163462.06 | G8: =Table6[[#This Row],[Overall PiN]]+Table6[[#This Row],[Refugees]] -> 163462.06 | H8: 0.0885 | I8: =Table6[[#This Row],[Overall PiN with REFUGEES]]*Table6[[#This Row],[% Male children under 5]] -> 14466.392 | J8: 0.0831 | K8: =Table6[[#This Row],[Overall PiN with REFUGEES]]*Table6[[#This Row],[% Female children under 5]] -> 13583.697 | L8: 0.181 | M8: =Table6[[#This Row],[Overall PiN with REFUGEES]]*Table6[[#This Row],[% Male children aged 5 - 17 years]] -> 29586.632 | N8: 0.164 | O8: =Table6[[#This Row],[Overall PiN with REFUGEES]]*Table6[[#This Row],[% Female children aged 5 - 17 years]] -> 26807.777 | P8: 0.1934 | Q8: =Table6[[#This Row],[Overall PiN with REFUGEES]]*Table6[[#This Row],[% Male adults aged 18 - 60]] -> 31613.562 | R8: 0.231 | S8: =Table6[[#This Row],[Overall PiN with REFUGEES]]*Table6[[#This Row],[% Female adults aged 18 - 60]] -> 37759.735 | T8: 0.0186 | U8: =Table6[[#This Row],[Overall PiN with REFUGEES]]*Table6[[#This Row],[% Male adults aged over 60]] -> 3040.3943 | V8: 0.0404 | W8: =Table6[[#This Row],[Overall PiN with REFUGEES]]*Table6[[#This Row],[% Female adults aged over 60]] -> 6603.8671 | X8: 20086.909 | AA8: Male | AB8: =U1/G1 -> 0.034742602 | AC8: =(Q1)/G1 -> 0.19079465 | AD8: =(I1+M1)/G1 -> 0.27195785 | AI8: Terekeka | AJ8: =SUM(I8,M8) -> 44053.024 | AK8: =SUM(K8,O8) -> 40391.474 | AL8: =SUM(Table6[[#This Row],[No. of Male adults aged 18 - 60]]) -> 31613.562 | AM8: =Table6[[#This Row],[No. of Female adults aged 18 - 60]] -> 37759.735 | AN8: =Table6[[#This Row],[No. of Male adults aged over 60]] -> 3040.3943 | AO8: =Table6[[#This Row],[No. Female adults aged over 60]] -> 6603.8671 | AP8: =SUM(AJ8:AO8) -> 163462.06
A9: Central Equatoria | B9: Yei | C9: 3 | D9: 5 | E9: 3199 | F9: 213876.66 | G9: =Table6[[#This Row],[Overall PiN]]+Table6[[#This Row],[Refugees]] -> 217075.66 | H9: 0.0938 | I9: =Table6[[#This Row],[Overall PiN with REFUGEES]]*Table6[[#This Row],[% Male children under 5]] -> 20361.697 | J9: 0.122 | K9: =Table6[[#This Row],[Overall PiN with REFUGEES]]*Table6[[#This Row],[% Female children under 5]] -> 26483.23 | L9: 0.146 | M9: =Table6[[#This Row],[Overall PiN with REFUGEES]]*Table6[[#This Row],[% Male children aged 5 - 17 years]] -> 31693.046 | N9: 0.189 | O9: =Table6[[#This Row],[Overall PiN with REFUGEES]]*Table6[[#This Row],[% Female children aged 5 - 17 years]] -> 41027.299 | P9: 0.174 | Q9: =Table6[[#This Row],[Overall PiN with REFUGEES]]*Table6[[#This Row],[% Male adults aged 18 - 60]] -> 37771.165 | R9: 0.193 | S9: =Table6[[#This Row],[Overall PiN with REFUGEES]]*Table6[[#This Row],[% Female adults aged 18 - 60]] -> 41895.602 | T9: 0.0532 | U9: =Table6[[#This Row],[Overall PiN with REFUGEES]]*Table6[[#This Row],[% Male adults aged over 60]] -> 11548.425 | V9: 0.029 | W9: =Table6[[#This Row],[Overall PiN with REFUGEES]]*Table6[[#This Row],[% Female adults aged over 60]] -> 6295.1941 | X9: 25430.681 | AI9: Yei | AJ9: =SUM(I9,M9) -> 52054.743 | AK9: =SUM(K9,O9) -> 67510.53 | AL9: =SUM(Table6[[#This Row],[No. of Male adults aged 18 - 60]]) -> 37771.165 | AM9: =Table6[[#This Row],[No. of Female adults aged 18 - 60]] -> 41895.602 | AN9: =Table6[[#This Row],[No. of Male adults aged over 60]] -> 11548.425 | AO9: =Table6[[#This Row],[No. Female adults aged over 60]] -> 6295.1941 | AP9: =SUM(AJ9:AO9) -> 217075.66
A10: Eastern Equatoria | B10: Budi | C10: 3 | D10: 4 | F10: 65755.445 | G10: =Table6[[#This Row],[Overall PiN]]+Table6[[#This Row],[Refugees]] -> 65755.445 | H10: 0.1036 | I10: =Table6[[#This Row],[Overall PiN with REFUGEES]]*Table6[[#This Row],[% Male children under 5]] -> 6812.2641 | J10: 0.0978 | K10: =Table6[[#This Row],[Overall PiN with REFUGEES]]*Table6[[#This Row],[% Female children under 5]] -> 6430.8825 | L10: 0.189 | M10: =Table6[[#This Row],[Overall PiN with REFUGEES]]*Table6[[#This Row],[% Male children aged 5 - 17 years]] -> 12427.779 | N10: 0.173 | O10: =Table6[[#This Row],[Overall PiN with REFUGEES]]*Table6[[#This Row],[% Female children aged 5 - 17 years]] -> 11375.692 | P10: 0.16 | Q10: =Table6[[#This Row],[Overall PiN with REFUGEES]]*Table6[[#This Row],[% Male adults aged 18 - 60]] -> 10520.871 | R10: 0.22 | S10: =Table6[[#This Row],[Overall PiN with REFUGEES]]*Table6[[#This Row],[% Female adults aged 18 - 60]] -> 14466.198 | T10: 0.0181 | U10: =Table6[[#This Row],[Overall PiN with REFUGEES]]*Table6[[#This Row],[% Male adults aged over 60]] -> 1190.1736 | V10: 0.0385 | W10: =Table6[[#This Row],[Overall PiN with REFUGEES]]*Table6[[#This Row],[% Female adults aged over 60]] -> 2531.5846 | X10: 8146.2143 | AI10: Budi | AJ10: =SUM(I10,M10) -> 19240.043 | AK10: =SUM(K10,O10) -> 17806.574 | AL10: =SUM(Table6[[#This Row],[No. of Male adults aged 18 - 60]]) -> 10520.871 | AM10: =Table6[[#This Row],[No. of Female adults aged 18 - 60]] -> 14466.198 | AN10: =Table6[[#This Row],[No. of Male adults aged over 60]] -> 1190.1736 | AO10: =Table6[[#This Row],[No. Female adults aged over 60]] -> 2531.5846 | AP10: =SUM(AJ10:AO10) -> 65755.445
A11: Eastern Equatoria | B11: Ikotos | C11: 3 | D11: 4 | F11: 51453.491 | G11: =Table6[[#This Row],[Overall PiN]]+Table6[[#This Row],[Refugees]] -> 51453.491 | H11: 0.1161 | I11: =Table6[[#This Row],[Overall PiN with REFUGEES]]*Table6[[#This Row],[% Male children under 5]] -> 5973.7504 | J11: 0.105 | K11: =Table6[[#This Row],[Overall PiN with REFUGEES]]*Table6[[#This Row],[% Female children under 5]] -> 5402.6166 | L11: 0.158 | M11: =Table6[[#This Row],[Overall PiN with REFUGEES]]*Table6[[#This Row],[% Male children aged 5 - 17 years]] -> 8129.6517 | N11: 0.156 | O11: =Table6[[#This Row],[Overall PiN with REFUGEES]]*Table6[[#This Row],[% Female children aged 5 - 17 years]] -> 8026.7447 | P11: 0.171 | Q11: =Table6[[#This Row],[Overall PiN with REFUGEES]]*Table6[[#This Row],[% Male adults aged 18 - 60]] -> 8798.547 | R11: 0.218 | S11: =Table6[[#This Row],[Overall PiN with REFUGEES]]*Table6[[#This Row],[% Female adults aged 18 - 60]] -> 11216.861 | T11: 0.0278 | U11: =Table6[[#This Row],[Overall PiN with REFUGEES]]*Table6[[#This Row],[% Male adults aged over 60]] -> 1430.4071 | V11: 0.0481 | W11: =Table6[[#This Row],[Overall PiN with REFUGEES]]*Table6[[#This Row],[% Female adults aged over 60]] -> 2474.9129 | X11: 6662.4425 | AI11: Ikotos | AJ11: =SUM(I11,M11) -> 14103.402 | AK11: =SUM(K11,O11) -> 13429.361 | AL11: =SUM(Table6[[#This Row],[No. of Male adults aged 18 - 60]]) -> 8798.547 | AM11: =Table6[[#This Row],[No. of Female adults aged 18 - 60]] -> 11216.861 | AN11: =Table6[[#This Row],[No. of Male adults aged over 60]] -> 1430.4071 | AO11: =Table6[[#This Row],[No. Female adults aged over 60]] -> 2474.9129 | AP11: =SUM(AJ11:AO11) -> 51453.491
A12: Eastern Equatoria | B12: Kapoeta East | C12: 3 | D12: 2 | F12: 112777.59 | G12: =Table6[[#This Row],[Overall PiN]]+Table6[[#This Row],[Refugees]] -> 112777.59 | H12: 0.132 | I12: =Table6[[#This Row],[Overall PiN with REFUGEES]]*Table6[[#This Row],[% Male children under 5]] -> 14886.642 | J12: 0.0871 | K12: =Table6[[#This Row],[Overall PiN with REFUGEES]]*Table6[[#This Row],[% Female children under 5]] -> 9822.928 | L12: 0.1716 | M12: =Table6[[#This Row],[Overall PiN with REFUGEES]]*Table6[[#This Row],[% Male children aged 5 - 17 years]] -> 19352.634 | N12: 0.17 | O12: =Table6[[#This Row],[Overall PiN with REFUGEES]]*Table6[[#This Row],[% Female children aged 5 - 17 years]] -> 19172.19 | P12: 0.193 | Q12: =Table6[[#This Row],[Overall PiN with REFUGEES]]*Table6[[#This Row],[% Male adults aged 18 - 60]] -> 21766.075 | R12: 0.211 | S12: =Table6[[#This Row],[Overall PiN with REFUGEES]]*Table6[[#This Row],[% Female adults aged 18 - 60]] -> 23796.071 | T12: 0.0192 | U12: =Table6[[#This Row],[Overall PiN with REFUGEES]]*Table6[[#This Row],[% Male adults aged over 60]] -> 2165.3297 | V12: 0.0161 | W12: =Table6[[#This Row],[Overall PiN with REFUGEES]]*Table6[[#This Row],[% Female adults aged over 60]] -> 1815.7192 | X12: 17070.15 | AI12: Kapoeta East | AJ12: =SUM(I12,M12) -> 34239.276 | AK12: =SUM(K12,O12) -> 28995.118 | AL12: =SUM(Table6[[#This Row],[No. of Male adults aged 18 - 60]]) -> 21766.075 | AM12: =Table6[[#This Row],[No. of Female adults aged 18 - 60]] -> 23796.071 | AN12: =Table6[[#This Row],[No. of Male adults aged over 60]] -> 2165.3297 | AO12: =Table6[[#This Row],[No. Female adults aged over 60]] -> 1815.7192 | AP12: =SUM(AJ12:AO12) -> 112777.59
A13: Eastern Equatoria | B13: Kapoeta North | C13: 3 | D13: 3 | F13: 97955.279 | G13: =Table6[[#This Row],[Overall PiN]]+Table6[[#This Row],[Refugees]] -> 97955.279 | H13: 0.109 | I13: =Table6[[#This Row],[Overall PiN with REFUGEES]]*Table6[[#This Row],[% Male children under 5]] -> 10677.125 | J13: 0.107 | K13: =Table6[[#This Row],[Overall PiN with REFUGEES]]*Table6[[#This Row],[% Female children under 5]] -> 10481.215 | L13: 0.212 | M13: =Table6[[#This Row],[Overall PiN with REFUGEES]]*Table6[[#This Row],[% Male children aged 5 - 17 years]] -> 20766.519 | N13: 0.167 | O13: =Table6[[#This Row],[Overall PiN with REFUGEES]]*Table6[[#This Row],[% Female children aged 5 - 17 years]] -> 16358.532 | P13: 0.162 | Q13: =Table6[[#This Row],[Overall PiN with REFUGEES]]*Table6[[#This Row],[% Male adults aged 18 - 60]] -> 15868.755 | R13: 0.171 | S13: =Table6[[#This Row],[Overall PiN with REFUGEES]]*Table6[[#This Row],[% Female adults aged 18 - 60]] -> 16750.353 | T13: 0.0343 | U13: =Table6[[#This Row],[Overall PiN with REFUGEES]]*Table6[[#This Row],[% Male adults aged over 60]] -> 3359.8661 | V13: 0.0377 | W13: =Table6[[#This Row],[Overall PiN with REFUGEES]]*Table6[[#This Row],[% Female adults aged over 60]] -> 3692.914 | X13: 17240.394 | AI13: Kapoeta North | AJ13: =SUM(I13,M13) -> 31443.645 | AK13: =SUM(K13,O13) -> 26839.747 | AL13: =SUM(Table6[[#This Row],[No. of Male adults aged 18 - 60]]) -> 15868.755 | AM13: =Table6[[#This Row],[No. of Female adults aged 18 - 60]] -> 16750.353 | AN13: =Table6[[#This Row],[No. of Male adults aged over 60]] -> 3359.8661 | AO13: =Table6[[#This Row],[No. Female adults aged over 60]] -> 3692.914 | AP13: =SUM(AJ13:AO13) -> 97955.279
A14: Eastern Equatoria | B14: Kapoeta South | C14: 3 | D14: 3 | F14: 92426.648 | G14: =Table6[[#This Row],[Overall PiN]]+Table6[[#This Row],[Refugees]] -> 92426.648 | H14: 0.093 | I14: =Table6[[#This Row],[Overall PiN with REFUGEES]]*Table6[[#This Row],[% Male children under 5]] -> 8595.6783 | J14: 0.102 | K14: =Table6[[#This Row],[Overall PiN with REFUGEES]]*Table6[[#This Row],[% Female children under 5]] -> 9427.5181 | L14: 0.2188 | M14: =Table6[[#This Row],[Overall PiN with REFUGEES]]*Table6[[#This Row],[% Male children aged 5 - 17 years]] -> 20222.951 | N14: 0.205 | O14: =Table6[[#This Row],[Overall PiN with REFUGEES]]*Table6[[#This Row],[% Female children aged 5 - 17 years]] -> 18947.463 | P14: 0.183 | Q14: =Table6[[#This Row],[Overall PiN with REFUGEES]]*Table6[[#This Row],[% Male adults aged 18 - 60]] -> 16914.077 | R14: 0.188 | S14: =Table6[[#This Row],[Overall PiN with REFUGEES]]*Table6[[#This Row],[% Female adults aged 18 - 60]] -> 17376.21 | T14: 0.00626 | U14: =Table6[[#This Row],[Overall PiN with REFUGEES]]*Table6[[#This Row],[% Male adults aged over 60]] -> 578.59082 | V14: 0.00394 | W14: =Table6[[#This Row],[Overall PiN with REFUGEES]]*Table6[[#This Row],[% Female adults aged over 60]] -> 364.16099 | X14: 10203.873 | AI14: Kapoeta South | AJ14: =SUM(I14,M14) -> 28818.629 | AK14: =SUM(K14,O14) -> 28374.981 | AL14: =SUM(Table6[[#This Row],[No. of Male adults aged 18 - 60]]) -> 16914.077 | AM14: =Table6[[#This Row],[No. of Female adults aged 18 - 60]] -> 17376.21 | AN14: =Table6[[#This Row],[No. of Male adults aged over 60]] -> 578.59082 | AO14: =Table6[[#This Row],[No. Female adults aged over 60]] -> 364.16099 | AP14: =SUM(AJ14:AO14) -> 92426.648
A15: Eastern Equatoria | B15: Lafon | C15: 3 | D15: 3 | F15: 91920.225 | G15: =Table6[[#This Row],[Overall PiN]]+Table6[[#This Row],[Refugees]] -> 91920.225 | H15: 0.121 | I15: =Table6[[#This Row],[Overall PiN with REFUGEES]]*Table6[[#This Row],[% Male children under 5]] -> 11122.347 | J15: 0.135 | K15: =Table6[[#This Row],[Overall PiN with REFUGEES]]*Table6[[#This Row],[% Female children under 5]] -> 12409.23 | L15: 0.146 | M15: =Table6[[#This Row],[Overall PiN with REFUGEES]]*Table6[[#This Row],[% Male children aged 5 - 17 years]] -> 13420.353 | N15: 0.184 | O15: =Table6[[#This Row],[Overall PiN with REFUGEES]]*Table6[[#This Row],[% Female children aged 5 - 17 years]] -> 16913.321 | P15: 0.188 | Q15: =Table6[[#This Row],[Overall PiN with REFUGEES]]*Table6[[#This Row],[% Male adults aged 18 - 60]] -> 17281.002 | R15: 0.193 | S15: =Table6[[#This Row],[Overall PiN with REFUGEES]]*Table6[[#This Row],[% Female adults aged 18 - 60]] -> 17740.603 | T15: 0.009 | U15: =Table6[[#This Row],[Overall PiN with REFUGEES]]*Table6[[#This Row],[% Male adults aged over 60]] -> 827.28202 | V15: 0.024 | W15: =Table6[[#This Row],[Overall PiN with REFUGEES]]*Table6[[#This Row],[% Female adults aged over 60]] -> 2206.0854 | X15: 13850.25 | AI15: Lafon | AJ15: =SUM(I15,M15) -> 24542.7 | AK15: =SUM(K15,O15) -> 29322.552 | AL15: =SUM(Table6[[#This Row],[No. of Male adults aged 18 - 60]]) -> 17281.002 | AM15: =Table6[[#This Row],[No. of Female adults aged 18 - 60]] -> 17740.603 | AN15: =Table6[[#This Row],[No. of Male adults aged over 60]] -> 827.28202 | AO15: =Table6[[#This Row],[No. Female adults aged over 60]] -> 2206.0854 | AP15: =SUM(AJ15:AO15) -> 91920.225
A16: Eastern Equatoria | B16: Magwi | C16: 3 | D16: 4 | F16: 133131.48 | G16: =Table6[[#This Row],[Overall PiN]]+Table6[[#This Row],[Refugees]] -> 133131.48 | H16: 0.13 | I16: =Table6[[#This Row],[Overall PiN with REFUGEES]]*Table6[[#This Row],[% Male children under 5]] -> 17307.093 | J16: 0.0918 | K16: =Table6[[#This Row],[Overall PiN with REFUGEES]]*Table6[[#This Row],[% Female children under 5]] -> 12221.47 | L16: 0.1637 | M16: =Table6[[#This Row],[Overall PiN with REFUGEES]]*Table6[[#This Row],[% Male children aged 5 - 17 years]] -> 21793.624 | N16: 0.148 | O16: =Table6[[#This Row],[Overall PiN with REFUGEES]]*Table6[[#This Row],[% Female children aged 5 - 17 years]] -> 19703.46 | P16: 0.185 | Q16: =Table6[[#This Row],[Overall PiN with REFUGEES]]*Table6[[#This Row],[% Male adults aged 18 - 60]] -> 24629.325 | R16: 0.203 | S16: =Table6[[#This Row],[Overall PiN with REFUGEES]]*Table6[[#This Row],[% Female adults aged 18 - 60]] -> 27025.691 | T16: 0.0343 | U16: =Table6[[#This Row],[Overall PiN with REFUGEES]]*Table6[[#This Row],[% Male adults aged over 60]] -> 4566.4099 | V16: 0.0442 | W16: =Table6[[#This Row],[Overall PiN with REFUGEES]]*Table6[[#This Row],[% Female adults aged over 60]] -> 5884.4116 | X16: 18943.314 | AI16: Magwi | AJ16: =SUM(I16,M16) -> 39100.717 | AK16: =SUM(K16,O16) -> 31924.93 | AL16: =SUM(Table6[[#This Row],[No. of Male adults aged 18 - 60]]) -> 24629.325 | AM16: =Table6[[#This Row],[No. of Female adults aged 18 - 60]] -> 27025.691 | AN16: =Table6[[#This Row],[No. of Male adults aged over 60]] -> 4566.4099 | AO16: =Table6[[#This Row],[No. Female adults aged over 60]] -> 5884.4116 | AP16: =SUM(AJ16:AO16) -> 133131.48
A17: Eastern Equatoria | B17: Torit | C17: 3 | D17: 4 | F17: 47466.747 | G17: =Table6[[#This Row],[Overall PiN]]+Table6[[#This Row],[Refugees]] -> 47466.747 | H17: 0.107 | I17: =Table6[[#This Row],[Overall PiN with REFUGEES]]*Table6[[#This Row],[% Male children under 5]] -> 5078.9419 | J17: 0.117 | K17: =Table6[[#This Row],[Overall PiN with REFUGEES]]*Table6[[#This Row],[% Female children under 5]] -> 5553.6094 | L17: 0.147 | M17: =Table6[[#This Row],[Overall PiN with REFUGEES]]*Table6[[#This Row],[% Male children aged 5 - 17 years]] -> 6977.6118 | N17: 0.184 | O17: =Table6[[#This Row],[Overall PiN with REFUGEES]]*Table6[[#This Row],[% Female children aged 5 - 17 years]] -> 8733.8814 | P17: 0.199 | Q17: =Table6[[#This Row],[Overall PiN with REFUGEES]]*Table6[[#This Row],[% Male adults aged 18 - 60]] -> 9445.8826 | R17: 0.207 | S17: =Table6[[#This Row],[Overall PiN with REFUGEES]]*Table6[[#This Row],[% Female adults aged 18 - 60]] -> 9825.6166 | T17: 0.011 | U17: =Table6[[#This Row],[Overall PiN with REFUGEES]]*Table6[[#This Row],[% Male adults aged over 60]] -> 522.13421 | V17: 0.028 | W17: =Table6[[#This Row],[Overall PiN with REFUGEES]]*Table6[[#This Row],[% Female adults aged over 60]] -> 1329.0689 | X17: 6460.5791 | AI17: Torit | AJ17: =SUM(I17,M17) -> 12056.554 | AK17: =SUM(K17,O17) -> 14287.491 | AL17: =SUM(Table6[[#This Row],[No. of Male adults aged 18 - 60]]) -> 9445.8826 | AM17: =Table6[[#This Row],[No. of Female adults aged 18 - 60]] -> 9825.6166 | AN17: =Table6[[#This Row],[No. of Male adults aged over 60]] -> 522.13421 | AO17: =Table6[[#This Row],[No. Female adults aged over 60]] -> 1329.0689 | AP17: =SUM(AJ17:AO17) -> 47466.747
A18: Jonglei | B18: Akobo | C18: 4 | D18: 1 | F18: 173652.63 | G18: =Table6[[#This Row],[Overall PiN]]+Table6[[#This Row],[Refugees]] -> 173652.63 | H18: 0.0937 | I18: =Table6[[#This Row],[Overall PiN with REFUGEES]]*Table6[[#This Row],[% Male children under 5]] -> 16271.251 | J18: 0.0766 | K18: =Table6[[#This Row],[Overall PiN with REFUGEES]]*Table6[[#This Row],[% Female children under 5]] -> 13301.791 | L18: 0.177 | M18: =Table6[[#This Row],[Overall PiN with REFUGEES]]*Table6[[#This Row],[% Male children aged 5 - 17 years]] -> 30736.515 | N18: 0.159 | O18: =Table6[[#This Row],[Overall PiN with REFUGEES]]*Table6[[#This Row],[% Female children aged 5 - 17 years]] -> 27610.768 | P18: 0.1767 | Q18: =Table6[[#This Row],[Overall PiN with REFUGEES]]*Table6[[#This Row],[% Male adults aged 18 - 60]] -> 30684.419 | R18: 0.21 | S18: =Table6[[#This Row],[Overall PiN with REFUGEES]]*Table6[[#This Row],[% Female adults aged 18 - 60]] -> 36467.052 | T18: 0.0412 | U18: =Table6[[#This Row],[Overall PiN with REFUGEES]]*Table6[[#This Row],[% Male adults aged over 60]] -> 7154.4883 | V18: 0.0658 | W18: =Table6[[#This Row],[Overall PiN with REFUGEES]]*Table6[[#This Row],[% Female adults aged over 60]] -> 11426.343 | X18: 25077 | AI18: Akobo | AJ18: =SUM(I18,M18) -> 47007.766 | AK18: =SUM(K18,O18) -> 40912.559 | AL18: =SUM(Table6[[#This Row],[No. of Male adults aged 18 - 60]]) -> 30684.419 | AM18: =Table6[[#This Row],[No. of Female adults aged 18 - 60]] -> 36467.052 | AN18: =Table6[[#This Row],[No. of Male adults aged over 60]] -> 7154.4883 | AO18: =Table6[[#This Row],[No. Female adults aged over 60]] -> 11426.343 | AP18: =SUM(AJ18:AO18) -> 173652.63
A19: Jonglei | B19: Ayod | C19: 4 | D19: 2 | F19: 143453.88 | G19: =Table6[[#This Row],[Overall PiN]]+Table6[[#This Row],[Refugees]] -> 143453.88 | H19: 0.0885 | I19: =Table6[[#This Row],[Overall PiN with REFUGEES]]*Table6[[#This Row],[% Male children under 5]] -> 12695.668 | J19: 0.0962 | K19: =Table6[[#This Row],[Overall PiN with REFUGEES]]*Table6[[#This Row],[% Female children under 5]] -> 13800.263 | L19: 0.168 | M19: =Table6[[#This Row],[Overall PiN with REFUGEES]]*Table6[[#This Row],[% Male children aged 5 - 17 years]] -> 24100.251 | N19: 0.151 | O19: =Table6[[#This Row],[Overall PiN with REFUGEES]]*Table6[[#This Row],[% Female children aged 5 - 17 years]] -> 21661.535 | P19: 0.21 | Q19: =Table6[[#This Row],[Overall PiN with REFUGEES]]*Table6[[#This Row],[% Male adults aged 18 - 60]] -> 30125.314 | R19: 0.207 | S19: =Table6[[#This Row],[Overall PiN with REFUGEES]]*Table6[[#This Row],[% Female adults aged 18 - 60]] -> 29694.952 | T19: 0.0303 | U19: =Table6[[#This Row],[Overall PiN with REFUGEES]]*Table6[[#This Row],[% Male adults aged over 60]] -> 4346.6524 | V19: 0.049 | W19: =Table6[[#This Row],[Overall PiN with REFUGEES]]*Table6[[#This Row],[% Female adults aged over 60]] -> 7029.2399 | X19: 21003.586 | AI19: Ayod | AJ19: =SUM(I19,M19) -> 36795.919 | AK19: =SUM(K19,O19) -> 35461.798 | AL19: =SUM(Table6[[#This Row],[No. of Male adults aged 18 - 60]]) -> 30125.314 | AM19: =Table6[[#This Row],[No. of Female adults aged 18 - 60]] -> 29694.952 | AN19: =Table6[[#This Row],[No. of Male adults aged over 60]] -> 4346.6524 | AO19: =Table6[[#This Row],[No. Female adults aged over 60]] -> 7029.2399 | AP19: =SUM(AJ19:AO19) -> 143453.88
A20: Jonglei | B20: Bor South | C20: 3 | D20: 4 | F20: 245748.02 | G20: =Table6[[#This Row],[Overall PiN]]+Table6[[#This Row],[Refugees]] -> 245748.02 | H20: 0.1333 | I20: =Table6[[#This Row],[Overall PiN with REFUGEES]]*Table6[[#This Row],[% Male children under 5]] -> 32758.212 | J20: 0.0904 | K20: =Table6[[#This Row],[Overall PiN with REFUGEES]]*Table6[[#This Row],[% Female children under 5]] -> 22215.621 | L20: 0.166 | M20: =Table6[[#This Row],[Overall PiN with REFUGEES]]*Table6[[#This Row],[% Male children aged 5 - 17 years]] -> 40794.172 | N20: 0.155 | O20: =Table6[[#This Row],[Overall PiN with REFUGEES]]*Table6[[#This Row],[% Female children aged 5 - 17 years]] -> 38090.944 | P20: 0.171 | Q20: =Table6[[#This Row],[Overall PiN with REFUGEES]]*Table6[[#This Row],[% Male adults aged 18 - 60]] -> 42022.912 | R20: 0.224 | S20: =Table6[[#This Row],[Overall PiN with REFUGEES]]*Table6[[#This Row],[% Female adults aged 18 - 60]] -> 55047.557 | T20: 0.0373 | U20: =Table6[[#This Row],[Overall PiN with REFUGEES]]*Table6[[#This Row],[% Male adults aged over 60]] -> 9166.4013 | V20: 0.023 | W20: =Table6[[#This Row],[Overall PiN with REFUGEES]]*Table6[[#This Row],[% Female adults aged over 60]] -> 5652.2045 | X20: 25317.726 | AI20: Bor South | AJ20: =SUM(I20,M20) -> 73552.384 | AK20: =SUM(K20,O20) -> 60306.565 | AL20: =SUM(Table6[[#This Row],[No. of Male adults aged 18 - 60]]) -> 42022.912 | AM20: =Table6[[#This Row],[No. of Female adults aged 18 - 60]] -> 55047.557 | AN20: =Table6[[#This Row],[No. of Male adults aged over 60]] -> 9166.4013 | AO20: =Table6[[#This Row],[No. Female adults aged over 60]] -> 5652.2045 | AP20: =SUM(AJ20:AO20) -> 245748.02
A21: Jonglei | B21: Canal/Pigi | C21: 4 | D21: 1 | F21: 101750.37 | G21: =Table6[[#This Row],[Overall PiN]]+Table6[[#This Row],[Refugees]] -> 101750.37 | H21: 0.0908 | I21: =Table6[[#This Row],[Overall PiN with REFUGEES]]*Table6[[#This Row],[% Male children under 5]] -> 9238.9332 | J21: 0.0641 | K21: =Table6[[#This Row],[Overall PiN with REFUGEES]]*Table6[[#This Row],[% Female children under 5]] -> 6522.1984 | L21: 0.141 | M21: =Table6[[#This Row],[Overall PiN with REFUGEES]]*Table6[[#This Row],[% Male children aged 5 - 17 years]] -> 14346.802 | N21: 0.154 | O21: =Table6[[#This Row],[Overall PiN with REFUGEES]]*Table6[[#This Row],[% Female children aged 5 - 17 years]] -> 15669.556 | P21: 0.213 | Q21: =Table6[[#This Row],[Overall PiN with REFUGEES]]*Table6[[#This Row],[% Male adults aged 18 - 60]] -> 21672.828 | R21: 0.241 | S21: =Table6[[#This Row],[Overall PiN with REFUGEES]]*Table6[[#This Row],[% Female adults aged 18 - 60]] -> 24521.838 | T21: 0.0466 | U21: =Table6[[#This Row],[Overall PiN with REFUGEES]]*Table6[[#This Row],[% Male adults aged over 60]] -> 4741.567 | V21: 0.0495 | W21: =Table6[[#This Row],[Overall PiN with REFUGEES]]*Table6[[#This Row],[% Female adults aged over 60]] -> 5036.6431 | X21: 11790.308 | AI21: Canal/Pigi | AJ21: =SUM(I21,M21) -> 23585.735 | AK21: =SUM(K21,O21) -> 22191.755 | AL21: =SUM(Table6[[#This Row],[No. of Male adults aged 18 - 60]]) -> 21672.828 | AM21: =Table6[[#This Row],[No. of Female adults aged 18 - 60]] -> 24521.838 | AN21: =Table6[[#This Row],[No. of Male adults aged over 60]] -> 4741.567 | AO21: =Table6[[#This Row],[No. Female adults aged over 60]] -> 5036.6431 | AP21: =SUM(AJ21:AO21) -> 101750.37
... A25: Jonglei | B25: Pibor | C25: 4 | D25: 1 | F25: 160651.57 | G25: =Table6[[#This Row],[Overall PiN]]+Table6[[#This Row],[Refugees]] -> 160651.57 | H25: 0.137 | I25: =Table6[[#This Row],[Overall PiN with REFUGEES]]*Table6[[#This Row],[% Male children under 5]] -> 22009.265 | J25: 0.117 | K25: =Table6[[#This Row],[Overall PiN with REFUGEES]]*Table6[[#This Row],[% Female children under 5]] -> 18796.234 | L25: 0.138 | M25: =Table6[[#This Row],[Overall PiN with REFUGEES]]*Table6[[#This Row],[% Male children aged 5 - 17 years]] -> 22169.917 | N25: 0.155 | O25: =Table6[[#This Row],[Overall PiN with REFUGEES]]*Table6[[#This Row],[% Female children aged 5 - 17 years]] -> 24900.993 | P25: 0.1717 | Q25: =Table6[[#This Row],[Overall PiN with REFUGEES]]*Table6[[#This Row],[% Male adults aged 18 - 60]] -> 27583.874 | R25: 0.196 | S25: =Table6[[#This Row],[Overall PiN with REFUGEES]]*Table6[[#This Row],[% Female adults aged 18 - 60]] -> 31487.708 | T25: 0.0311 | U25: =Table6[[#This Row],[Overall PiN with REFUGEES]]*Table6[[#This Row],[% Male adults aged over 60]] -> 4996.2638 | V25: 0.0542 | W25: =Table6[[#This Row],[Overall PiN with REFUGEES]]*Table6[[#This Row],[% Female adults aged over 60]] -> 8707.3151 | X25: 28419.712 | AI25: Pibor | AJ25: =SUM(I25,M25) -> 44179.182 | AK25: =SUM(K25,O25) -> 43697.227 | AL25: =SUM(Table6[[#This Row],[No. of Male adults aged 18 - 60]]) -> 27583.874 | AM25: =Table6[[#This Row],[No. of Female adults aged 18 - 60]] -> 31487.708 | AN25: =Table6[[#This Row],[No. of Male adults aged over 60]] -> 4996.2638 | AO25: =Table6[[#This Row],[No. Female adults aged over 60]] -> 8707.3151 | AP25: =SUM(AJ25:AO25) -> 160651.57
A26: Jonglei | B26: Pochalla | C26: 3 | D26: 3 | E26: 2761 | F26: 55176.476 | G26: =Table6[[#This Row],[Overall PiN]]+Table6[[#This Row],[Refugees]] -> 57937.476 | H26: 0.136 | I26: =Table6[[#This Row],[Overall PiN with REFUGEES]]*Table6[[#This Row],[% Male children under 5]] -> 7879.4967 | J26: 0.1032 | K26: =Table6[[#This Row],[Overall PiN with REFUGEES]]*Table6[[#This Row],[% Female children under 5]] -> 5979.1475 | L26: 0.195 | M26: =Table6[[#This Row],[Overall PiN with REFUGEES]]*Table6[[#This Row],[% Male children aged 5 - 17 years]] -> 11297.808 | N26: 0.174 | O26: =Table6[[#This Row],[Overall PiN with REFUGEES]]*Table6[[#This Row],[% Female children aged 5 - 17 years]] -> 10081.121 | P26: 0.105 | Q26: =Table6[[#This Row],[Overall PiN with REFUGEES]]*Table6[[#This Row],[% Male adults aged 18 - 60]] -> 6083.435 | R26: 0.272 | S26: =Table6[[#This Row],[Overall PiN with REFUGEES]]*Table6[[#This Row],[% Female adults aged 18 - 60]] -> 15758.993 | T26: 0.00644 | U26: =Table6[[#This Row],[Overall PiN with REFUGEES]]*Table6[[#This Row],[% Male adults aged over 60]] -> 373.11734 | V26: 0.00836 | W26: =Table6[[#This Row],[Overall PiN with REFUGEES]]*Table6[[#This Row],[% Female adults aged over 60]] -> 484.3573 | X26: 8449.6374 | AI26: Pochalla | AJ26: =SUM(I26,M26) -> 19177.305 | AK26: =SUM(K26,O26) -> 16060.268 | AL26: =SUM(Table6[[#This Row],[No. of Male adults aged 18 - 60]]) -> 6083.435 | AM26: =Table6[[#This Row],[No. of Female adults aged 18 - 60]] -> 15758.993 | AN26: =Table6[[#This Row],[No. of Male adults aged over 60]] -> 373.11734 | AO26: =Table6[[#This Row],[No. Female adults aged over 60]] -> 484.3573 | AP26: =SUM(AJ26:AO26) -> 57937.476
A27: Jonglei | B27: Twic East | C27: 4 | D27: 2 | F27: 104970.61 | G27: =Table6[[#This Row],[Overall PiN]]+Table6[[#This Row],[Refugees]] -> 104970.61 | H27: 0.0737 | I27: =Table6[[#This Row],[Overall PiN with REFUGEES]]*Table6[[#This Row],[% Male children under 5]] -> 7736.3338 | J27: 0.0834 | K27: =Table6[[#This Row],[Overall PiN with REFUGEES]]*Table6[[#This Row],[% Female children under 5]] -> 8754.5487 | L27: 0.152 | M27: =Table6[[#This Row],[Overall PiN with REFUGEES]]*Table6[[#This Row],[% Male children aged 5 - 17 years]] -> 15955.532 | N27: 0.173 | O27: =Table6[[#This Row],[Overall PiN with REFUGEES]]*Table6[[#This Row],[% Female children aged 5 - 17 years]] -> 18159.915 | P27: 0.18 | Q27: =Table6[[#This Row],[Overall PiN with REFUGEES]]*Table6[[#This Row],[% Male adults aged 18 - 60]] -> 18894.709 | R27: 0.256 | S27: =Table6[[#This Row],[Overall PiN with REFUGEES]]*Table6[[#This Row],[% Female adults aged 18 - 60]] -> 26872.476 | T27: 0.0412 | U27: =Table6[[#This Row],[Overall PiN with REFUGEES]]*Table6[[#This Row],[% Male adults aged over 60]] -> 4324.789 | V27: 0.0407 | W27: =Table6[[#This Row],[Overall PiN with REFUGEES]]*Table6[[#This Row],[% Female adults aged over 60]] -> 4272.3037 | X27: 13762.706 | AI27: Twic East | AJ27: =SUM(I27,M27) -> 23691.866 | AK27: =SUM(K27,O27) -> 26914.464 | AL27: =SUM(Table6[[#This Row],[No. of Male adults aged 18 - 60]]) -> 18894.709 | AM27: =Table6[[#This Row],[No. of Female adults aged 18 - 60]] -> 26872.476 | AN27: =Table6[[#This Row],[No. of Male adults aged over 60]] -> 4324.789 | AO27: =Table6[[#This Row],[No. Female adults aged over 60]] -> 4272.3037 | AP27: =SUM(AJ27:AO27) -> 104970.61
A28: Jonglei | B28: Uror | C28: 4 | D28: 2 | F28: 142477.82 | G28: =Table6[[#This Row],[Overall PiN]]+Table6[[#This Row],[Refugees]] -> 142477.82 | H28: 0.1436 | I28: =Table6[[#This Row],[Overall PiN with REFUGEES]]*Table6[[#This Row],[% Male children under 5]] -> 20459.815 | J28: 0.129 | K28: =Table6[[#This Row],[Overall PiN with REFUGEES]]*Table6[[#This Row],[% Female children under 5]] -> 18379.639 | L28: 0.144 | M28: =Table6[[#This Row],[Overall PiN with REFUGEES]]*Table6[[#This Row],[% Male children aged 5 - 17 years]] -> 20516.806 | N28: 0.178 | O28: =Table6[[#This Row],[Overall PiN with REFUGEES]]*Table6[[#This Row],[% Female children aged 5 - 17 years]] -> 25361.052 | P28: 0.183 | Q28: =Table6[[#This Row],[Overall PiN with REFUGEES]]*Table6[[#This Row],[% Male adults aged 18 - 60]] -> 26073.442 | R28: 0.193 | S28: =Table6[[#This Row],[Overall PiN with REFUGEES]]*Table6[[#This Row],[% Female adults aged 18 - 60]] -> 27498.22 | T28: 0.0126 | U28: =Table6[[#This Row],[Overall PiN with REFUGEES]]*Table6[[#This Row],[% Male adults aged over 60]] -> 1795.2206 | V28: 0.0168 | W28: =Table6[[#This Row],[Overall PiN with REFUGEES]]*Table6[[#This Row],[% Female adults aged over 60]] -> 2393.6274 | X28: 21605.25 | AI28: Uror | AJ28: =SUM(I28,M28) -> 40976.622 | AK28: =SUM(K28,O28) -> 43740.692 | AL28: =SUM(Table6[[#This Row],[No. of Male adults aged 18 - 60]]) -> 26073.442 | AM28: =Table6[[#This Row],[No. of Female adults aged 18 - 60]] -> 27498.22 | AN28: =Table6[[#This Row],[No. of Male adults aged over 60]] -> 1795.2206 | AO28: =Table6[[#This Row],[No. Female adults aged over 60]] -> 2393.6274 | AP28: =SUM(AJ28:AO28) -> 142477.82
A29: Lakes | B29: Awerial | C29: 3 | D29: 3 | F29: 97204.032 | G29: =Table6[[#This Row],[Overall PiN]]+Table6[[#This Row],[Refugees]] -> 97204.032 | H29: 0.0634 | I29: =Table6[[#This Row],[Overall PiN with REFUGEES]]*Table6[[#This Row],[% Male children under 5]] -> 6162.7356 | J29: 0.061 | K29: =Table6[[#This Row],[Overall PiN with REFUGEES]]*Table6[[#This Row],[% Female children under 5]] -> 5929.4459 | L29: 0.227 | M29: =Table6[[#This Row],[Overall PiN with REFUGEES]]*Table6[[#This Row],[% Male children aged 5 - 17 years]] -> 22065.315 | N29: 0.234 | O29: =Table6[[#This Row],[Overall PiN with REFUGEES]]*Table6[[#This Row],[% Female children aged 5 - 17 years]] -> 22745.743 | P29: 0.1774 | Q29: =Table6[[#This Row],[Overall PiN with REFUGEES]]*Table6[[#This Row],[% Male adults aged 18 - 60]] -> 17243.995 | R29: 0.194 | S29: =Table6[[#This Row],[Overall PiN with REFUGEES]]*Table6[[#This Row],[% Female adults aged 18 - 60]] -> 18857.582 | T29: 0.0192 | U29: =Table6[[#This Row],[Overall PiN with REFUGEES]]*Table6[[#This Row],[% Male adults aged over 60]] -> 1866.3174 | V29: 0.024 | W29: =Table6[[#This Row],[Overall PiN with REFUGEES]]*Table6[[#This Row],[% Female adults aged over 60]] -> 2332.8968 | X29: 12980.25 | AI29: Awerial | AJ29: =SUM(I29,M29) -> 28228.051 | AK29: =SUM(K29,O29) -> 28675.189 | AL29: =SUM(Table6[[#This Row],[No. of Male adults aged 18 - 60]]) -> 17243.995 | AM29: =Table6[[#This Row],[No. of Female adults aged 18 - 60]] -> 18857.582 | AN29: =Table6[[#This Row],[No. of Male adults aged over 60]] -> 1866.3174 | AO29: =Table6[[#This Row],[No. Female adults aged over 60]] -> 2332.8968 | AP29: =SUM(AJ29:AO29) -> 97204.032
A30: Lakes | B30: Cueibet | C30: 3 | D30: 5 | F30: 98940.402 | G30: =Table6[[#This Row],[Overall PiN]]+Table6[[#This Row],[Refugees]] -> 98940.402 | H30: 0.0754 | I30: =Table6[[#This Row],[Overall PiN with REFUGEES]]*Table6[[#This Row],[% Male children under 5]] -> 7460.1063 | J30: 0.0426 | K30: =Table6[[#This Row],[Overall PiN with REFUGEES]]*Table6[[#This Row],[% Female children under 5]] -> 4214.8611 | L30: 0.225 | M30: =Table6[[#This Row],[Overall PiN with REFUGEES]]*Table6[[#This Row],[% Male children aged 5 - 17 years]] -> 22261.59 | N30: 0.204 | O30: =Table6[[#This Row],[Overall PiN with REFUGEES]]*Table6[[#This Row],[% Female children aged 5 - 17 years]] -> 20183.842 | P30: 0.177 | Q30: =Table6[[#This Row],[Overall PiN with REFUGEES]]*Table6[[#This Row],[% Male adults aged 18 - 60]] -> 17512.451 | R30: 0.166 | S30: =Table6[[#This Row],[Overall PiN with REFUGEES]]*Table6[[#This Row],[% Female adults aged 18 - 60]] -> 16424.107 | T30: 0.0498 | U30: =Table6[[#This Row],[Overall PiN with REFUGEES]]*Table6[[#This Row],[% Male adults aged over 60]] -> 4927.232 | V30: 0.0602 | W30: =Table6[[#This Row],[Overall PiN with REFUGEES]]*Table6[[#This Row],[% Female adults aged over 60]] -> 5956.2122 | X30: 17199.6 | AI30: Cueibet | AJ30: =SUM(I30,M30) -> 29721.697 | AK30: =SUM(K30,O30) -> 24398.703 | AL30: =SUM(Table6[[#This Row],[No. of Male adults aged 18 - 60]]) -> 17512.451 | AM30: =Table6[[#This Row],[No. of Female adults aged 18 - 60]] -> 16424.107 | AN30: =Table6[[#This Row],[No. of Male adults aged over 60]] -> 4927.232 | AO30: =Table6[[#This Row],[No. Female adults aged over 60]] -> 5956.2122 | AP30: =SUM(AJ30:AO30) -> 98940.402
A31: Lakes | B31: Rumbek Centre | C31: 3 | D31: 4 | F31: 129678.38 | G31: =Table6[[#This Row],[Overall PiN]]+Table6[[#This Row],[Refugees]] -> 129678.38 | H31: 0.0811 | I31: =Table6[[#This Row],[Overall PiN with REFUGEES]]*Table6[[#This Row],[% Male children under 5]] -> 10516.917 | J31: 0.0557 | K31: =Table6[[#This Row],[Overall PiN with REFUGEES]]*Table6[[#This Row],[% Female children under 5]] -> 7223.0857 | L31: 0.221 | M31: =Table6[[#This Row],[Overall PiN with REFUGEES]]*Table6[[#This Row],[% Male children aged 5 - 17 years]] -> 28658.922 | N31: 0.226 | O31: =Table6[[#This Row],[Overall PiN with REFUGEES]]*Table6[[#This Row],[% Female children aged 5 - 17 years]] -> 29307.314 | P31: 0.196 | Q31: =Table6[[#This Row],[Overall PiN with REFUGEES]]*Table6[[#This Row],[% Male adults aged 18 - 60]] -> 25416.962 | R31: 0.193 | S31: =Table6[[#This Row],[Overall PiN with REFUGEES]]*Table6[[#This Row],[% Female adults aged 18 - 60]] -> 25027.927 | T31: 0.0103 | U31: =Table6[[#This Row],[Overall PiN with REFUGEES]]*Table6[[#This Row],[% Male adults aged over 60]] -> 1335.6873 | V31: 0.0169 | W31: =Table6[[#This Row],[Overall PiN with REFUGEES]]*Table6[[#This Row],[% Female adults aged over 60]] -> 2191.5646 | X31: 18361.87 | AI31: Rumbek Centre | AJ31: =SUM(I31,M31) -> 39175.838 | AK31: =SUM(K31,O31) -> 36530.399 | AL31: =SUM(Table6[[#This Row],[No. of Male adults aged 18 - 60]]) -> 25416.962 | AM31: =Table6[[#This Row],[No. of Female adults aged 18 - 60]] -> 25027.927 | AN31: =Table6[[#This Row],[No. of Male adults aged over 60]] -> 1335.6873 | AO31: =Table6[[#This Row],[No. Female adults aged over 60]] -> 2191.5646 | AP31: =SUM(AJ31:AO31) -> 129678.38
A32: Lakes | B32: Rumbek East | C32: 3 | D32: 4 | F32: 125842.2 | G32: =Table6[[#This Row],[Overall PiN]]+Table6[[#This Row],[Refugees]] -> 125842.2 | H32: 0.0928 | I32: =Table6[[#This Row],[Overall PiN with REFUGEES]]*Table6[[#This Row],[% Male children under 5]] -> 11678.156 | J32: 0.0782 | K32: =Table6[[#This Row],[Overall PiN with REFUGEES]]*Table6[[#This Row],[% Female children under 5]] -> 9840.8602 | L32: 0.1829 | M32: =Table6[[#This Row],[Overall PiN with REFUGEES]]*Table6[[#This Row],[% Male children aged 5 - 17 years]] -> 23016.539 | N32: 0.204 | O32: =Table6[[#This Row],[Overall PiN with REFUGEES]]*Table6[[#This Row],[% Female children aged 5 - 17 years]] -> 25671.809 | P32: 0.199 | Q32: =Table6[[#This Row],[Overall PiN with REFUGEES]]*Table6[[#This Row],[% Male adults aged 18 - 60]] -> 25042.598 | R32: 0.2 | S32: =Table6[[#This Row],[Overall PiN with REFUGEES]]*Table6[[#This Row],[% Female adults aged 18 - 60]] -> 25168.44 | T32: 0.0158 | U32: =Table6[[#This Row],[Overall PiN with REFUGEES]]*Table6[[#This Row],[% Male adults aged over 60]] -> 1988.3068 | V32: 0.0273 | W32: =Table6[[#This Row],[Overall PiN with REFUGEES]]*Table6[[#This Row],[% Female adults aged over 60]] -> 3435.4921 | X32: 19612.65 | AI32: Rumbek East | AJ32: =SUM(I32,M32) -> 34694.695 | AK32: =SUM(K32,O32) -> 35512.669 | AL32: =SUM(Table6[[#This Row],[No. of Male adults aged 18 - 60]]) -> 25042.598 | AM32: =Table6[[#This Row],[No. of Female adults aged 18 - 60]] -> 25168.44 | AN32: =Table6[[#This Row],[No. of Male adults aged over 60]] -> 1988.3068 | AO32: =Table6[[#This Row],[No. Female adults aged over 60]] -> 3435.4921 | AP32: =SUM(AJ32:AO32) -> 125842.2
A33: Lakes | B33: Rumbek North | C33: 3 | D33: 3 | F33: 46885.096 | G33: =Table6[[#This Row],[Overall PiN]]+Table6[[#This Row],[Refugees]] -> 46885.096 | H33: 0.0955 | I33: =Table6[[#This Row],[Overall PiN with REFUGEES]]*Table6[[#This Row],[% Male children under 5]] -> 4477.5267 | J33: 0.0976 | K33: =Table6[[#This Row],[Overall PiN with REFUGEES]]*Table6[[#This Row],[% Female children under 5]] -> 4575.9854 | L33: 0.203 | M33: =Table6[[#This Row],[Overall PiN with REFUGEES]]*Table6[[#This Row],[% Male children aged 5 - 17 years]] -> 9517.6745 | N33: 0.216 | O33: =Table6[[#This Row],[Overall PiN with REFUGEES]]*Table6[[#This Row],[% Female children aged 5 - 17 years]] -> 10127.181 | P33: 0.151 | Q33: =Table6[[#This Row],[Overall PiN with REFUGEES]]*Table6[[#This Row],[% Male adults aged 18 - 60]] -> 7079.6495 | R33: 0.17 | S33: =Table6[[#This Row],[Overall PiN with REFUGEES]]*Table6[[#This Row],[% Female adults aged 18 - 60]] -> 7970.4663 | T33: 0.0317 | U33: =Table6[[#This Row],[Overall PiN with REFUGEES]]*Table6[[#This Row],[% Male adults aged over 60]] -> 1486.2575 | V33: 0.0352 | W33: =Table6[[#This Row],[Overall PiN with REFUGEES]]*Table6[[#This Row],[% Female adults aged over 60]] -> 1650.3554 | X33: 7317.15 | AI33: Rumbek North | AJ33: =SUM(I33,M33) -> 13995.201 | AK33: =SUM(K33,O33) -> 14703.166 | AL33: =SUM(Table6[[#This Row],[No. of Male adults aged 18 - 60]]) -> 7079.6495 | AM33: =Table6[[#This Row],[No. of Female adults aged 18 - 60]] -> 7970.4663 | AN33: =Table6[[#This Row],[No. of Male adults aged over 60]] -> 1486.2575 | AO33: =Table6[[#This Row],[No. Female adults aged over 60]] -> 1650.3554 | AP33: =SUM(AJ33:AO33) -> 46885.096
A34: Lakes | B34: Wulu | C34: 3 | D34: 5 | F34: 45006.023 | G34: =Table6[[#This Row],[Overall PiN]]+Table6[[#This Row],[Refugees]] -> 45006.023 | H34: 0.0805 | I34: =Table6[[#This Row],[Overall PiN with REFUGEES]]*Table6[[#This Row],[% Male children under 5]] -> 3622.9848 | J34: 0.0706 | K34: =Table6[[#This Row],[Overall PiN with REFUGEES]]*Table6[[#This Row],[% Female children under 5]] -> 3177.4252 | L34: 0.217 | M34: =Table6[[#This Row],[Overall PiN with REFUGEES]]*Table6[[#This Row],[% Male children aged 5 - 17 years]] -> 9766.307 | N34: 0.184 | O34: =Table6[[#This Row],[Overall PiN with REFUGEES]]*Table6[[#This Row],[% Female children aged 5 - 17 years]] -> 8281.1082 | P34: 0.198 | Q34: =Table6[[#This Row],[Overall PiN with REFUGEES]]*Table6[[#This Row],[% Male adults aged 18 - 60]] -> 8911.1925 | R34: 0.188 | S34: =Table6[[#This Row],[Overall PiN with REFUGEES]]*Table6[[#This Row],[% Female adults aged 18 - 60]] -> 8461.1323 | T34: 0.0282 | U34: =Table6[[#This Row],[Overall PiN with REFUGEES]]*Table6[[#This Row],[% Male adults aged over 60]] -> 1269.1698 | V34: 0.0337 | W34: =Table6[[#This Row],[Overall PiN with REFUGEES]]*Table6[[#This Row],[% Female adults aged over 60]] -> 1516.703 | X34: 8086.9984 | AI34: Wulu | AJ34: =SUM(I34,M34) -> 13389.292 | AK34: =SUM(K34,O34) -> 11458.533 | AL34: =SUM(Table6[[#This Row],[No. of Male adults aged 18 - 60]]) -> 8911.1925 | AM34: =Table6[[#This Row],[No. of Female adults aged 18 - 60]] -> 8461.1323 | AN34: =Table6[[#This Row],[No. of Male adults aged over 60]] -> 1269.1698 | AO34: =Table6[[#This Row],[No. Female adults aged over 60]] -> 1516.703 | AP34: =SUM(AJ34:AO34) -> 45006.023
A35: Lakes | B35: Yirol East | C35: 3 | D35: 3 | F35: 106895.24 | G35: =Table6[[#This Row],[Overall PiN]]+Table6[[#This Row],[Refugees]] -> 106895.24 | H35: 0.108 | I35: =Table6[[#This Row],[Overall PiN with REFUGEES]]*Table6[[#This Row],[% Male children under 5]] -> 11544.685 | J35: 0.096 | K35: =Table6[[#This Row],[Overall PiN with REFUGEES]]*Table6[[#This Row],[% Female children under 5]] -> 10261.943 | L35: 0.159 | M35: =Table6[[#This Row],[Overall PiN with REFUGEES]]*Table6[[#This Row],[% Male children aged 5 - 17 years]] -> 16996.342 | N35: 0.171 | O35: =Table6[[#This Row],[Overall PiN with REFUGEES]]*Table6[[#This Row],[% Female children aged 5 - 17 years]] -> 18279.085 | P35: 0.203 | Q35: =Table6[[#This Row],[Overall PiN with REFUGEES]]*Table6[[#This Row],[% Male adults aged 18 - 60]] -> 21699.733 | R35: 0.196 | S35: =Table6[[#This Row],[Overall PiN with REFUGEES]]*Table6[[#This Row],[% Female adults aged 18 - 60]] -> 20951.466 | T35: 0.0256 | U35: =Table6[[#This Row],[Overall PiN with REFUGEES]]*Table6[[#This Row],[% Male adults aged over 60]] -> 2736.518 | V35: 0.0414 | W35: =Table6[[#This Row],[Overall PiN with REFUGEES]]*Table6[[#This Row],[% Female adults aged over 60]] -> 4425.4628 | X35: 12958.896 | AI35: Yirol East | AJ35: =SUM(I35,M35) -> 28541.028 | AK35: =SUM(K35,O35) -> 28541.028 | AL35: =SUM(Table6[[#This Row],[No. of Male adults aged 18 - 60]]) -> 21699.733 | AM35: =Table6[[#This Row],[No. of Female adults aged 18 - 60]] -> 20951.466 | AN35: =Table6[[#This Row],[No. of Male adults aged over 60]] -> 2736.518 | AO35: =Table6[[#This Row],[No. Female adults aged over 60]] -> 4425.4628 | AP35: =SUM(AJ35:AO35) -> 106895.24
A36: Lakes | B36: Yirol West | C36: 3 | D36: 4 | F36: 105020.74 | G36: =Table6[[#This Row],[Overall PiN]]+Table6[[#This Row],[Refugees]] -> 105020.74 | H36: 0.0892 | I36: =Table6[[#This Row],[Overall PiN with REFUGEES]]*Table6[[#This Row],[% Male children under 5]] -> 9367.8504 | J36: 0.078 | K36: =Table6[[#This Row],[Overall PiN with REFUGEES]]*Table6[[#This Row],[% Female children under 5]] -> 8191.6181 | L36: 0.167 | M36: =Table6[[#This Row],[Overall PiN with REFUGEES]]*Table6[[#This Row],[% Male children aged 5 - 17 years]] -> 17538.464 | N36: 0.205 | O36: =Table6[[#This Row],[Overall PiN with REFUGEES]]*Table6[[#This Row],[% Female children aged 5 - 17 years]] -> 21529.253 | P36: 0.21 | Q36: =Table6[[#This Row],[Overall PiN with REFUGEES]]*Table6[[#This Row],[% Male adults aged 18 - 60]] -> 22054.356 | R36: 0.172 | S36: =Table6[[#This Row],[Overall PiN with REFUGEES]]*Table6[[#This Row],[% Female adults aged 18 - 60]] -> 18063.568 | T36: 0.0308 | U36: =Table6[[#This Row],[Overall PiN with REFUGEES]]*Table6[[#This Row],[% Male adults aged over 60]] -> 3234.6389 | V36: 0.048 | W36: =Table6[[#This Row],[Overall PiN with REFUGEES]]*Table6[[#This Row],[% Female adults aged over 60]] -> 5040.9957 | X36: 16066.669 | AI36: Yirol West | AJ36: =SUM(I36,M36) -> 26906.315 | AK36: =SUM(K36,O36) -> 29720.871 | AL36: =SUM(Table6[[#This Row],[No. of Male adults aged 18 - 60]]) -> 22054.356 | AM36: =Table6[[#This Row],[No. of Female adults aged 18 - 60]] -> 18063.568 | AN36: =Table6[[#This Row],[No. of Male adults aged over 60]] -> 3234.6389 | AO36: =Table6[[#This Row],[No. Female adults aged over 60]] -> 5040.9957 | AP36: =SUM(AJ36:AO36) -> 105020.74
A37: Northern Bahr el Ghazal | B37: Aweil Centre | C37: 3 | D37: 4 | F37: 69025.016 | G37: =Table6[[#This Row],[Overall PiN]]+Table6[[#This Row],[Refugees]] -> 69025.016 | H37: 0.177 | I37: =Table6[[#This Row],[Overall PiN with REFUGEES]]*Table6[[#This Row],[% Male children under 5]] -> 12217.428 | J37: 0.139 | K37: =Table6[[#This Row],[Overall PiN with REFUGEES]]*Table6[[#This Row],[% Female children under 5]] -> 9594.4772 | L37: 0.1407 | M37: =Table6[[#This Row],[Overall PiN with REFUGEES]]*Table6[[#This Row],[% Male children aged 5 - 17 years]] -> 9711.8197 | N37: 0.133 | O37: =Table6[[#This Row],[Overall PiN with REFUGEES]]*Table6[[#This Row],[% Female children aged 5 - 17 years]] -> 9180.3271 | P37: 0.149 | Q37: =Table6[[#This Row],[Overall PiN with REFUGEES]]*Table6[[#This Row],[% Male adults aged 18 - 60]] -> 10284.727 | R37: 0.169 | S37: =Table6[[#This Row],[Overall PiN with REFUGEES]]*Table6[[#This Row],[% Female adults aged 18 - 60]] -> 11665.228 | T37: 0.0371 | U37: =Table6[[#This Row],[Overall PiN with REFUGEES]]*Table6[[#This Row],[% Male adults aged over 60]] -> 2560.8281 | V37: 0.0552 | W37: =Table6[[#This Row],[Overall PiN with REFUGEES]]*Table6[[#This Row],[% Female adults aged over 60]] -> 3810.1809 | X37: 6840.051 | AI37: Aweil Centre | AJ37: =SUM(I37,M37) -> 21929.247 | AK37: =SUM(K37,O37) -> 18774.804 | AL37: =SUM(Table6[[#This Row],[No. of Male adults aged 18 - 60]]) -> 10284.727 | AM37: =Table6[[#This Row],[No. of Female adults aged 18 - 60]] -> 11665.228 | AN37: =Table6[[#This Row],[No. of Male adults aged over 60]] -> 2560.8281 | AO37: =Table6[[#This Row],[No. Female adults aged over 60]] -> 3810.1809 | AP37: =SUM(AJ37:AO37) -> 69025.016
A38: Northern Bahr el Ghazal | B38: Aweil East | C38: 4 | D38: 2 | F38: 307356.88 | G38: =Table6[[#This Row],[Overall PiN]]+Table6[[#This Row],[Refugees]] -> 307356.88 | H38: 0.0854 | I38: =Table6[[#This Row],[Overall PiN with REFUGEES]]*Table6[[#This Row],[% Male children under 5]] -> 26248.277 | J38: 0.0934 | K38: =Table6[[#This Row],[Overall PiN with REFUGEES]]*Table6[[#This Row],[% Female children under 5]] -> 28707.132 | L38: 0.2028 | M38: =Table6[[#This Row],[Overall PiN with REFUGEES]]*Table6[[#This Row],[% Male children aged 5 - 17 years]] -> 62331.975 | N38: 0.213 | O38: =Table6[[#This Row],[Overall PiN with REFUGEES]]*Table6[[#This Row],[% Female children aged 5 - 17 years]] -> 65467.015 | P38: 0.156 | Q38: =Table6[[#This Row],[Overall PiN with REFUGEES]]*Table6[[#This Row],[% Male adults aged 18 - 60]] -> 47947.673 | R38: 0.18 | S38: =Table6[[#This Row],[Overall PiN with REFUGEES]]*Table6[[#This Row],[% Female adults aged 18 - 60]] -> 55324.238 | T38: 0.027 | U38: =Table6[[#This Row],[Overall PiN with REFUGEES]]*Table6[[#This Row],[% Male adults aged over 60]] -> 8298.6357 | V38: 0.0424 | W38: =Table6[[#This Row],[Overall PiN with REFUGEES]]*Table6[[#This Row],[% Female adults aged over 60]] -> 13031.932 | X38: 39048.412 | AI38: Aweil East | AJ38: =SUM(I38,M38) -> 88580.252 | AK38: =SUM(K38,O38) -> 94174.147 | AL38: =SUM(Table6[[#This Row],[No. of Male adults aged 18 - 60]]) -> 47947.673 | AM38: =Table6[[#This Row],[No. of Female adults aged 18 - 60]] -> 55324.238 | AN38: =Table6[[#This Row],[No. of Male adults aged over 60]] -> 8298.6357 | AO38: =Table6[[#This Row],[No. Female adults aged over 60]] -> 13031.932 | AP38: =SUM(AJ38:AO38) -> 307356.88
... A40: Northern Bahr el Ghazal | B40: Aweil South | C40: 3 | D40: 2 | F40: 93495.862 | G40: =Table6[[#This Row],[Overall PiN]]+Table6[[#This Row],[Refugees]] -> 93495.862 | H40: 0.11 | I40: =Table6[[#This Row],[Overall PiN with REFUGEES]]*Table6[[#This Row],[% Male children under 5]] -> 10284.545 | J40: 0.0866 | K40: =Table6[[#This Row],[Overall PiN with REFUGEES]]*Table6[[#This Row],[% Female children under 5]] -> 8096.7417 | L40: 0.1585 | M40: =Table6[[#This Row],[Overall PiN with REFUGEES]]*Table6[[#This Row],[% Male children aged 5 - 17 years]] -> 14819.094 | N40: 0.189 | O40: =Table6[[#This Row],[Overall PiN with REFUGEES]]*Table6[[#This Row],[% Female children aged 5 - 17 years]] -> 17670.718 | P40: 0.194 | Q40: =Table6[[#This Row],[Overall PiN with REFUGEES]]*Table6[[#This Row],[% Male adults aged 18 - 60]] -> 18138.197 | R40: 0.23 | S40: =Table6[[#This Row],[Overall PiN with REFUGEES]]*Table6[[#This Row],[% Female adults aged 18 - 60]] -> 21504.048 | T40: 0.0157 | U40: =Table6[[#This Row],[Overall PiN with REFUGEES]]*Table6[[#This Row],[% Male adults aged over 60]] -> 1467.885 | V40: 0.0162 | W40: =Table6[[#This Row],[Overall PiN with REFUGEES]]*Table6[[#This Row],[% Female adults aged over 60]] -> 1514.633 | X40: 20840.4 | AI40: Aweil South | AJ40: =SUM(I40,M40) -> 25103.639 | AK40: =SUM(K40,O40) -> 25767.46 | AL40: =SUM(Table6[[#This Row],[No. of Male adults aged 18 - 60]]) -> 18138.197 | AM40: =Table6[[#This Row],[No. of Female adults aged 18 - 60]] -> 21504.048 | AN40: =Table6[[#This Row],[No. of Male adults aged over 60]] -> 1467.885 | AO40: =Table6[[#This Row],[No. Female adults aged over 60]] -> 1514.633 | AP40: =SUM(AJ40:AO40) -> 93495.862
A41: Northern Bahr el Ghazal | B41: Aweil West | C41: 3 | D41: 3 | E41: 35551 | F41: 126804.3 | G41: =Table6[[#This Row],[Overall PiN]]+Table6[[#This Row],[Refugees]] -> 162355.3 | H41: 0.102 | I41: =Table6[[#This Row],[Overall PiN with REFUGEES]]*Table6[[#This Row],[% Male children under 5]] -> 16560.241 | J41: 0.116 | K41: =Table6[[#This Row],[Overall PiN with REFUGEES]]*Table6[[#This Row],[% Female children under 5]] -> 18833.215 | L41: 0.191 | M41: =Table6[[#This Row],[Overall PiN with REFUGEES]]*Table6[[#This Row],[% Male children aged 5 - 17 years]] -> 31009.863 | N41: 0.193 | O41: =Table6[[#This Row],[Overall PiN with REFUGEES]]*Table6[[#This Row],[% Female children aged 5 - 17 years]] -> 31334.573 | P41: 0.174 | Q41: =Table6[[#This Row],[Overall PiN with REFUGEES]]*Table6[[#This Row],[% Male adults aged 18 - 60]] -> 28249.823 | R41: 0.18 | S41: =Table6[[#This Row],[Overall PiN with REFUGEES]]*Table6[[#This Row],[% Female adults aged 18 - 60]] -> 29223.954 | T41: 0.0218 | U41: =Table6[[#This Row],[Overall PiN with REFUGEES]]*Table6[[#This Row],[% Male adults aged over 60]] -> 3539.3456 | V41: 0.0222 | W41: =Table6[[#This Row],[Overall PiN with REFUGEES]]*Table6[[#This Row],[% Female adults aged over 60]] -> 3604.2877 | X41: 21579.45 | AI41: Aweil West | AJ41: =SUM(I41,M41) -> 47570.104 | AK41: =SUM(K41,O41) -> 50167.789 | AL41: =SUM(Table6[[#This Row],[No. of Male adults aged 18 - 60]]) -> 28249.823 | AM41: =Table6[[#This Row],[No. of Female adults aged 18 - 60]] -> 29223.954 | AN41: =Table6[[#This Row],[No. of Male adults aged over 60]] -> 3539.3456 | AO41: =Table6[[#This Row],[No. Female adults aged over 60]] -> 3604.2877 | AP41: =SUM(AJ41:AO41) -> 162355.3
A42: Unity | B42: Abiemnhom | C42: 3 | D42: 4 | F42: 38384.349 | G42: =Table6[[#This Row],[Overall PiN]]+Table6[[#This Row],[Refugees]] -> 38384.349 | H42: 0.0993 | I42: =Table6[[#This Row],[Overall PiN with REFUGEES]]*Table6[[#This Row],[% Male children under 5]] -> 3811.5658 | J42: 0.0852 | K42: =Table6[[#This Row],[Overall PiN with REFUGEES]]*Table6[[#This Row],[% Female children under 5]] -> 3270.3465 | L42: 0.1832 | M42: =Table6[[#This Row],[Overall PiN with REFUGEES]]*Table6[[#This Row],[% Male children aged 5 - 17 years]] -> 7032.0127 | N42: 0.16 | O42: =Table6[[#This Row],[Overall PiN with REFUGEES]]*Table6[[#This Row],[% Female children aged 5 - 17 years]] -> 6141.4958 | P42: 0.199 | Q42: =Table6[[#This Row],[Overall PiN with REFUGEES]]*Table6[[#This Row],[% Male adults aged 18 - 60]] -> 7638.4854 | R42: 0.233 | S42: =Table6[[#This Row],[Overall PiN with REFUGEES]]*Table6[[#This Row],[% Female adults aged 18 - 60]] -> 8943.5533 | T42: 0.0182 | U42: =Table6[[#This Row],[Overall PiN with REFUGEES]]*Table6[[#This Row],[% Male adults aged over 60]] -> 698.59515 | V42: 0.0221 | W42: =Table6[[#This Row],[Overall PiN with REFUGEES]]*Table6[[#This Row],[% Female adults aged over 60]] -> 848.29411 | X42: 31159.444 | AI42: Abiemnhom | AJ42: =SUM(I42,M42) -> 10843.579 | AK42: =SUM(K42,O42) -> 9411.8424 | AL42: =SUM(Table6[[#This Row],[No. of Male adults aged 18 - 60]]) -> 7638.4854 | AM42: =Table6[[#This Row],[No. of Female adults aged 18 - 60]] -> 8943.5533 | AN42: =Table6[[#This Row],[No. of Male adults aged over 60]] -> 698.59515 | AO42: =Table6[[#This Row],[No. Female adults aged over 60]] -> 848.29411 | AP42: =SUM(AJ42:AO42) -> 38384.349
A43: Unity | B43: Guit | C43: 3 | D43: 3 | F43: 54530.58 | G43: =Table6[[#This Row],[Overall PiN]]+Table6[[#This Row],[Refugees]] -> 54530.58 | H43: 0.117 | I43: =Table6[[#This Row],[Overall PiN with REFUGEES]]*Table6[[#This Row],[% Male children under 5]] -> 6380.0779 | J43: 0.1009 | K43: =Table6[[#This Row],[Overall PiN with REFUGEES]]*Table6[[#This Row],[% Female children under 5]] -> 5502.1356 | L43: 0.1861 | M43: =Table6[[#This Row],[Overall PiN with REFUGEES]]*Table6[[#This Row],[% Male children aged 5 - 17 years]] -> 10148.141 | N43: 0.188 | O43: =Table6[[#This Row],[Overall PiN with REFUGEES]]*Table6[[#This Row],[% Female children aged 5 - 17 years]] -> 10251.749 | P43: 0.139 | Q43: =Table6[[#This Row],[Overall PiN with REFUGEES]]*Table6[[#This Row],[% Male adults aged 18 - 60]] -> 7579.7507 | R43: 0.165 | S43: =Table6[[#This Row],[Overall PiN with REFUGEES]]*Table6[[#This Row],[% Female adults aged 18 - 60]] -> 8997.5458 | T43: 0.0461 | U43: =Table6[[#This Row],[Overall PiN with REFUGEES]]*Table6[[#This Row],[% Male adults aged over 60]] -> 2513.8598 | V43: 0.0579 | W43: =Table6[[#This Row],[Overall PiN with REFUGEES]]*Table6[[#This Row],[% Female adults aged over 60]] -> 3157.3206 | X43: 9204.9544 | AI43: Guit | AJ43: =SUM(I43,M43) -> 16528.219 | AK43: =SUM(K43,O43) -> 15753.885 | AL43: =SUM(Table6[[#This Row],[No. of Male adults aged 18 - 60]]) -> 7579.7507 | AM43: =Table6[[#This Row],[No. of Female adults aged 18 - 60]] -> 8997.5458 | AN43: =Table6[[#This Row],[No. of Male adults aged over 60]] -> 2513.8598 | AO43: =Table6[[#This Row],[No. Female adults aged over 60]] -> 3157.3206 | AP43: =SUM(AJ43:AO43) -> 54530.58
A44: Unity | B44: Koch | C44: 3 | D44: 3 | F44: 75001.101 | G44: =Table6[[#This Row],[Overall PiN]]+Table6[[#This Row],[Refugees]] -> 75001.101 | H44: 0.087 | I44: =Table6[[#This Row],[Overall PiN with REFUGEES]]*Table6[[#This Row],[% Male children under 5]] -> 6525.0958 | J44: 0.0716 | K44: =Table6[[#This Row],[Overall PiN with REFUGEES]]*Table6[[#This Row],[% Female children under 5]] -> 5370.0788 | L44: 0.1714 | M44: =Table6[[#This Row],[Overall PiN with REFUGEES]]*Table6[[#This Row],[% Male children aged 5 - 17 years]] -> 12855.189 | N44: 0.202 | O44: =Table6[[#This Row],[Overall PiN with REFUGEES]]*Table6[[#This Row],[% Female children aged 5 - 17 years]] -> 15150.222 | P44: 0.164 | Q44: =Table6[[#This Row],[Overall PiN with REFUGEES]]*Table6[[#This Row],[% Male adults aged 18 - 60]] -> 12300.181 | R44: 0.178 | S44: =Table6[[#This Row],[Overall PiN with REFUGEES]]*Table6[[#This Row],[% Female adults aged 18 - 60]] -> 13350.196 | T44: 0.0325 | U44: =Table6[[#This Row],[Overall PiN with REFUGEES]]*Table6[[#This Row],[% Male adults aged over 60]] -> 2437.5358 | V44: 0.0935 | W44: =Table6[[#This Row],[Overall PiN with REFUGEES]]*Table6[[#This Row],[% Female adults aged over 60]] -> 7012.6029 | X44: 11719.65 | AI44: Koch | AJ44: =SUM(I44,M44) -> 19380.284 | AK44: =SUM(K44,O44) -> 20520.301 | AL44: =SUM(Table6[[#This Row],[No. of Male adults aged 18 - 60]]) -> 12300.181 | AM44: =Table6[[#This Row],[No. of Female adults aged 18 - 60]] -> 13350.196 | AN44: =Table6[[#This Row],[No. of Male adults aged over 60]] -> 2437.5358 | AO44: =Table6[[#This Row],[No. Female adults aged over 60]] -> 7012.6029 | AP44: =SUM(AJ44:AO44) -> 75001.101
A45: Unity | B45: Leer | C45: 3 | D45: 2 | F45: 68777.599 | G45: =Table6[[#This Row],[Overall PiN]]+Table6[[#This Row],[Refugees]] -> 68777.599 | H45: 0.0915 | I45: =Table6[[#This Row],[Overall PiN with REFUGEES]]*Table6[[#This Row],[% Male children under 5]] -> 6293.1503 | J45: 0.084 | K45: =Table6[[#This Row],[Overall PiN with REFUGEES]]*Table6[[#This Row],[% Female children under 5]] -> 5777.3183 | L45: 0.167 | M45: =Table6[[#This Row],[Overall PiN with REFUGEES]]*Table6[[#This Row],[% Male children aged 5 - 17 years]] -> 11485.859 | N45: 0.182 | O45: =Table6[[#This Row],[Overall PiN with REFUGEES]]*Table6[[#This Row],[% Female children aged 5 - 17 years]] -> 12517.523 | P45: 0.197 | Q45: =Table6[[#This Row],[Overall PiN with REFUGEES]]*Table6[[#This Row],[% Male adults aged 18 - 60]] -> 13549.187 | R45: 0.226 | S45: =Table6[[#This Row],[Overall PiN with REFUGEES]]*Table6[[#This Row],[% Female adults aged 18 - 60]] -> 15543.737 | T45: 0.0124 | U45: =Table6[[#This Row],[Overall PiN with REFUGEES]]*Table6[[#This Row],[% Male adults aged over 60]] -> 852.84223 | V45: 0.0401 | W45: =Table6[[#This Row],[Overall PiN with REFUGEES]]*Table6[[#This Row],[% Female adults aged over 60]] -> 2757.9817 | X45: 11064.966 | AI45: Leer | AJ45: =SUM(I45,M45) -> 17779.009 | AK45: =SUM(K45,O45) -> 18294.841 | AL45: =SUM(Table6[[#This Row],[No. of Male adults aged 18 - 60]]) -> 13549.187 | AM45: =Table6[[#This Row],[No. of Female adults aged 18 - 60]] -> 15543.737 | AN45: =Table6[[#This Row],[No. of Male adults aged over 60]] -> 852.84223 | AO45: =Table6[[#This Row],[No. Female adults aged over 60]] -> 2757.9817 | AP45: =SUM(AJ45:AO45) -> 68777.599
A46: Unity | B46: Mayendit | C46: 4 | D46: 2 | F46: 57951.341 | G46: =Table6[[#This Row],[Overall PiN]]+Table6[[#This Row],[Refugees]] -> 57951.341 | H46: 0.0956 | I46: =Table6[[#This Row],[Overall PiN with REFUGEES]]*Table6[[#This Row],[% Male children under 5]] -> 5540.1482 | J46: 0.0794 | K46: =Table6[[#This Row],[Overall PiN with REFUGEES]]*Table6[[#This Row],[% Female children under 5]] -> 4601.3364 | L46: 0.2018 | M46: =Table6[[#This Row],[Overall PiN with REFUGEES]]*Table6[[#This Row],[% Male children aged 5 - 17 years]] -> 11694.581 | N46: 0.176 | O46: =Table6[[#This Row],[Overall PiN with REFUGEES]]*Table6[[#This Row],[% Female children aged 5 - 17 years]] -> 10199.436 | P46: 0.177 | Q46: =Table6[[#This Row],[Overall PiN with REFUGEES]]*Table6[[#This Row],[% Male adults aged 18 - 60]] -> 10257.387 | R46: 0.177 | S46: =Table6[[#This Row],[Overall PiN with REFUGEES]]*Table6[[#This Row],[% Female adults aged 18 - 60]] -> 10257.387 | T46: 0.0322 | U46: =Table6[[#This Row],[Overall PiN with REFUGEES]]*Table6[[#This Row],[% Male adults aged over 60]] -> 1866.0332 | V46: 0.061 | W46: =Table6[[#This Row],[Overall PiN with REFUGEES]]*Table6[[#This Row],[% Female adults aged over 60]] -> 3535.0318 | X46: 8327.7722 | AI46: Mayendit | AJ46: =SUM(I46,M46) -> 17234.729 | AK46: =SUM(K46,O46) -> 14800.772 | AL46: =SUM(Table6[[#This Row],[No. of Male adults aged 18 - 60]]) -> 10257.387 | AM46: =Table6[[#This Row],[No. of Female adults aged 18 - 60]] -> 10257.387 | AN46: =Table6[[#This Row],[No. of Male adults aged over 60]] -> 1866.0332 | AO46: =Table6[[#This Row],[No. Female adults aged over 60]] -> 3535.0318 | AP46: =SUM(AJ46:AO46) -> 57951.341
A47: Unity | B47: Mayom | C47: 3 | D47: 3 | F47: 98438.382 | G47: =Table6[[#This Row],[Overall PiN]]+Table6[[#This Row],[Refugees]] -> 98438.382 | H47: 0.116 | I47: =Table6[[#This Row],[Overall PiN with REFUGEES]]*Table6[[#This Row],[% Male children under 5]] -> 11418.852 | J47: 0.0929 | K47: =Table6[[#This Row],[Overall PiN with REFUGEES]]*Table6[[#This Row],[% Female children under 5]] -> 9144.9257 | L47: 0.166 | M47: =Table6[[#This Row],[Overall PiN with REFUGEES]]*Table6[[#This Row],[% Male children aged 5 - 17 years]] -> 16340.771 | N47: 0.197 | O47: =Table6[[#This Row],[Overall PiN with REFUGEES]]*Table6[[#This Row],[% Female children aged 5 - 17 years]] -> 19392.361 | P47: 0.136 | Q47: =Table6[[#This Row],[Overall PiN with REFUGEES]]*Table6[[#This Row],[% Male adults aged 18 - 60]] -> 13387.62 | R47: 0.1361 | S47: =Table6[[#This Row],[Overall PiN with REFUGEES]]*Table6[[#This Row],[% Female adults aged 18 - 60]] -> 13397.464 | T47: 0.0743 | U47: =Table6[[#This Row],[Overall PiN with REFUGEES]]*Table6[[#This Row],[% Male adults aged over 60]] -> 7313.9718 | V47: 0.0817 | W47: =Table6[[#This Row],[Overall PiN with REFUGEES]]*Table6[[#This Row],[% Female adults aged over 60]] -> 8042.4158 | X47: 15677.428 | AI47: Mayom | AJ47: =SUM(I47,M47) -> 27759.624 | AK47: =SUM(K47,O47) -> 28537.287 | AL47: =SUM(Table6[[#This Row],[No. of Male adults aged 18 - 60]]) -> 13387.62 | AM47: =Table6[[#This Row],[No. of Female adults aged 18 - 60]] -> 13397.464 | AN47: =Table6[[#This Row],[No. of Male adults aged over 60]] -> 7313.9718 | AO47: =Table6[[#This Row],[No. Female adults aged over 60]] -> 8042.4158 | AP47: =SUM(AJ47:AO47) -> 98438.382
A48: Unity | B48: Panyijiar | C48: 4 | D48: 1 | F48: 92114.078 | G48: =Table6[[#This Row],[Overall PiN]]+Table6[[#This Row],[Refugees]] -> 92114.078 | H48: 0.0762 | I48: =Table6[[#This Row],[Overall PiN with REFUGEES]]*Table6[[#This Row],[% Male children under 5]] -> 7019.0928 | J48: 0.0993 | K48: =Table6[[#This Row],[Overall PiN with REFUGEES]]*Table6[[#This Row],[% Female children under 5]] -> 9146.928 | L48: 0.1842 | M48: =Table6[[#This Row],[Overall PiN with REFUGEES]]*Table6[[#This Row],[% Male children aged 5 - 17 years]] -> 16967.413 | N48: 0.223 | O48: =Table6[[#This Row],[Overall PiN with REFUGEES]]*Table6[[#This Row],[% Female children aged 5 - 17 years]] -> 20541.44 | P48: 0.209 | Q48: =Table6[[#This Row],[Overall PiN with REFUGEES]]*Table6[[#This Row],[% Male adults aged 18 - 60]] -> 19251.842 | R48: 0.172 | S48: =Table6[[#This Row],[Overall PiN with REFUGEES]]*Table6[[#This Row],[% Female adults aged 18 - 60]] -> 15843.622 | T48: 0.03055 | U48: =Table6[[#This Row],[Overall PiN with REFUGEES]]*Table6[[#This Row],[% Male adults aged over 60]] -> 2814.0851 | V48: 0.00575 | W48: =Table6[[#This Row],[Overall PiN with REFUGEES]]*Table6[[#This Row],[% Female adults aged over 60]] -> 529.65595 | X48: 13738.711 | AI48: Panyijiar | AJ48: =SUM(I48,M48) -> 23986.506 | AK48: =SUM(K48,O48) -> 29688.367 | AL48: =SUM(Table6[[#This Row],[No. of Male adults aged 18 - 60]]) -> 19251.842 | AM48: =Table6[[#This Row],[No. of Female adults aged 18 - 60]] -> 15843.622 | AN48: =Table6[[#This Row],[No. of Male adults aged over 60]] -> 2814.0851 | AO48: =Table6[[#This Row],[No. Female adults aged over 60]] -> 529.65595 | AP48: =SUM(AJ48:AO48) -> 92114.078
A49: Unity | B49: Pariang | C49: 3 | D49: 2 | E49: 192053 | F49: 100251.15 | G49: =Table6[[#This Row],[Overall PiN]]+Table6[[#This Row],[Refugees]] -> 292304.15 | H49: 0.123 | I49: =Table6[[#This Row],[Overall PiN with REFUGEES]]*Table6[[#This Row],[% Male children under 5]] -> 35953.411 | J49: 0.0963 | K49: =Table6[[#This Row],[Overall PiN with REFUGEES]]*Table6[[#This Row],[% Female children under 5]] -> 28148.89 | L49: 0.17 | M49: =Table6[[#This Row],[Overall PiN with REFUGEES]]*Table6[[#This Row],[% Male children aged 5 - 17 years]] -> 49691.706 | N49: 0.167 | O49: =Table6[[#This Row],[Overall PiN with REFUGEES]]*Table6[[#This Row],[% Female children aged 5 - 17 years]] -> 48814.793 | P49: 0.175 | Q49: =Table6[[#This Row],[Overall PiN with REFUGEES]]*Table6[[#This Row],[% Male adults aged 18 - 60]] -> 51153.227 | R49: 0.192 | S49: =Table6[[#This Row],[Overall PiN with REFUGEES]]*Table6[[#This Row],[% Female adults aged 18 - 60]] -> 56122.397 | T49: 0.0296 | U49: =Table6[[#This Row],[Overall PiN with REFUGEES]]*Table6[[#This Row],[% Male adults aged over 60]] -> 8652.2029 | V49: 0.0471 | W49: =Table6[[#This Row],[Overall PiN with REFUGEES]]*Table6[[#This Row],[% Female adults aged over 60]] -> 13767.526 | X49: 11795.7 | AI49: Pariang | AJ49: =SUM(I49,M49) -> 85645.117 | AK49: =SUM(K49,O49) -> 76963.683 | AL49: =SUM(Table6[[#This Row],[No. of Male adults aged 18 - 60]]) -> 51153.227 | AM49: =Table6[[#This Row],[No. of Female adults aged 18 - 60]] -> 56122.397 | AN49: =Table6[[#This Row],[No. of Male adults aged over 60]] -> 8652.2029 | AO49: =Table6[[#This Row],[No. Female adults aged over 60]] -> 13767.526 | AP49: =SUM(AJ49:AO49) -> 292304.15
A50: Unity | B50: Rubkona | C50: 4 | D50: 1 | F50: 352767.15 | G50: =Table6[[#This Row],[Overall PiN]]+Table6[[#This Row],[Refugees]] -> 352767.15 | H50: 0.102 | I50: =Table6[[#This Row],[Overall PiN with REFUGEES]]*Table6[[#This Row],[% Male children under 5]] -> 35982.25 | J50: 0.0992 | K50: =Table6[[#This Row],[Overall PiN with REFUGEES]]*Table6[[#This Row],[% Female children under 5]] -> 34994.502 | L50: 0.161 | M50: =Table6[[#This Row],[Overall PiN with REFUGEES]]*Table6[[#This Row],[% Male children aged 5 - 17 years]] -> 56795.512 | N50: 0.1672 | O50: =Table6[[#This Row],[Overall PiN with REFUGEES]]*Table6[[#This Row],[% Female children aged 5 - 17 years]] -> 58982.668 | P50: 0.193 | Q50: =Table6[[#This Row],[Overall PiN with REFUGEES]]*Table6[[#This Row],[% Male adults aged 18 - 60]] -> 68084.061 | R50: 0.186 | S50: =Table6[[#This Row],[Overall PiN with REFUGEES]]*Table6[[#This Row],[% Female adults aged 18 - 60]] -> 65614.691 | T50: 0.0381 | U50: =Table6[[#This Row],[Overall PiN with REFUGEES]]*Table6[[#This Row],[% Male adults aged over 60]] -> 13440.429 | V50: 0.0535 | W50: =Table6[[#This Row],[Overall PiN with REFUGEES]]*Table6[[#This Row],[% Female adults aged over 60]] -> 18873.043 | X50: 45191.458 | AI50: Rubkona | AJ50: =SUM(I50,M50) -> 92777.762 | AK50: =SUM(K50,O50) -> 93977.17 | AL50: =SUM(Table6[[#This Row],[No. of Male adults aged 18 - 60]]) -> 68084.061 | AM50: =Table6[[#This Row],[No. of Female adults aged 18 - 60]] -> 65614.691 | AN50: =Table6[[#This Row],[No. of Male adults aged over 60]] -> 13440.429 | AO50: =Table6[[#This Row],[No. Female adults aged over 60]] -> 18873.043 | AP50: =SUM(AJ50:AO50) -> 352767.15
A51: Upper Nile | B51: Baliet | C51: 4 | D51: 2 | F51: 44608.873 | G51: =Table6[[#This Row],[Overall PiN]]+Table6[[#This Row],[Refugees]] -> 44608.873 | H51: 0.0765 | I51: =Table6[[#This Row],[Overall PiN with REFUGEES]]*Table6[[#This Row],[% Male children under 5]] -> 3412.5788 | J51: 0.0575 | K51: =Table6[[#This Row],[Overall PiN with REFUGEES]]*Table6[[#This Row],[% Female children under 5]] -> 2565.0102 | L51: 0.251 | M51: =Table6[[#This Row],[Overall PiN with REFUGEES]]*Table6[[#This Row],[% Male children aged 5 - 17 years]] -> 11196.827 | N51: 0.226 | O51: =Table6[[#This Row],[Overall PiN with REFUGEES]]*Table6[[#This Row],[% Female children aged 5 - 17 years]] -> 10081.605 | P51: 0.152 | Q51: =Table6[[#This Row],[Overall PiN with REFUGEES]]*Table6[[#This Row],[% Male adults aged 18 - 60]] -> 6780.5488 | R51: 0.135 | S51: =Table6[[#This Row],[Overall PiN with REFUGEES]]*Table6[[#This Row],[% Female adults aged 18 - 60]] -> 6022.1979 | T51: 0.0561 | U51: =Table6[[#This Row],[Overall PiN with REFUGEES]]*Table6[[#This Row],[% Male adults aged over 60]] -> 2502.5578 | V51: 0.0459 | W51: =Table6[[#This Row],[Overall PiN with REFUGEES]]*Table6[[#This Row],[% Female adults aged over 60]] -> 2047.5473 | X51: 14971.371 | AI51: Baliet | AJ51: =SUM(I51,M51) -> 14609.406 | AK51: =SUM(K51,O51) -> 12646.616 | AL51: =SUM(Table6[[#This Row],[No. of Male adults aged 18 - 60]]) -> 6780.5488 | AM51: =Table6[[#This Row],[No. of Female adults aged 18 - 60]] -> 6022.1979 | AN51: =Table6[[#This Row],[No. of Male adults aged over 60]] -> 2502.5578 | AO51: =Table6[[#This Row],[No. Female adults aged over 60]] -> 2047.5473 | AP51: =SUM(AJ51:AO51) -> 44608.873
A52: Upper Nile | B52: Fashoda | C52: 4 | D52: 1 | E52: 2639 | F52: 85903.872 | G52: =Table6[[#This Row],[Overall PiN]]+Table6[[#This Row],[Refugees]] -> 88542.872 | H52: 0.103 | I52: =Table6[[#This Row],[Overall PiN with REFUGEES]]*Table6[[#This Row],[% Male children under 5]] -> 9119.9159 | J52: 0.086 | K52: =Table6[[#This Row],[Overall PiN with REFUGEES]]*Table6[[#This Row],[% Female children under 5]] -> 7614.687 | L52: 0.192 | M52: =Table6[[#This Row],[Overall PiN with REFUGEES]]*Table6[[#This Row],[% Male children aged 5 - 17 years]] -> 17000.231 | N52: 0.164 | O52: =Table6[[#This Row],[Overall PiN with REFUGEES]]*Table6[[#This Row],[% Female children aged 5 - 17 years]] -> 14521.031 | P52: 0.124 | Q52: =Table6[[#This Row],[Overall PiN with REFUGEES]]*Table6[[#This Row],[% Male adults aged 18 - 60]] -> 10979.316 | R52: 0.174 | S52: =Table6[[#This Row],[Overall PiN with REFUGEES]]*Table6[[#This Row],[% Female adults aged 18 - 60]] -> 15406.46 | T52: 0.05 | U52: =Table6[[#This Row],[Overall PiN with REFUGEES]]*Table6[[#This Row],[% Male adults aged over 60]] -> 4427.1436 | V52: 0.107 | W52: =Table6[[#This Row],[Overall PiN with REFUGEES]]*Table6[[#This Row],[% Female adults aged over 60]] -> 9474.0873 | X52: 9917.9556 | AI52: Fashoda | AJ52: =SUM(I52,M52) -> 26120.147 | AK52: =SUM(K52,O52) -> 22135.718 | AL52: =SUM(Table6[[#This Row],[No. of Male adults aged 18 - 60]]) -> 10979.316 | AM52: =Table6[[#This Row],[No. of Female adults aged 18 - 60]] -> 15406.46 | AN52: =Table6[[#This Row],[No. of Male adults aged over 60]] -> 4427.1436 | AO52: =Table6[[#This Row],[No. Female adults aged over 60]] -> 9474.0873 | AP52: =SUM(AJ52:AO52) -> 88542.872
A53: Upper Nile | B53: Longochuk | C53: 4 | D53: 2 | F53: 64387.421 | G53: =Table6[[#This Row],[Overall PiN]]+Table6[[#This Row],[Refugees]] -> 64387.421 | H53: 0.118 | I53: =Table6[[#This Row],[Overall PiN with REFUGEES]]*Table6[[#This Row],[% Male children under 5]] -> 7597.7156 | J53: 0.0842 | K53: =Table6[[#This Row],[Overall PiN with REFUGEES]]*Table6[[#This Row],[% Female children under 5]] -> 5421.4208 | L53: 0.1745 | M53: =Table6[[#This Row],[Overall PiN with REFUGEES]]*Table6[[#This Row],[% Male children aged 5 - 17 years]] -> 11235.605 | N53: 0.176 | O53: =Table6[[#This Row],[Overall PiN with REFUGEES]]*Table6[[#This Row],[% Female children aged 5 - 17 years]] -> 11332.186 | P53: 0.179 | Q53: =Table6[[#This Row],[Overall PiN with REFUGEES]]*Table6[[#This Row],[% Male adults aged 18 - 60]] -> 11525.348 | R53: 0.209 | S53: =Table6[[#This Row],[Overall PiN with REFUGEES]]*Table6[[#This Row],[% Female adults aged 18 - 60]] -> 13456.971 | T53: 0.022 | U53: =Table6[[#This Row],[Overall PiN with REFUGEES]]*Table6[[#This Row],[% Male adults aged over 60]] -> 1416.5233 | V53: 0.0373 | W53: =Table6[[#This Row],[Overall PiN with REFUGEES]]*Table6[[#This Row],[% Female adults aged over 60]] -> 2401.6508 | X53: 10593.244 | AI53: Longochuk | AJ53: =SUM(I53,M53) -> 18833.321 | AK53: =SUM(K53,O53) -> 16753.607 | AL53: =SUM(Table6[[#This Row],[No. of Male adults aged 18 - 60]]) -> 11525.348 | AM53: =Table6[[#This Row],[No. of Female adults aged 18 - 60]] -> 13456.971 | AN53: =Table6[[#This Row],[No. of Male adults aged over 60]] -> 1416.5233 | AO53: =Table6[[#This Row],[No. Female adults aged over 60]] -> 2401.6508 | AP53: =SUM(AJ53:AO53) -> 64387.421
A54: Upper Nile | B54: Luakpiny/Nasir | C54: 5 | D54: 1 | F54: 263736.31 | G54: =Table6[[#This Row],[Overall PiN]]+Table6[[#This Row],[Refugees]] -> 263736.31 | H54: 0.113 | I54: =Table6[[#This Row],[Overall PiN with REFUGEES]]*Table6[[#This Row],[% Male children under 5]] -> 29802.203 | J54: 0.118 | K54: =Table6[[#This Row],[Overall PiN with REFUGEES]]*Table6[[#This Row],[% Female children under 5]] -> 31120.884 | L54: 0.1655 | M54: =Table6[[#This Row],[Overall PiN with REFUGEES]]*Table6[[#This Row],[% Male children aged 5 - 17 years]] -> 43648.359 | N54: 0.183 | O54: =Table6[[#This Row],[Overall PiN with REFUGEES]]*Table6[[#This Row],[% Female children aged 5 - 17 years]] -> 48263.745 | P54: 0.162 | Q54: =Table6[[#This Row],[Overall PiN with REFUGEES]]*Table6[[#This Row],[% Male adults aged 18 - 60]] -> 42725.282 | R54: 0.19 | S54: =Table6[[#This Row],[Overall PiN with REFUGEES]]*Table6[[#This Row],[% Female adults aged 18 - 60]] -> 50109.899 | T54: 0.0302 | U54: =Table6[[#This Row],[Overall PiN with REFUGEES]]*Table6[[#This Row],[% Male adults aged over 60]] -> 7964.8365 | V54: 0.0383 | W54: =Table6[[#This Row],[Overall PiN with REFUGEES]]*Table6[[#This Row],[% Female adults aged over 60]] -> 10101.101 | X54: 37890.3 | AI54: Luakpiny/Nasir | AJ54: =SUM(I54,M54) -> 73450.562 | AK54: =SUM(K54,O54) -> 79384.629 | AL54: =SUM(Table6[[#This Row],[No. of Male adults aged 18 - 60]]) -> 42725.282 | AM54: =Table6[[#This Row],[No. of Female adults aged 18 - 60]] -> 50109.899 | AN54: =Table6[[#This Row],[No. of Male adults aged over 60]] -> 7964.8365 | AO54: =Table6[[#This Row],[No. Female adults aged over 60]] -> 10101.101 | AP54: =SUM(AJ54:AO54) -> 263736.31
A55: Upper Nile | B55: Maban | C55: 4 | D55: 1 | E55: 303193 | F55: 65513.742 | G55: =Table6[[#This Row],[Overall PiN]]+Table6[[#This Row],[Refugees]] -> 368706.74 | H55: 0.0804 | I55: =Table6[[#This Row],[Overall PiN with REFUGEES]]*Table6[[#This Row],[% Male children under 5]] -> 29644.022 | J55: 0.0849 | K55: =Table6[[#This Row],[Overall PiN with REFUGEES]]*Table6[[#This Row],[% Female children under 5]] -> 31303.202 | L55: 0.204 | M55: =Table6[[#This Row],[Overall PiN with REFUGEES]]*Table6[[#This Row],[% Male children aged 5 - 17 years]] -> 75216.175 | N55: 0.2075 | O55: =Table6[[#This Row],[Overall PiN with REFUGEES]]*Table6[[#This Row],[% Female children aged 5 - 17 years]] -> 76506.649 | P55: 0.189 | Q55: =Table6[[#This Row],[Overall PiN with REFUGEES]]*Table6[[#This Row],[% Male adults aged 18 - 60]] -> 69685.574 | R55: 0.171 | S55: =Table6[[#This Row],[Overall PiN with REFUGEES]]*Table6[[#This Row],[% Female adults aged 18 - 60]] -> 63048.853 | T55: 0.0265 | U55: =Table6[[#This Row],[Overall PiN with REFUGEES]]*Table6[[#This Row],[% Male adults aged over 60]] -> 9770.7287 | V55: 0.0367 | W55: =Table6[[#This Row],[Overall PiN with REFUGEES]]*Table6[[#This Row],[% Female adults aged over 60]] -> 13531.537 | X55: 9857.1 | AI55: Maban | AJ55: =SUM(I55,M55) -> 104860.2 | AK55: =SUM(K55,O55) -> 107809.85 | AL55: =SUM(Table6[[#This Row],[No. of Male adults aged 18 - 60]]) -> 69685.574 | AM55: =Table6[[#This Row],[No. of Female adults aged 18 - 60]] -> 63048.853 | AN55: =Table6[[#This Row],[No. of Male adults aged over 60]] -> 9770.7287 | AO55: =Table6[[#This Row],[No. Female adults aged over 60]] -> 13531.537 | AP55: =SUM(AJ55:AO55) -> 368706.74
A56: Upper Nile | B56: Maiwut | C56: 3 | D56: 4 | F56: 96445.735 | G56: =Table6[[#This Row],[Overall PiN]]+Table6[[#This Row],[Refugees]] -> 96445.735 | H56: 0.14 | I56: =Table6[[#This Row],[Overall PiN with REFUGEES]]*Table6[[#This Row],[% Male children under 5]] -> 13502.403 | J56: 0.0981 | K56: =Table6[[#This Row],[Overall PiN with REFUGEES]]*Table6[[#This Row],[% Female children under 5]] -> 9461.3266 | L56: 0.1781 | M56: =Table6[[#This Row],[Overall PiN with REFUGEES]]*Table6[[#This Row],[% Male children aged 5 - 17 years]] -> 17176.985 | N56: 0.129 | O56: =Table6[[#This Row],[Overall PiN with REFUGEES]]*Table6[[#This Row],[% Female children aged 5 - 17 years]] -> 12441.5 | P56: 0.183 | Q56: =Table6[[#This Row],[Overall PiN with REFUGEES]]*Table6[[#This Row],[% Male adults aged 18 - 60]] -> 17649.569 | R56: 0.192 | S56: =Table6[[#This Row],[Overall PiN with REFUGEES]]*Table6[[#This Row],[% Female adults aged 18 - 60]] -> 18517.581 | T56: 0.0314 | U56: =Table6[[#This Row],[Overall PiN with REFUGEES]]*Table6[[#This Row],[% Male adults aged over 60]] -> 3028.3961 | V56: 0.0484 | W56: =Table6[[#This Row],[Overall PiN with REFUGEES]]*Table6[[#This Row],[% Female adults aged over 60]] -> 4667.9736 | X56: 60332.4 | AI56: Maiwut | AJ56: =SUM(I56,M56) -> 30679.388 | AK56: =SUM(K56,O56) -> 21902.826 | AL56: =SUM(Table6[[#This Row],[No. of Male adults aged 18 - 60]]) -> 17649.569 | AM56: =Table6[[#This Row],[No. of Female adults aged 18 - 60]] -> 18517.581 | AN56: =Table6[[#This Row],[No. of Male adults aged over 60]] -> 3028.3961 | AO56: =Table6[[#This Row],[No. Female adults aged over 60]] -> 4667.9736 | AP56: =SUM(AJ56:AO56) -> 96445.735
A57: Upper Nile | B57: Malakal | C57: 4 | D57: 1 | F57: 199413.4 | G57: =Table6[[#This Row],[Overall PiN]]+Table6[[#This Row],[Refugees]] -> 199413.4 | H57: 0.0418 | I57: =Table6[[#This Row],[Overall PiN with REFUGEES]]*Table6[[#This Row],[% Male children under 5]] -> 8335.48 | J57: 0.031 | K57: =Table6[[#This Row],[Overall PiN with REFUGEES]]*Table6[[#This Row],[% Female children under 5]] -> 6181.8153 | L57: 0.0918 | M57: =Table6[[#This Row],[Overall PiN with REFUGEES]]*Table6[[#This Row],[% Male children aged 5 - 17 years]] -> 18306.15 | N57: 0.0674 | O57: =Table6[[#This Row],[Overall PiN with REFUGEES]]*Table6[[#This Row],[% Female children aged 5 - 17 years]] -> 13440.463 | P57: 0.3 | Q57: =Table6[[#This Row],[Overall PiN with REFUGEES]]*Table6[[#This Row],[% Male adults aged 18 - 60]] -> 59824.019 | R57: 0.255 | S57: =Table6[[#This Row],[Overall PiN with REFUGEES]]*Table6[[#This Row],[% Female adults aged 18 - 60]] -> 50850.416 | T57: 0.162 | U57: =Table6[[#This Row],[Overall PiN with REFUGEES]]*Table6[[#This Row],[% Male adults aged over 60]] -> 32304.97 | V57: 0.051 | W57: =Table6[[#This Row],[Overall PiN with REFUGEES]]*Table6[[#This Row],[% Female adults aged over 60]] -> 10170.083 | X57: 24789.51 | AI57: Malakal | AJ57: =SUM(I57,M57) -> 26641.63 | AK57: =SUM(K57,O57) -> 19622.278 | AL57: =SUM(Table6[[#This Row],[No. of Male adults aged 18 - 60]]) -> 59824.019 | AM57: =Table6[[#This Row],[No. of Female adults aged 18 - 60]] -> 50850.416 | AN57: =Table6[[#This Row],[No. of Male adults aged over 60]] -> 32304.97 | AO57: =Table6[[#This Row],[No. Female adults aged over 60]] -> 10170.083 | AP57: =SUM(AJ57:AO57) -> 199413.4
A58: Upper Nile | B58: Manyo | C58: 3 | D58: 3 | F58: 84339.043 | G58: =Table6[[#This Row],[Overall PiN]]+Table6[[#This Row],[Refugees]] -> 84339.043 | H58: 0.103 | I58: =Table6[[#This Row],[Overall PiN with REFUGEES]]*Table6[[#This Row],[% Male children under 5]] -> 8686.9215 | J58: 0.0963 | K58: =Table6[[#This Row],[Overall PiN with REFUGEES]]*Table6[[#This Row],[% Female children under 5]] -> 8121.8499 | L58: 0.105 | M58: =Table6[[#This Row],[Overall PiN with REFUGEES]]*Table6[[#This Row],[% Male children aged 5 - 17 years]] -> 8855.5996 | N58: 0.111 | O58: =Table6[[#This Row],[Overall PiN with REFUGEES]]*Table6[[#This Row],[% Female children aged 5 - 17 years]] -> 9361.6338 | P58: 0.2685 | Q58: =Table6[[#This Row],[Overall PiN with REFUGEES]]*Table6[[#This Row],[% Male adults aged 18 - 60]] -> 22645.033 | R58: 0.246 | S58: =Table6[[#This Row],[Overall PiN with REFUGEES]]*Table6[[#This Row],[% Female adults aged 18 - 60]] -> 20747.405 | T58: 0.0354 | U58: =Table6[[#This Row],[Overall PiN with REFUGEES]]*Table6[[#This Row],[% Male adults aged over 60]] -> 2985.6021 | V58: 0.0348 | W58: =Table6[[#This Row],[Overall PiN with REFUGEES]]*Table6[[#This Row],[% Female adults aged over 60]] -> 2934.9987 | X58: 11661.958 | AI58: Manyo | AJ58: =SUM(I58,M58) -> 17542.521 | AK58: =SUM(K58,O58) -> 17483.484 | AL58: =SUM(Table6[[#This Row],[No. of Male adults aged 18 - 60]]) -> 22645.033 | AM58: =Table6[[#This Row],[No. of Female adults aged 18 - 60]] -> 20747.405 | AN58: =Table6[[#This Row],[No. of Male adults aged over 60]] -> 2985.6021 | AO58: =Table6[[#This Row],[No. Female adults aged over 60]] -> 2934.9987 | AP58: =SUM(AJ58:AO58) -> 84339.043
A59: Upper Nile | B59: Melut | C59: 3 | D59: 4 | F59: 85205.451 | G59: =Table6[[#This Row],[Overall PiN]]+Table6[[#This Row],[Refugees]] -> 85205.451 | H59: 0.103 | I59: =Table6[[#This Row],[Overall PiN with REFUGEES]]*Table6[[#This Row],[% Male children under 5]] -> 8776.1614 | J59: 0.104 | K59: =Table6[[#This Row],[Overall PiN with REFUGEES]]*Table6[[#This Row],[% Female children under 5]] -> 8861.3669 | L59: 0.222 | M59: =Table6[[#This Row],[Overall PiN with REFUGEES]]*Table6[[#This Row],[% Male children aged 5 - 17 years]] -> 18915.61 | N59: 0.1887 | O59: =Table6[[#This Row],[Overall PiN with REFUGEES]]*Table6[[#This Row],[% Female children aged 5 - 17 years]] -> 16078.269 | P59: 0.166 | Q59: =Table6[[#This Row],[Overall PiN with REFUGEES]]*Table6[[#This Row],[% Male adults aged 18 - 60]] -> 14144.105 | R59: 0.175 | S59: =Table6[[#This Row],[Overall PiN with REFUGEES]]*Table6[[#This Row],[% Female adults aged 18 - 60]] -> 14910.954 | T59: 0.0114 | U59: =Table6[[#This Row],[Overall PiN with REFUGEES]]*Table6[[#This Row],[% Male adults aged over 60]] -> 971.34214 | V59: 0.0299 | W59: =Table6[[#This Row],[Overall PiN with REFUGEES]]*Table6[[#This Row],[% Female adults aged over 60]] -> 2547.643 | X59: 11484.549 | AI59: Melut | AJ59: =SUM(I59,M59) -> 27691.772 | AK59: =SUM(K59,O59) -> 24939.635 | AL59: =SUM(Table6[[#This Row],[No. of Male adults aged 18 - 60]]) -> 14144.105 | AM59: =Table6[[#This Row],[No. of Female adults aged 18 - 60]] -> 14910.954 | AN59: =Table6[[#This Row],[No. of Male adults aged over 60]] -> 971.34214 | AO59: =Table6[[#This Row],[No. Female adults aged over 60]] -> 2547.643 | AP59: =SUM(AJ59:AO59) -> 85205.451
A60: Upper Nile | B60: Panyikang | C60: 4 | D60: 2 | F60: 58626.338 | G60: =Table6[[#This Row],[Overall PiN]]+Table6[[#This Row],[Refugees]] -> 58626.338 | H60: 0.0333 | I60: =Table6[[#This Row],[Overall PiN with REFUGEES]]*Table6[[#This Row],[% Male children under 5]] -> 1952.257 | J60: 0.0303 | K60: =Table6[[#This Row],[Overall PiN with REFUGEES]]*Table6[[#This Row],[% Female children under 5]] -> 1776.378 | L60: 0.1073 | M60: =Table6[[#This Row],[Overall PiN with REFUGEES]]*Table6[[#This Row],[% Male children aged 5 - 17 years]] -> 6290.606 | N60: 0.0661 | O60: =Table6[[#This Row],[Overall PiN with REFUGEES]]*Table6[[#This Row],[% Female children aged 5 - 17 years]] -> 3875.2009 | P60: 0.294 | Q60: =Table6[[#This Row],[Overall PiN with REFUGEES]]*Table6[[#This Row],[% Male adults aged 18 - 60]] -> 17236.143 | R60: 0.195 | S60: =Table6[[#This Row],[Overall PiN with REFUGEES]]*Table6[[#This Row],[% Female adults aged 18 - 60]] -> 11432.136 | T60: 0.147 | U60: =Table6[[#This Row],[Overall PiN with REFUGEES]]*Table6[[#This Row],[% Male adults aged over 60]] -> 8618.0716 | V60: 0.127 | W60: =Table6[[#This Row],[Overall PiN with REFUGEES]]*Table6[[#This Row],[% Female adults aged over 60]] -> 7445.5449 | X60: 8201.807 | AI60: Panyikang | AJ60: =SUM(I60,M60) -> 8242.8631 | AK60: =SUM(K60,O60) -> 5651.5789 | AL60: =SUM(Table6[[#This Row],[No. of Male adults aged 18 - 60]]) -> 17236.143 | AM60: =Table6[[#This Row],[No. of Female adults aged 18 - 60]] -> 11432.136 | AN60: =Table6[[#This Row],[No. of Male adults aged over 60]] -> 8618.0716 | AO60: =Table6[[#This Row],[No. Female adults aged over 60]] -> 7445.5449 | AP60: =SUM(AJ60:AO60) -> 58626.338
A61: Upper Nile | B61: Renk | C61: 4 | D61: 1 | E61: 96477 | F61: 380493.05 | G61: =Table6[[#This Row],[Overall PiN]]+Table6[[#This Row],[Refugees]] -> 476970.05 | H61: 0.0961 | I61: =Table6[[#This Row],[Overall PiN with REFUGEES]]*Table6[[#This Row],[% Male children under 5]] -> 45836.822 | J61: 0.0806 | K61: =Table6[[#This Row],[Overall PiN with REFUGEES]]*Table6[[#This Row],[% Female children under 5]] -> 38443.786 | L61: 0.227 | M61: =Table6[[#This Row],[Overall PiN with REFUGEES]]*Table6[[#This Row],[% Male children aged 5 - 17 years]] -> 108272.2 | N61: 0.18 | O61: =Table6[[#This Row],[Overall PiN with REFUGEES]]*Table6[[#This Row],[% Female children aged 5 - 17 years]] -> 85854.609 | P61: 0.1718 | Q61: =Table6[[#This Row],[Overall PiN with REFUGEES]]*Table6[[#This Row],[% Male adults aged 18 - 60]] -> 81943.455 | R61: 0.174 | S61: =Table6[[#This Row],[Overall PiN with REFUGEES]]*Table6[[#This Row],[% Female adults aged 18 - 60]] -> 82992.789 | T61: 0.035 | U61: =Table6[[#This Row],[Overall PiN with REFUGEES]]*Table6[[#This Row],[% Male adults aged over 60]] -> 16693.952 | V61: 0.0355 | W61: =Table6[[#This Row],[Overall PiN with REFUGEES]]*Table6[[#This Row],[% Female adults aged over 60]] -> 16932.437 | X61: 40716.441 | AI61: Renk | AJ61: =SUM(I61,M61) -> 154109.02 | AK61: =SUM(K61,O61) -> 124298.4 | AL61: =SUM(Table6[[#This Row],[No. of Male adults aged 18 - 60]]) -> 81943.455 | AM61: =Table6[[#This Row],[No. of Female adults aged 18 - 60]] -> 82992.789 | AN61: =Table6[[#This Row],[No. of Male adults aged over 60]] -> 16693.952 | AO61: =Table6[[#This Row],[No. Female adults aged over 60]] -> 16932.437 | AP61: =SUM(AJ61:AO61) -> 476970.05
A62: Upper Nile | B62: Ulang | C62: 5 | D62: 1 | F62: 117286.74 | G62: =Table6[[#This Row],[Overall PiN]]+Table6[[#This Row],[Refugees]] -> 117286.74 | H62: 0.0787 | I62: =Table6[[#This Row],[Overall PiN with REFUGEES]]*Table6[[#This Row],[% Male children under 5]] -> 9230.4666 | J62: 0.0645 | K62: =Table6[[#This Row],[Overall PiN with REFUGEES]]*Table6[[#This Row],[% Female children under 5]] -> 7564.9949 | L62: 0.173 | M62: =Table6[[#This Row],[Overall PiN with REFUGEES]]*Table6[[#This Row],[% Male children aged 5 - 17 years]] -> 20290.606 | N62: 0.197 | O62: =Table6[[#This Row],[Overall PiN with REFUGEES]]*Table6[[#This Row],[% Female children aged 5 - 17 years]] -> 23105.488 | P62: 0.1939 | Q62: =Table6[[#This Row],[Overall PiN with REFUGEES]]*Table6[[#This Row],[% Male adults aged 18 - 60]] -> 22741.899 | R62: 0.208 | S62: =Table6[[#This Row],[Overall PiN with REFUGEES]]*Table6[[#This Row],[% Female adults aged 18 - 60]] -> 24395.642 | T62: 0.0336 | U62: =Table6[[#This Row],[Overall PiN with REFUGEES]]*Table6[[#This Row],[% Male adults aged over 60]] -> 3940.8345 | V62: 0.0513 | W62: =Table6[[#This Row],[Overall PiN with REFUGEES]]*Table6[[#This Row],[% Female adults aged over 60]] -> 6016.8099 | X62: 18245.1 | AI62: Ulang | AJ62: =SUM(I62,M62) -> 29521.073 | AK62: =SUM(K62,O62) -> 30670.483 | AL62: =SUM(Table6[[#This Row],[No. of Male adults aged 18 - 60]]) -> 22741.899 | AM62: =Table6[[#This Row],[No. of Female adults aged 18 - 60]] -> 24395.642 | AN62: =Table6[[#This Row],[No. of Male adults aged over 60]] -> 3940.8345 | AO62: =Table6[[#This Row],[No. Female adults aged over 60]] -> 6016.8099 | AP62: =SUM(AJ62:AO62) -> 117286.74
A63: Warrap | B63: Gogrial East | C63: 3 | D63: 3 | E63: 1089 | F63: 77980.509 | G63: =Table6[[#This Row],[Overall PiN]]+Table6[[#This Row],[Refugees]] -> 79069.509 | H63: 0.0914 | I63: =Table6[[#This Row],[Overall PiN with REFUGEES]]*Table6[[#This Row],[% Male children under 5]] -> 7226.9531 | J63: 0.091 | K63: =Table6[[#This Row],[Overall PiN with REFUGEES]]*Table6[[#This Row],[% Female children under 5]] -> 7195.3253 | L63: 0.194 | M63: =Table6[[#This Row],[Overall PiN with REFUGEES]]*Table6[[#This Row],[% Male children aged 5 - 17 years]] -> 15339.485 | N63: 0.1824 | O63: =Table6[[#This Row],[Overall PiN with REFUGEES]]*Table6[[#This Row],[% Female children aged 5 - 17 years]] -> 14422.278 | P63: 0.191 | Q63: =Table6[[#This Row],[Overall PiN with REFUGEES]]*Table6[[#This Row],[% Male adults aged 18 - 60]] -> 15102.276 | R63: 0.168 | S63: =Table6[[#This Row],[Overall PiN with REFUGEES]]*Table6[[#This Row],[% Female adults aged 18 - 60]] -> 13283.677 | T63: 0.0357 | U63: =Table6[[#This Row],[Overall PiN with REFUGEES]]*Table6[[#This Row],[% Male adults aged over 60]] -> 2822.7815 | V63: 0.0465 | W63: =Table6[[#This Row],[Overall PiN with REFUGEES]]*Table6[[#This Row],[% Female adults aged over 60]] -> 3676.7322 | X63: 14503.95 | AI63: Gogrial East | AJ63: =SUM(I63,M63) -> 22566.438 | AK63: =SUM(K63,O63) -> 21617.604 | AL63: =SUM(Table6[[#This Row],[No. of Male adults aged 18 - 60]]) -> 15102.276 | AM63: =Table6[[#This Row],[No. of Female adults aged 18 - 60]] -> 13283.677 | AN63: =Table6[[#This Row],[No. of Male adults aged over 60]] -> 2822.7815 | AO63: =Table6[[#This Row],[No. Female adults aged over 60]] -> 3676.7322 | AP63: =SUM(AJ63:AO63) -> 79069.509
A64: Warrap | B64: Gogrial West | C64: 3 | D64: 3 | F64: 175356.48 | G64: =Table6[[#This Row],[Overall PiN]]+Table6[[#This Row],[Refugees]] -> 175356.48 | H64: 0.0839 | I64: =Table6[[#This Row],[Overall PiN with REFUGEES]]*Table6[[#This Row],[% Male children under 5]] -> 14712.409 | J64: 0.067 | K64: =Table6[[#This Row],[Overall PiN with REFUGEES]]*Table6[[#This Row],[% Female children under 5]] -> 11748.884 | L64: 0.2181 | M64: =Table6[[#This Row],[Overall PiN with REFUGEES]]*Table6[[#This Row],[% Male children aged 5 - 17 years]] -> 38245.249 | N64: 0.189 | O64: =Table6[[#This Row],[Overall PiN with REFUGEES]]*Table6[[#This Row],[% Female children aged 5 - 17 years]] -> 33142.376 | P64: 0.193 | Q64: =Table6[[#This Row],[Overall PiN with REFUGEES]]*Table6[[#This Row],[% Male adults aged 18 - 60]] -> 33843.802 | R64: 0.184 | S64: =Table6[[#This Row],[Overall PiN with REFUGEES]]*Table6[[#This Row],[% Female adults aged 18 - 60]] -> 32265.593 | T64: 0.0222 | U64: =Table6[[#This Row],[Overall PiN with REFUGEES]]*Table6[[#This Row],[% Male adults aged over 60]] -> 3892.914 | V64: 0.0428 | W64: =Table6[[#This Row],[Overall PiN with REFUGEES]]*Table6[[#This Row],[% Female adults aged over 60]] -> 7505.2575 | X64: 31624.269 | AI64: Gogrial West | AJ64: =SUM(I64,M64) -> 52957.658 | AK64: =SUM(K64,O64) -> 44891.26 | AL64: =SUM(Table6[[#This Row],[No. of Male adults aged 18 - 60]]) -> 33843.802 | AM64: =Table6[[#This Row],[No. of Female adults aged 18 - 60]] -> 32265.593 | AN64: =Table6[[#This Row],[No. of Male adults aged over 60]] -> 3892.914 | AO64: =Table6[[#This Row],[No. Female adults aged over 60]] -> 7505.2575 | AP64: =SUM(AJ64:AO64) -> 175356.48
A65: Warrap | B65: Tonj East | C65: 4 | D65: 2 | F65: 124761.75 | G65: =Table6[[#This Row],[Overall PiN]]+Table6[[#This Row],[Refugees]] -> 124761.75 | H65: 0.0812 | I65: =Table6[[#This Row],[Overall PiN with REFUGEES]]*Table6[[#This Row],[% Male children under 5]] -> 10130.654 | J65: 0.0798 | K65: =Table6[[#This Row],[Overall PiN with REFUGEES]]*Table6[[#This Row],[% Female children under 5]] -> 9955.9874 | L65: 0.2124 | M65: =Table6[[#This Row],[Overall PiN with REFUGEES]]*Table6[[#This Row],[% Male children aged 5 - 17 years]] -> 26499.395 | N65: 0.195 | O65: =Table6[[#This Row],[Overall PiN with REFUGEES]]*Table6[[#This Row],[% Female children aged 5 - 17 years]] -> 24328.541 | P65: 0.21 | Q65: =Table6[[#This Row],[Overall PiN with REFUGEES]]*Table6[[#This Row],[% Male adults aged 18 - 60]] -> 26199.967 | R65: 0.153 | S65: =Table6[[#This Row],[Overall PiN with REFUGEES]]*Table6[[#This Row],[% Female adults aged 18 - 60]] -> 19088.547 | T65: 0.0461 | U65: =Table6[[#This Row],[Overall PiN with REFUGEES]]*Table6[[#This Row],[% Male adults aged over 60]] -> 5751.5165 | V65: 0.0225 | W65: =Table6[[#This Row],[Overall PiN with REFUGEES]]*Table6[[#This Row],[% Female adults aged over 60]] -> 2807.1393 | X65: 21587.777 | AI65: Tonj East | AJ65: =SUM(I65,M65) -> 36630.049 | AK65: =SUM(K65,O65) -> 34284.528 | AL65: =SUM(Table6[[#This Row],[No. of Male adults aged 18 - 60]]) -> 26199.967 | AM65: =Table6[[#This Row],[No. of Female adults aged 18 - 60]] -> 19088.547 | AN65: =Table6[[#This Row],[No. of Male adults aged over 60]] -> 5751.5165 | AO65: =Table6[[#This Row],[No. Female adults aged over 60]] -> 2807.1393 | AP65: =SUM(AJ65:AO65) -> 124761.75
A66: Warrap | B66: Tonj North | C66: 3 | D66: 3 | F66: 143843.93 | G66: =Table6[[#This Row],[Overall PiN]]+Table6[[#This Row],[Refugees]] -> 143843.93 | H66: 0.0758 | I66: =Table6[[#This Row],[Overall PiN with REFUGEES]]*Table6[[#This Row],[% Male children under 5]] -> 10903.37 | J66: 0.0839 | K66: =Table6[[#This Row],[Overall PiN with REFUGEES]]*Table6[[#This Row],[% Female children under 5]] -> 12068.506 | L66: 0.181 | M66: =Table6[[#This Row],[Overall PiN with REFUGEES]]*Table6[[#This Row],[% Male children aged 5 - 17 years]] -> 26035.752 | N66: 0.173 | O66: =Table6[[#This Row],[Overall PiN with REFUGEES]]*Table6[[#This Row],[% Female children aged 5 - 17 years]] -> 24885 | P66: 0.184 | Q66: =Table6[[#This Row],[Overall PiN with REFUGEES]]*Table6[[#This Row],[% Male adults aged 18 - 60]] -> 26467.283 | R66: 0.184 | S66: =Table6[[#This Row],[Overall PiN with REFUGEES]]*Table6[[#This Row],[% Female adults aged 18 - 60]] -> 26467.283 | T66: 0.0491 | U66: =Table6[[#This Row],[Overall PiN with REFUGEES]]*Table6[[#This Row],[% Male adults aged over 60]] -> 7062.7371 | V66: 0.0692 | W66: =Table6[[#This Row],[Overall PiN with REFUGEES]]*Table6[[#This Row],[% Female adults aged over 60]] -> 9954.0001 | X66: 22667.617 | AI66: Tonj North | AJ66: =SUM(I66,M66) -> 36939.122 | AK66: =SUM(K66,O66) -> 36953.506 | AL66: =SUM(Table6[[#This Row],[No. of Male adults aged 18 - 60]]) -> 26467.283 | AM66: =Table6[[#This Row],[No. of Female adults aged 18 - 60]] -> 26467.283 | AN66: =Table6[[#This Row],[No. of Male adults aged over 60]] -> 7062.7371 | AO66: =Table6[[#This Row],[No. Female adults aged over 60]] -> 9954.0001 | AP66: =SUM(AJ66:AO66) -> 143843.93
A67: Warrap | B67: Tonj South | C67: 3 | D67: 4 | F67: 78098.241 | G67: =Table6[[#This Row],[Overall PiN]]+Table6[[#This Row],[Refugees]] -> 78098.241 | H67: 0.0697 | I67: =Table6[[#This Row],[Overall PiN with REFUGEES]]*Table6[[#This Row],[% Male children under 5]] -> 5443.4474 | J67: 0.0825 | K67: =Table6[[#This Row],[Overall PiN with REFUGEES]]*Table6[[#This Row],[% Female children under 5]] -> 6443.1049 | L67: 0.185 | M67: =Table6[[#This Row],[Overall PiN with REFUGEES]]*Table6[[#This Row],[% Male children aged 5 - 17 years]] -> 14448.175 | N67: 0.1985 | O67: =Table6[[#This Row],[Overall PiN with REFUGEES]]*Table6[[#This Row],[% Female children aged 5 - 17 years]] -> 15502.501 | P67: 0.209 | Q67: =Table6[[#This Row],[Overall PiN with REFUGEES]]*Table6[[#This Row],[% Male adults aged 18 - 60]] -> 16322.532 | R67: 0.185 | S67: =Table6[[#This Row],[Overall PiN with REFUGEES]]*Table6[[#This Row],[% Female adults aged 18 - 60]] -> 14448.175 | T67: 0.0514 | U67: =Table6[[#This Row],[Overall PiN with REFUGEES]]*Table6[[#This Row],[% Male adults aged over 60]] -> 4014.2496 | V67: 0.0189 | W67: =Table6[[#This Row],[Overall PiN with REFUGEES]]*Table6[[#This Row],[% Female adults aged over 60]] -> 1476.0568 | X67: 8483.7113 | AI67: Tonj South | AJ67: =SUM(I67,M67) -> 19891.622 | AK67: =SUM(K67,O67) -> 21945.606 | AL67: =SUM(Table6[[#This Row],[No. of Male adults aged 18 - 60]]) -> 16322.532 | AM67: =Table6[[#This Row],[No. of Female adults aged 18 - 60]] -> 14448.175 | AN67: =Table6[[#This Row],[No. of Male adults aged over 60]] -> 4014.2496 | AO67: =Table6[[#This Row],[No. Female adults aged over 60]] -> 1476.0568 | AP67: =SUM(AJ67:AO67) -> 78098.241
A68: Warrap | B68: Twic | C68: 4 | D68: 1 | E68: 650 | F68: 198416.69 | G68: =Table6[[#This Row],[Overall PiN]]+Table6[[#This Row],[Refugees]] -> 199066.69 | H68: 0.084 | I68: =Table6[[#This Row],[Overall PiN with REFUGEES]]*Table6[[#This Row],[% Male children under 5]] -> 16721.602 | J68: 0.0595 | K68: =Table6[[#This Row],[Overall PiN with REFUGEES]]*Table6[[#This Row],[% Female children under 5]] -> 11844.468 | L68: 0.203 | M68: =Table6[[#This Row],[Overall PiN with REFUGEES]]*Table6[[#This Row],[% Male children aged 5 - 17 years]] -> 40410.537 | N68: 0.219 | O68: =Table6[[#This Row],[Overall PiN with REFUGEES]]*Table6[[#This Row],[% Female children aged 5 - 17 years]] -> 43595.604 | P68: 0.173 | Q68: =Table6[[#This Row],[Overall PiN with REFUGEES]]*Table6[[#This Row],[% Male adults aged 18 - 60]] -> 34438.537 | R68: 0.1908 | S68: =Table6[[#This Row],[Overall PiN with REFUGEES]]*Table6[[#This Row],[% Female adults aged 18 - 60]] -> 37981.924 | T68: 0.0309 | U68: =Table6[[#This Row],[Overall PiN with REFUGEES]]*Table6[[#This Row],[% Male adults aged over 60]] -> 6151.1606 | V68: 0.0398 | W68: =Table6[[#This Row],[Overall PiN with REFUGEES]]*Table6[[#This Row],[% Female adults aged over 60]] -> 7922.8541 | X68: 30202.95 | AI68: Twic | AJ68: =SUM(I68,M68) -> 57132.139 | AK68: =SUM(K68,O68) -> 55440.072 | AL68: =SUM(Table6[[#This Row],[No. of Male adults aged 18 - 60]]) -> 34438.537 | AM68: =Table6[[#This Row],[No. of Female adults aged 18 - 60]] -> 37981.924 | AN68: =Table6[[#This Row],[No. of Male adults aged over 60]] -> 6151.1606 | AO68: =Table6[[#This Row],[No. Female adults aged over 60]] -> 7922.8541 | AP68: =SUM(AJ68:AO68) -> 199066.69
A69: Western Bahr el Ghazal | B69: Jur River | C69: 3 | D69: 4 | F69: 175633.36 | G69: =Table6[[#This Row],[Overall PiN]]+Table6[[#This Row],[Refugees]] -> 175633.36 | H69: 0.0871 | I69: =Table6[[#This Row],[Overall PiN with REFUGEES]]*Table6[[#This Row],[% Male children under 5]] -> 15297.666 | J69: 0.109 | K69: =Table6[[#This Row],[Overall PiN with REFUGEES]]*Table6[[#This Row],[% Female children under 5]] -> 19144.036 | L69: 0.1977 | M69: =Table6[[#This Row],[Overall PiN with REFUGEES]]*Table6[[#This Row],[% Male children aged 5 - 17 years]] -> 34722.716 | N69: 0.197 | O69: =Table6[[#This Row],[Overall PiN with REFUGEES]]*Table6[[#This Row],[% Female children aged 5 - 17 years]] -> 34599.772 | P69: 0.168 | Q69: =Table6[[#This Row],[Overall PiN with REFUGEES]]*Table6[[#This Row],[% Male adults aged 18 - 60]] -> 29506.405 | R69: 0.195 | S69: =Table6[[#This Row],[Overall PiN with REFUGEES]]*Table6[[#This Row],[% Female adults aged 18 - 60]] -> 34248.505 | T69: 0.0216 | U69: =Table6[[#This Row],[Overall PiN with REFUGEES]]*Table6[[#This Row],[% Male adults aged over 60]] -> 3793.6806 | V69: 0.0246 | W69: =Table6[[#This Row],[Overall PiN with REFUGEES]]*Table6[[#This Row],[% Female adults aged over 60]] -> 4320.5807 | X69: 24336.486 | AI69: Jur River | AJ69: =SUM(I69,M69) -> 50020.381 | AK69: =SUM(K69,O69) -> 53743.809 | AL69: =SUM(Table6[[#This Row],[No. of Male adults aged 18 - 60]]) -> 29506.405 | AM69: =Table6[[#This Row],[No. of Female adults aged 18 - 60]] -> 34248.505 | AN69: =Table6[[#This Row],[No. of Male adults aged over 60]] -> 3793.6806 | AO69: =Table6[[#This Row],[No. Female adults aged over 60]] -> 4320.5807 | AP69: =SUM(AJ69:AO69) -> 175633.36
A70: Western Bahr el Ghazal | B70: Raja | C70: 3 | D70: 3 | E70: 9342 | F70: 46836.13 | G70: =Table6[[#This Row],[Overall PiN]]+Table6[[#This Row],[Refugees]] -> 56178.13 | H70: 0.0955 | I70: =Table6[[#This Row],[Overall PiN with REFUGEES]]*Table6[[#This Row],[% Male children under 5]] -> 5365.0114 | J70: 0.0796 | K70: =Table6[[#This Row],[Overall PiN with REFUGEES]]*Table6[[#This Row],[% Female children under 5]] -> 4471.7791 | L70: 0.2025 | M70: =Table6[[#This Row],[Overall PiN with REFUGEES]]*Table6[[#This Row],[% Male children aged 5 - 17 years]] -> 11376.071 | N70: 0.184 | O70: =Table6[[#This Row],[Overall PiN with REFUGEES]]*Table6[[#This Row],[% Female children aged 5 - 17 years]] -> 10336.776 | P70: 0.194 | Q70: =Table6[[#This Row],[Overall PiN with REFUGEES]]*Table6[[#This Row],[% Male adults aged 18 - 60]] -> 10898.557 | R70: 0.193 | S70: =Table6[[#This Row],[Overall PiN with REFUGEES]]*Table6[[#This Row],[% Female adults aged 18 - 60]] -> 10842.379 | T70: 0.0183 | U70: =Table6[[#This Row],[Overall PiN with REFUGEES]]*Table6[[#This Row],[% Male adults aged over 60]] -> 1028.0598 | V70: 0.0331 | W70: =Table6[[#This Row],[Overall PiN with REFUGEES]]*Table6[[#This Row],[% Female adults aged over 60]] -> 1859.4961 | X70: 12187.163 | AI70: Raja | AJ70: =SUM(I70,M70) -> 16741.083 | AK70: =SUM(K70,O70) -> 14808.555 | AL70: =SUM(Table6[[#This Row],[No. of Male adults aged 18 - 60]]) -> 10898.557 | AM70: =Table6[[#This Row],[No. of Female adults aged 18 - 60]] -> 10842.379 | AN70: =Table6[[#This Row],[No. of Male adults aged over 60]] -> 1028.0598 | AO70: =Table6[[#This Row],[No. Female adults aged over 60]] -> 1859.4961 | AP70: =SUM(AJ70:AO70) -> 56178.13
A71: Western Bahr el Ghazal | B71: Wau | C71: 3 | D71: 4 | E71: 13571 | F71: 155737.95 | G71: =Table6[[#This Row],[Overall PiN]]+Table6[[#This Row],[Refugees]] -> 169308.95 | H71: 0.132 | I71: =Table6[[#This Row],[Overall PiN with REFUGEES]]*Table6[[#This Row],[% Male children under 5]] -> 22348.782 | J71: 0.124 | K71: =Table6[[#This Row],[Overall PiN with REFUGEES]]*Table6[[#This Row],[% Female children under 5]] -> 20994.31 | L71: 0.135 | M71: =Table6[[#This Row],[Overall PiN with REFUGEES]]*Table6[[#This Row],[% Male children aged 5 - 17 years]] -> 22856.709 | N71: 0.1762 | O71: =Table6[[#This Row],[Overall PiN with REFUGEES]]*Table6[[#This Row],[% Female children aged 5 - 17 years]] -> 29832.237 | P71: 0.188 | Q71: =Table6[[#This Row],[Overall PiN with REFUGEES]]*Table6[[#This Row],[% Male adults aged 18 - 60]] -> 31830.083 | R71: 0.224 | S71: =Table6[[#This Row],[Overall PiN with REFUGEES]]*Table6[[#This Row],[% Female adults aged 18 - 60]] -> 37925.205 | T71: 0.01286 | U71: =Table6[[#This Row],[Overall PiN with REFUGEES]]*Table6[[#This Row],[% Male adults aged over 60]] -> 2177.3131 | V71: 0.00794 | W71: =Table6[[#This Row],[Overall PiN with REFUGEES]]*Table6[[#This Row],[% Female adults aged over 60]] -> 1344.3131 | X71: 27836.834 | AI71: Wau | AJ71: =SUM(I71,M71) -> 45205.49 | AK71: =SUM(K71,O71) -> 50826.548 | AL71: =SUM(Table6[[#This Row],[No. of Male adults aged 18 - 60]]) -> 31830.083 | AM71: =Table6[[#This Row],[No. of Female adults aged 18 - 60]] -> 37925.205 | AN71: =Table6[[#This Row],[No. of Male adults aged over 60]] -> 2177.3131 | AO71: =Table6[[#This Row],[No. Female adults aged over 60]] -> 1344.3131 | AP71: =SUM(AJ71:AO71) -> 169308.95
A72: Western Equatoria | B72: Ezo | C72: 3 | D72: 3 | E72: 3776 | F72: 89851.347 | G72: =Table6[[#This Row],[Overall PiN]]+Table6[[#This Row],[Refugees]] -> 93627.347 | H72: 0.059 | I72: =Table6[[#This Row],[Overall PiN with REFUGEES]]*Table6[[#This Row],[% Male children under 5]] -> 5524.0134 | J72: 0.0858 | K72: =Table6[[#This Row],[Overall PiN with REFUGEES]]*Table6[[#This Row],[% Female children under 5]] -> 8033.2263 | L72: 0.173 | M72: =Table6[[#This Row],[Overall PiN with REFUGEES]]*Table6[[#This Row],[% Male children aged 5 - 17 years]] -> 16197.531 | N72: 0.1835 | O72: =Table6[[#This Row],[Overall PiN with REFUGEES]]*Table6[[#This Row],[% Female children aged 5 - 17 years]] -> 17180.618 | P72: 0.182 | Q72: =Table6[[#This Row],[Overall PiN with REFUGEES]]*Table6[[#This Row],[% Male adults aged 18 - 60]] -> 17040.177 | R72: 0.229 | S72: =Table6[[#This Row],[Overall PiN with REFUGEES]]*Table6[[#This Row],[% Female adults aged 18 - 60]] -> 21440.662 | T72: 0.0541 | U72: =Table6[[#This Row],[Overall PiN with REFUGEES]]*Table6[[#This Row],[% Male adults aged over 60]] -> 5065.2394 | V72: 0.0336 | W72: =Table6[[#This Row],[Overall PiN with REFUGEES]]*Table6[[#This Row],[% Female adults aged over 60]] -> 3145.8788 | X72: 16681.804 | AI72: Ezo | AJ72: =SUM(I72,M72) -> 21721.544 | AK72: =SUM(K72,O72) -> 25213.844 | AL72: =SUM(Table6[[#This Row],[No. of Male adults aged 18 - 60]]) -> 17040.177 | AM72: =Table6[[#This Row],[No. of Female adults aged 18 - 60]] -> 21440.662 | AN72: =Table6[[#This Row],[No. of Male adults aged over 60]] -> 5065.2394 | AO72: =Table6[[#This Row],[No. Female adults aged over 60]] -> 3145.8788 | AP72: =SUM(AJ72:AO72) -> 93627.347
A73: Western Equatoria | B73: Ibba | C73: 3 | D73: 5 | F73: 47736.474 | G73: =Table6[[#This Row],[Overall PiN]]+Table6[[#This Row],[Refugees]] -> 47736.474 | H73: 0.0886 | I73: =Table6[[#This Row],[Overall PiN with REFUGEES]]*Table6[[#This Row],[% Male children under 5]] -> 4229.4516 | J73: 0.066 | K73: =Table6[[#This Row],[Overall PiN with REFUGEES]]*Table6[[#This Row],[% Female children under 5]] -> 3150.6073 | L73: 0.207 | M73: =Table6[[#This Row],[Overall PiN with REFUGEES]]*Table6[[#This Row],[% Male children aged 5 - 17 years]] -> 9881.4501 | N73: 0.171 | O73: =Table6[[#This Row],[Overall PiN with REFUGEES]]*Table6[[#This Row],[% Female children aged 5 - 17 years]] -> 8162.937 | P73: 0.223 | Q73: =Table6[[#This Row],[Overall PiN with REFUGEES]]*Table6[[#This Row],[% Male adults aged 18 - 60]] -> 10645.234 | R73: 0.205 | S73: =Table6[[#This Row],[Overall PiN with REFUGEES]]*Table6[[#This Row],[% Female adults aged 18 - 60]] -> 9785.9771 | T73: 0.0176 | U73: =Table6[[#This Row],[Overall PiN with REFUGEES]]*Table6[[#This Row],[% Male adults aged over 60]] -> 840.16194 | V73: 0.0218 | W73: =Table6[[#This Row],[Overall PiN with REFUGEES]]*Table6[[#This Row],[% Female adults aged over 60]] -> 1040.6551 | X73: 6715.5956 | AI73: Ibba | AJ73: =SUM(I73,M73) -> 14110.902 | AK73: =SUM(K73,O73) -> 11313.544 | AL73: =SUM(Table6[[#This Row],[No. of Male adults aged 18 - 60]]) -> 10645.234 | AM73: =Table6[[#This Row],[No. of Female adults aged 18 - 60]] -> 9785.9771 | AN73: =Table6[[#This Row],[No. of Male adults aged over 60]] -> 840.16194 | AO73: =Table6[[#This Row],[No. Female adults aged over 60]] -> 1040.6551 | AP73: =SUM(AJ73:AO73) -> 47736.474
A74: Western Equatoria | B74: Maridi | C74: 3 | D74: 5 | E74: 147 | F74: 66799.741 | G74: =Table6[[#This Row],[Overall PiN]]+Table6[[#This Row],[Refugees]] -> 66946.741 | H74: 0.0993 | I74: =Table6[[#This Row],[Overall PiN with REFUGEES]]*Table6[[#This Row],[% Male children under 5]] -> 6647.8114 | J74: 0.0842 | K74: =Table6[[#This Row],[Overall PiN with REFUGEES]]*Table6[[#This Row],[% Female children under 5]] -> 5636.9156 | L74: 0.159 | M74: =Table6[[#This Row],[Overall PiN with REFUGEES]]*Table6[[#This Row],[% Male children aged 5 - 17 years]] -> 10644.532 | N74: 0.1677 | O74: =Table6[[#This Row],[Overall PiN with REFUGEES]]*Table6[[#This Row],[% Female children aged 5 - 17 years]] -> 11226.968 | P74: 0.188 | Q74: =Table6[[#This Row],[Overall PiN with REFUGEES]]*Table6[[#This Row],[% Male adults aged 18 - 60]] -> 12585.987 | R74: 0.239 | S74: =Table6[[#This Row],[Overall PiN with REFUGEES]]*Table6[[#This Row],[% Female adults aged 18 - 60]] -> 16000.271 | T74: 0.0186 | U74: =Table6[[#This Row],[Overall PiN with REFUGEES]]*Table6[[#This Row],[% Male adults aged over 60]] -> 1245.2094 | V74: 0.0442 | W74: =Table6[[#This Row],[Overall PiN with REFUGEES]]*Table6[[#This Row],[% Female adults aged over 60]] -> 2959.046 | X74: 9223.3957 | AI74: Maridi | AJ74: =SUM(I74,M74) -> 17292.343 | AK74: =SUM(K74,O74) -> 16863.884 | AL74: =SUM(Table6[[#This Row],[No. of Male adults aged 18 - 60]]) -> 12585.987 | AM74: =Table6[[#This Row],[No. of Female adults aged 18 - 60]] -> 16000.271 | AN74: =Table6[[#This Row],[No. of Male adults aged over 60]] -> 1245.2094 | AO74: =Table6[[#This Row],[No. Female adults aged over 60]] -> 2959.046 | AP74: =SUM(AJ74:AO74) -> 66946.741
A75: Western Equatoria | B75: Mundri East | C75: 3 | D75: 5 | F75: 55943.221 | G75: =Table6[[#This Row],[Overall PiN]]+Table6[[#This Row],[Refugees]] -> 55943.221 | H75: 0.0988 | I75: =Table6[[#This Row],[Overall PiN with REFUGEES]]*Table6[[#This Row],[% Male children under 5]] -> 5527.1903 | J75: 0.0912 | K75: =Table6[[#This Row],[Overall PiN with REFUGEES]]*Table6[[#This Row],[% Female children under 5]] -> 5102.0218 | L75: 0.1567 | M75: =Table6[[#This Row],[Overall PiN with REFUGEES]]*Table6[[#This Row],[% Male children aged 5 - 17 years]] -> 8766.3028 | N75: 0.124 | O75: =Table6[[#This Row],[Overall PiN with REFUGEES]]*Table6[[#This Row],[% Female children aged 5 - 17 years]] -> 6936.9595 | P75: 0.235 | Q75: =Table6[[#This Row],[Overall PiN with REFUGEES]]*Table6[[#This Row],[% Male adults aged 18 - 60]] -> 13146.657 | R75: 0.228 | S75: =Table6[[#This Row],[Overall PiN with REFUGEES]]*Table6[[#This Row],[% Female adults aged 18 - 60]] -> 12755.054 | T75: 0.0368 | U75: =Table6[[#This Row],[Overall PiN with REFUGEES]]*Table6[[#This Row],[% Male adults aged over 60]] -> 2058.7105 | V75: 0.0295 | W75: =Table6[[#This Row],[Overall PiN with REFUGEES]]*Table6[[#This Row],[% Female adults aged over 60]] -> 1650.325 | X75: 6392.1205 | AI75: Mundri East | AJ75: =SUM(I75,M75) -> 14293.493 | AK75: =SUM(K75,O75) -> 12038.981 | AL75: =SUM(Table6[[#This Row],[No. of Male adults aged 18 - 60]]) -> 13146.657 | AM75: =Table6[[#This Row],[No. of Female adults aged 18 - 60]] -> 12755.054 | AN75: =Table6[[#This Row],[No. of Male adults aged over 60]] -> 2058.7105 | AO75: =Table6[[#This Row],[No. Female adults aged over 60]] -> 1650.325 | AP75: =SUM(AJ75:AO75) -> 55943.221
A76: Western Equatoria | B76: Mundri West | C76: 3 | D76: 5 | F76: 23308.621 | G76: =Table6[[#This Row],[Overall PiN]]+Table6[[#This Row],[Refugees]] -> 23308.621 | H76: 0.0947 | I76: =Table6[[#This Row],[Overall PiN with REFUGEES]]*Table6[[#This Row],[% Male children under 5]] -> 2207.3265 | J76: 0.0908 | K76: =Table6[[#This Row],[Overall PiN with REFUGEES]]*Table6[[#This Row],[% Female children under 5]] -> 2116.4228 | L76: 0.2175 | M76: =Table6[[#This Row],[Overall PiN with REFUGEES]]*Table6[[#This Row],[% Male children aged 5 - 17 years]] -> 5069.6252 | N76: 0.163 | O76: =Table6[[#This Row],[Overall PiN with REFUGEES]]*Table6[[#This Row],[% Female children aged 5 - 17 years]] -> 3799.3053 | P76: 0.1902 | Q76: =Table6[[#This Row],[Overall PiN with REFUGEES]]*Table6[[#This Row],[% Male adults aged 18 - 60]] -> 4433.2998 | R76: 0.205 | S76: =Table6[[#This Row],[Overall PiN with REFUGEES]]*Table6[[#This Row],[% Female adults aged 18 - 60]] -> 4778.2674 | T76: 0.0154 | U76: =Table6[[#This Row],[Overall PiN with REFUGEES]]*Table6[[#This Row],[% Male adults aged over 60]] -> 358.95277 | V76: 0.0234 | W76: =Table6[[#This Row],[Overall PiN with REFUGEES]]*Table6[[#This Row],[% Female adults aged over 60]] -> 545.42174 | X76: 5571.9 | AI76: Mundri West | AJ76: =SUM(I76,M76) -> 7276.9516 | AK76: =SUM(K76,O76) -> 5915.7281 | AL76: =SUM(Table6[[#This Row],[No. of Male adults aged 18 - 60]]) -> 4433.2998 | AM76: =Table6[[#This Row],[No. of Female adults aged 18 - 60]] -> 4778.2674 | AN76: =Table6[[#This Row],[No. of Male adults aged over 60]] -> 358.95277 | AO76: =Table6[[#This Row],[No. Female adults aged over 60]] -> 545.42174 | AP76: =SUM(AJ76:AO76) -> 23308.621
A77: Western Equatoria | B77: Mvolo | C77: 3 | D77: 5 | F77: 43379.188 | G77: =Table6[[#This Row],[Overall PiN]]+Table6[[#This Row],[Refugees]] -> 43379.188 | H77: 0.109 | I77: =Table6[[#This Row],[Overall PiN with REFUGEES]]*Table6[[#This Row],[% Male children under 5]] -> 4728.3315 | J77: 0.08 | K77: =Table6[[#This Row],[Overall PiN with REFUGEES]]*Table6[[#This Row],[% Female children under 5]] -> 3470.335 | L77: 0.1934 | M77: =Table6[[#This Row],[Overall PiN with REFUGEES]]*Table6[[#This Row],[% Male children aged 5 - 17 years]] -> 8389.5349 | N77: 0.175 | O77: =Table6[[#This Row],[Overall PiN with REFUGEES]]*Table6[[#This Row],[% Female children aged 5 - 17 years]] -> 7591.3579 | P77: 0.176 | Q77: =Table6[[#This Row],[Overall PiN with REFUGEES]]*Table6[[#This Row],[% Male adults aged 18 - 60]] -> 7634.7371 | R77: 0.198 | S77: =Table6[[#This Row],[Overall PiN with REFUGEES]]*Table6[[#This Row],[% Female adults aged 18 - 60]] -> 8589.0792 | T77: 0.033 | U77: =Table6[[#This Row],[Overall PiN with REFUGEES]]*Table6[[#This Row],[% Male adults aged over 60]] -> 1431.5132 | V77: 0.0356 | W77: =Table6[[#This Row],[Overall PiN with REFUGEES]]*Table6[[#This Row],[% Female adults aged over 60]] -> 1544.2991 | X77: 5820.75 | AI77: Mvolo | AJ77: =SUM(I77,M77) -> 13117.866 | AK77: =SUM(K77,O77) -> 11061.693 | AL77: =SUM(Table6[[#This Row],[No. of Male adults aged 18 - 60]]) -> 7634.7371 | AM77: =Table6[[#This Row],[No. of Female adults aged 18 - 60]] -> 8589.0792 | AN77: =Table6[[#This Row],[No. of Male adults aged over 60]] -> 1431.5132 | AO77: =Table6[[#This Row],[No. Female adults aged over 60]] -> 1544.2991 | AP77: =SUM(AJ77:AO77) -> 43379.188
A78: Western Equatoria | B78: Nagero | C78: 4 | D78: 2 | F78: 38376.997 | G78: =Table6[[#This Row],[Overall PiN]]+Table6[[#This Row],[Refugees]] -> 38376.997 | H78: 0.0601 | I78: =Table6[[#This Row],[Overall PiN with REFUGEES]]*Table6[[#This Row],[% Male children under 5]] -> 2306.4575 | J78: 0.0581 | K78: =Table6[[#This Row],[Overall PiN with REFUGEES]]*Table6[[#This Row],[% Female children under 5]] -> 2229.7035 | L78: 0.176 | M78: =Table6[[#This Row],[Overall PiN with REFUGEES]]*Table6[[#This Row],[% Male children aged 5 - 17 years]] -> 6754.3515 | N78: 0.1438 | O78: =Table6[[#This Row],[Overall PiN with REFUGEES]]*Table6[[#This Row],[% Female children aged 5 - 17 years]] -> 5518.6122 | P78: 0.22 | Q78: =Table6[[#This Row],[Overall PiN with REFUGEES]]*Table6[[#This Row],[% Male adults aged 18 - 60]] -> 8442.9394 | R78: 0.31 | S78: =Table6[[#This Row],[Overall PiN with REFUGEES]]*Table6[[#This Row],[% Female adults aged 18 - 60]] -> 11896.869 | T78: 0.02446 | U78: =Table6[[#This Row],[Overall PiN with REFUGEES]]*Table6[[#This Row],[% Male adults aged over 60]] -> 938.70135 | V78: 0.00754 | W78: =Table6[[#This Row],[Overall PiN with REFUGEES]]*Table6[[#This Row],[% Female adults aged over 60]] -> 289.36256 | X78: 5877.8867 | AI78: Nagero | AJ78: =SUM(I78,M78) -> 9060.8091 | AK78: =SUM(K78,O78) -> 7748.3158 | AL78: =SUM(Table6[[#This Row],[No. of Male adults aged 18 - 60]]) -> 8442.9394 | AM78: =Table6[[#This Row],[No. of Female adults aged 18 - 60]] -> 11896.869 | AN78: =Table6[[#This Row],[No. of Male adults aged over 60]] -> 938.70135 | AO78: =Table6[[#This Row],[No. Female adults aged over 60]] -> 289.36256 | AP78: =SUM(AJ78:AO78) -> 38376.997
A79: Western Equatoria | B79: Nzara | C79: 3 | D79: 5 | F79: 54687.712 | G79: =Table6[[#This Row],[Overall PiN]]+Table6[[#This Row],[Refugees]] -> 54687.712 | H79: 0.0942 | I79: =Table6[[#This Row],[Overall PiN with REFUGEES]]*Table6[[#This Row],[% Male children under 5]] -> 5151.5825 | J79: 0.113 | K79: =Table6[[#This Row],[Overall PiN with REFUGEES]]*Table6[[#This Row],[% Female children under 5]] -> 6179.7114 | L79: 0.1709 | M79: =Table6[[#This Row],[Overall PiN with REFUGEES]]*Table6[[#This Row],[% Male children aged 5 - 17 years]] -> 9346.13 | N79: 0.164 | O79: =Table6[[#This Row],[Overall PiN with REFUGEES]]*Table6[[#This Row],[% Female children aged 5 - 17 years]] -> 8968.7848 | P79: 0.179 | Q79: =Table6[[#This Row],[Overall PiN with REFUGEES]]*Table6[[#This Row],[% Male adults aged 18 - 60]] -> 9789.1004 | R79: 0.216 | S79: =Table6[[#This Row],[Overall PiN with REFUGEES]]*Table6[[#This Row],[% Female adults aged 18 - 60]] -> 11812.546 | T79: 0.0384 | U79: =Table6[[#This Row],[Overall PiN with REFUGEES]]*Table6[[#This Row],[% Male adults aged over 60]] -> 2100.0081 | V79: 0.0245 | W79: =Table6[[#This Row],[Overall PiN with REFUGEES]]*Table6[[#This Row],[% Female adults aged over 60]] -> 1339.8489 | X79: 6124.8219 | AI79: Nzara | AJ79: =SUM(I79,M79) -> 14497.712 | AK79: =SUM(K79,O79) -> 15148.496 | AL79: =SUM(Table6[[#This Row],[No. of Male adults aged 18 - 60]]) -> 9789.1004 | AM79: =Table6[[#This Row],[No. of Female adults aged 18 - 60]] -> 11812.546 | AN79: =Table6[[#This Row],[No. of Male adults aged over 60]] -> 2100.0081 | AO79: =Table6[[#This Row],[No. Female adults aged over 60]] -> 1339.8489 | AP79: =SUM(AJ79:AO79) -> 54687.712
A80: Western Equatoria | B80: Tambura | C80: 4 | D80: 2 | E80: 1848 | F80: 98816.729 | G80: =Table6[[#This Row],[Overall PiN]]+Table6[[#This Row],[Refugees]] -> 100664.73 | H80: 0.1166 | I80: =Table6[[#This Row],[Overall PiN with REFUGEES]]*Table6[[#This Row],[% Male children under 5]] -> 11737.507 | J80: 0.105 | K80: =Table6[[#This Row],[Overall PiN with REFUGEES]]*Table6[[#This Row],[% Female children under 5]] -> 10569.797 | L80: 0.138 | M80: =Table6[[#This Row],[Overall PiN with REFUGEES]]*Table6[[#This Row],[% Male children aged 5 - 17 years]] -> 13891.733 | N80: 0.163 | O80: =Table6[[#This Row],[Overall PiN with REFUGEES]]*Table6[[#This Row],[% Female children aged 5 - 17 years]] -> 16408.351 | P80: 0.203 | Q80: =Table6[[#This Row],[Overall PiN with REFUGEES]]*Table6[[#This Row],[% Male adults aged 18 - 60]] -> 20434.94 | R80: 0.236 | S80: =Table6[[#This Row],[Overall PiN with REFUGEES]]*Table6[[#This Row],[% Female adults aged 18 - 60]] -> 23756.876 | T80: 0.0174 | U80: =Table6[[#This Row],[Overall PiN with REFUGEES]]*Table6[[#This Row],[% Male adults aged over 60]] -> 1751.5663 | V80: 0.021 | W80: =Table6[[#This Row],[Overall PiN with REFUGEES]]*Table6[[#This Row],[% Female adults aged over 60]] -> 2113.9593 | X80: 9343.5965 | AI80: Tambura | AJ80: =SUM(I80,M80) -> 25629.24 | AK80: =SUM(K80,O80) -> 26978.147 | AL80: =SUM(Table6[[#This Row],[No. of Male adults aged 18 - 60]]) -> 20434.94 | AM80: =Table6[[#This Row],[No. of Female adults aged 18 - 60]] -> 23756.876 | AN80: =Table6[[#This Row],[No. of Male adults aged over 60]] -> 1751.5663 | AO80: =Table6[[#This Row],[No. Female adults aged over 60]] -> 2113.9593 | AP80: =SUM(AJ80:AO80) -> 100664.73
A81: Western Equatoria | B81: Yambio | C81: 3 | D81: 5 | E81: 19780 | F81: 106676.82 | G81: =Table6[[#This Row],[Overall PiN]]+Table6[[#This Row],[Refugees]] -> 126456.82 | H81: 0.1021 | I81: =Table6[[#This Row],[Overall PiN with REFUGEES]]*Table6[[#This Row],[% Male children under 5]] -> 12911.241 | J81: 0.102 | K81: =Table6[[#This Row],[Overall PiN with REFUGEES]]*Table6[[#This Row],[% Female children under 5]] -> 12898.595 | L81: 0.17 | M81: =Table6[[#This Row],[Overall PiN with REFUGEES]]*Table6[[#This Row],[% Male children aged 5 - 17 years]] -> 21497.659 | N81: 0.146 | O81: =Table6[[#This Row],[Overall PiN with REFUGEES]]*Table6[[#This Row],[% Female children aged 5 - 17 years]] -> 18462.695 | P81: 0.223 | Q81: =Table6[[#This Row],[Overall PiN with REFUGEES]]*Table6[[#This Row],[% Male adults aged 18 - 60]] -> 28199.87 | R81: 0.224 | S81: =Table6[[#This Row],[Overall PiN with REFUGEES]]*Table6[[#This Row],[% Female adults aged 18 - 60]] -> 28326.327 | T81: 0.0132 | U81: =Table6[[#This Row],[Overall PiN with REFUGEES]]*Table6[[#This Row],[% Male adults aged over 60]] -> 1669.23 | V81: 0.0197 | W81: =Table6[[#This Row],[Overall PiN with REFUGEES]]*Table6[[#This Row],[% Female adults aged over 60]] -> 2491.1993 | X81: 10471.879 | AI81: Yambio | AJ81: =SUM(I81,M81) -> 34408.9 | AK81: =SUM(K81,O81) -> 31361.291 | AL81: =SUM(Table6[[#This Row],[No. of Male adults aged 18 - 60]]) -> 28199.87 | AM81: =Table6[[#This Row],[No. of Female adults aged 18 - 60]] -> 28326.327 | AN81: =Table6[[#This Row],[No. of Male adults aged over 60]] -> 1669.23 | AO81: =Table6[[#This Row],[No. Female adults aged over 60]] -> 2491.1993 | AP81: =SUM(AJ81:AO81) -> 126456.82

Sheet County-SADD-Target(1&2)50% (3)
